pair,date,hedge_ratio,spread,zscore
RIO.L/ANTO.L,2018-01-02,3.91990278281075,47.66073916678124,
RIO.L/ANTO.L,2018-01-03,3.99083195004574,77.55355535144417,
RIO.L/ANTO.L,2018-01-04,4.000849636136727,23.916009545774614,
RIO.L/ANTO.L,2018-01-05,4.003537655574081,12.02759747212076,
RIO.L/ANTO.L,2018-01-08,4.011030841488748,33.349442976978935,
RIO.L/ANTO.L,2018-01-09,4.0214907665328345,55.02592247296434,
RIO.L/ANTO.L,2018-01-10,4.019708772172407,-6.293819278782394,
RIO.L/ANTO.L,2018-01-11,4.022234213422456,20.9935264916503,
RIO.L/ANTO.L,2018-01-12,4.021932531457166,1.700765032786876,
RIO.L/ANTO.L,2018-01-15,4.019261142216165,-19.122262970239717,
RIO.L/ANTO.L,2018-01-16,4.016343544817296,-25.06878368351272,
RIO.L/ANTO.L,2018-01-17,4.012121079491233,-42.52092462369319,
RIO.L/ANTO.L,2018-01-18,4.010809311980879,-11.83994544062034,
RIO.L/ANTO.L,2018-01-19,4.011482391827694,12.845971578373337,
RIO.L/ANTO.L,2018-01-22,4.010650312507655,-7.709786847290616,
RIO.L/ANTO.L,2018-01-23,4.013195169056182,43.4360638539365,
RIO.L/ANTO.L,2018-01-24,4.015951212637724,49.67455319851524,
RIO.L/ANTO.L,2018-01-25,4.021816186058405,107.85868785614639,
RIO.L/ANTO.L,2018-01-26,4.028764650778061,134.381846706347,
RIO.L/ANTO.L,2018-01-29,4.036945884394339,163.04555985359093,
RIO.L/ANTO.L,2018-01-30,4.044282565982018,156.00013678651476,
RIO.L/ANTO.L,2018-01-31,4.050277831145357,134.22774589000664,
RIO.L/ANTO.L,2018-02-01,4.057617711726866,171.59483791034654,
RIO.L/ANTO.L,2018-02-02,4.06648104805871,218.87229896005738,
RIO.L/ANTO.L,2018-02-05,4.0723621979854565,149.18531824596676,
RIO.L/ANTO.L,2018-02-06,4.07642617907926,108.28400745982754,
RIO.L/ANTO.L,2018-02-07,4.0833778154689915,190.97135935406368,
RIO.L/ANTO.L,2018-02-08,4.08870980964036,155.69701562385626,
RIO.L/ANTO.L,2018-02-09,4.094885448533845,184.84730511244334,
RIO.L/ANTO.L,2018-02-12,4.102775754210089,238.39006707319095,
RIO.L/ANTO.L,2018-02-13,4.111831973358152,279.62601161263456,
RIO.L/ANTO.L,2018-02-14,4.119440714601062,234.92088968251983,
RIO.L/ANTO.L,2018-02-15,4.127776478625419,259.4301799054433,
RIO.L/ANTO.L,2018-02-16,4.137003153525562,300.1314465192927,
RIO.L/ANTO.L,2018-02-19,4.146261469181411,314.4818152637986,
RIO.L/ANTO.L,2018-02-20,4.153736295299994,261.95961105701826,
RIO.L/ANTO.L,2018-02-21,4.160640797175546,245.44516725973153,
RIO.L/ANTO.L,2018-02-22,4.167393896230898,245.49062458404887,
RIO.L/ANTO.L,2018-02-23,4.173521965588213,228.6149851389473,
RIO.L/ANTO.L,2018-02-26,4.179754703826986,234.23350289716336,
RIO.L/ANTO.L,2018-02-27,4.185917104631543,238.12603148298558,
RIO.L/ANTO.L,2018-02-28,4.1922931983370075,261.38775487765224,
RIO.L/ANTO.L,2018-03-01,4.196210545558906,167.45803093348468,
RIO.L/ANTO.L,2018-03-02,4.1981235444978475,86.7178093582238,
RIO.L/ANTO.L,2018-03-05,4.199361836068178,57.204403498431475,
RIO.L/ANTO.L,2018-03-06,4.19973175089677,19.903905929795656,
RIO.L/ANTO.L,2018-03-07,4.200670868714865,45.140701785459896,
RIO.L/ANTO.L,2018-03-08,4.201104521018997,23.550978390529963,
RIO.L/ANTO.L,2018-03-09,4.200002391210358,-44.42240893209828,
RIO.L/ANTO.L,2018-03-12,4.19926679597854,-29.03826753958674,
RIO.L/ANTO.L,2018-03-13,4.196110667973093,-136.4154638992227,
RIO.L/ANTO.L,2018-03-14,4.190043679463965,-261.4479464888691,
RIO.L/ANTO.L,2018-03-15,4.183282339519076,-292.7744397266338,
RIO.L/ANTO.L,2018-03-16,4.175986562023098,-319.4288276364059,
RIO.L/ANTO.L,2018-03-19,4.168500760420683,-341.77033007256114,
RIO.L/ANTO.L,2018-03-20,4.162310953702315,-286.75136373756914,
RIO.L/ANTO.L,2018-03-21,4.15497294564317,-336.42413808818355,
RIO.L/ANTO.L,2018-03-22,4.147189313902348,-371.33568462584026,
RIO.L/ANTO.L,2018-03-23,4.1401853531181105,-342.4392339536639,
RIO.L/ANTO.L,2018-03-26,4.13337860985344,-339.96819657409605,-2.0638177944744043
RIO.L/ANTO.L,2018-03-27,4.1268651049077345,-325.14360379920845,-1.8903722624860888
RIO.L/ANTO.L,2018-03-28,4.122203144413691,-244.61698647496178,-1.4209190714310913
RIO.L/ANTO.L,2018-03-29,4.118463298975058,-195.69217707990128,-1.1404970572242736
RIO.L/ANTO.L,2018-04-03,4.114870429943178,-189.43585590792236,-1.081176977400997
RIO.L/ANTO.L,2018-04-04,4.111524155022605,-183.10827548749103,-1.022387102379011
RIO.L/ANTO.L,2018-04-05,4.107948983719191,-191.9111884673075,-1.036002141526427
RIO.L/ANTO.L,2018-04-06,4.10413478024778,-211.09288224320107,-1.1015401615893918
RIO.L/ANTO.L,2018-04-09,4.101411088710557,-152.00846552494386,-0.7973560460044277
RIO.L/ANTO.L,2018-04-10,4.0976189402082985,-206.16595250042838,-1.0316819455838726
RIO.L/ANTO.L,2018-04-11,4.094280558490067,-183.75541612371353,-0.9054599682356785
RIO.L/ANTO.L,2018-04-12,4.091612604782937,-148.01577191700608,-0.7234338053926277
RIO.L/ANTO.L,2018-04-13,4.0901232500959175,-82.46350752242779,-0.41089682201128175
RIO.L/ANTO.L,2018-04-16,4.088389463193176,-98.77653104773572,-0.47995744395960993
RIO.L/ANTO.L,2018-04-17,4.086539148266089,-105.3340219529664,-0.5004434134226998
RIO.L/ANTO.L,2018-04-18,4.086290338506263,-10.382796633712132,-0.054956082896456315
RIO.L/ANTO.L,2018-04-19,4.086300713029823,4.710424138185772,0.018856494335866416
RIO.L/ANTO.L,2018-04-20,4.0874963252135075,76.65605251896386,0.3540262198206685
RIO.L/ANTO.L,2018-04-23,4.087838978180087,25.03568433010423,0.11873716397149367
RIO.L/ANTO.L,2018-04-24,4.0871793586071625,-35.739792909324024,-0.15394804294249248
RIO.L/ANTO.L,2018-04-25,4.086877064994103,-14.691352390406337,-0.041001892577642675
RIO.L/ANTO.L,2018-04-26,4.08748736625493,42.74005928885981,0.2411619091316194
RIO.L/ANTO.L,2018-04-27,4.08837668885796,60.775928181805284,0.3338379394636951
RIO.L/ANTO.L,2018-04-30,4.087593994007751,-45.30558883405138,-0.1563317339442075
RIO.L/ANTO.L,2018-05-01,4.087184250918003,-22.37811173019736,-0.027159866331795623
RIO.L/ANTO.L,2018-05-02,4.087209692779921,5.717666973671385,0.12155778871979259
RIO.L/ANTO.L,2018-05-03,4.086579843325046,-36.33799329090334,-0.07226854936897131
RIO.L/ANTO.L,2018-05-04,4.086326305186101,-12.132003781850472,0.06349850099994682
RIO.L/ANTO.L,2018-05-08,4.0854579289433035,-52.15459834317835,-0.1180996999817547
RIO.L/ANTO.L,2018-05-09,4.084919912144069,-30.39439754972136,0.008191132920991837
RIO.L/ANTO.L,2018-05-10,4.083774579885344,-68.15793104509612,-0.15851811526303217
RIO.L/ANTO.L,2018-05-11,4.082729766515166,-62.155241339504755,-0.10104270616782654
RIO.L/ANTO.L,2018-05-14,4.0818131162352564,-54.492555198739865,-0.0364294718172165
RIO.L/ANTO.L,2018-05-15,4.0805247157066225,-78.81675192983039,-0.1391758707678316
RIO.L/ANTO.L,2018-05-16,4.080057983068699,-25.779271866485033,0.18559029453536247
RIO.L/ANTO.L,2018-05-17,4.078866413760877,-71.99617974009652,-0.04005197972569151
RIO.L/ANTO.L,2018-05-18,4.077314854075591,-95.84501981173071,-0.14967823881305545
RIO.L/ANTO.L,2018-05-21,4.076035405451768,-78.45214511218546,-0.012059164708211615
RIO.L/ANTO.L,2018-05-22,4.074777481320739,-77.5379300906261,0.028355235716638526
RIO.L/ANTO.L,2018-05-23,4.073365473061678,-91.12786285678249,-0.02617073968452571
RIO.L/ANTO.L,2018-05-24,4.071874547872522,-97.94861939042494,-0.036304769654249426
RIO.L/ANTO.L,2018-05-25,4.07113412395189,-47.3747638939858,0.3690453557325739
RIO.L/ANTO.L,2018-05-29,4.070426479055857,-46.08256042472294,0.443033091747634
RIO.L/ANTO.L,2018-05-30,4.069976705645084,-27.840735266071533,0.6341976660404793
RIO.L/ANTO.L,2018-05-31,4.06895825548423,-68.43233539672292,0.3322408581068685
RIO.L/ANTO.L,2018-06-01,4.067704829760839,-84.44360548807799,0.2226031403471232
RIO.L/ANTO.L,2018-06-04,4.066052597415914,-112.1065436372719,0.008108494566827992
RIO.L/ANTO.L,2018-06-05,4.063159587318419,-195.73491465436382,-0.6779785004727054
RIO.L/ANTO.L,2018-06-06,4.060261759634953,-191.73131850958453,-0.6184040352610929
RIO.L/ANTO.L,2018-06-07,4.0576863266522265,-173.82779623836177,-0.4447857062039137
RIO.L/ANTO.L,2018-06-08,4.056866548942239,-54.9732498140047,0.5969676994660326
RIO.L/ANTO.L,2018-06-11,4.056383951259432,-31.157125226551216,0.7857371259283138
RIO.L/ANTO.L,2018-06-12,4.056825080986545,37.29698951195223,1.3342843181934574
RIO.L/ANTO.L,2018-06-13,4.056653184884333,-8.78684583883387,0.9055593776183773
RIO.L/ANTO.L,2018-06-14,4.057412349730423,62.15307727443724,1.4883379160249208
RIO.L/ANTO.L,2018-06-15,4.058087128865517,58.26871108078194,1.4251815906548937
RIO.L/ANTO.L,2018-06-18,4.0592904141412935,101.3639188697116,1.7549212484675614
RIO.L/ANTO.L,2018-06-19,4.059589479624193,28.765346785562997,1.0778442708059603
RIO.L/ANTO.L,2018-06-20,4.059732997826112,15.936762849898969,0.9505088333463392
RIO.L/ANTO.L,2018-06-21,4.0595770106186855,-8.8574986425524,0.6879592293672382
RIO.L/ANTO.L,2018-06-22,4.059396154969112,-10.694679305441241,0.6543395343660364
RIO.L/ANTO.L,2018-06-25,4.05918061352101,-14.205619982461485,0.599466480863319
RIO.L/ANTO.L,2018-06-26,4.059504594680652,31.547093059765302,1.1359008656711986
RIO.L/ANTO.L,2018-06-27,4.060377973365669,77.83775717758226,1.6627042023284306
RIO.L/ANTO.L,2018-06-28,4.062406053122541,180.71917494082345,2.753764800311904
RIO.L/ANTO.L,2018-06-29,4.064198987726033,159.36012127635968,2.3626477472309197
RIO.L/ANTO.L,2018-07-02,4.065898881691615,156.92861509114618,2.226648169896738
RIO.L/ANTO.L,2018-07-03,4.066934815432152,96.23939086009796,1.4939119637745313
RIO.L/ANTO.L,2018-07-04,4.0680764923812704,108.76197528936927,1.582117097283693
RIO.L/ANTO.L,2018-07-05,4.069597927440465,142.63235543691871,1.92013986097746
RIO.L/ANTO.L,2018-07-06,4.071827509670741,209.54249692648227,2.5553486624568937
RIO.L/ANTO.L,2018-07-09,4.073653073785417,167.18147768957442,1.983354051395094
RIO.L/ANTO.L,2018-07-10,4.0755724455350695,177.24740930051712,1.9882342012342045
RIO.L/ANTO.L,2018-07-11,4.077412496662231,175.94263796725636,1.8814255655431757
RIO.L/ANTO.L,2018-07-12,4.0788446722424565,136.9409333414569,1.413437552545871
RIO.L/ANTO.L,2018-07-13,4.080597638461291,167.54606328096224,1.6649686668995944
RIO.L/ANTO.L,2018-07-16,4.0821201617031075,147.30132547167977,1.4067190144894066
RIO.L/ANTO.L,2018-07-17,4.083589854782638,139.659171418577,1.304371314246317
RIO.L/ANTO.L,2018-07-18,4.085286481252193,159.95572410868772,1.4584104982456574
RIO.L/ANTO.L,2018-07-19,4.087379039387761,201.42054380912623,1.780927455472879
RIO.L/ANTO.L,2018-07-20,4.0896458585931725,218.4492060884577,1.8513306648975112
RIO.L/ANTO.L,2018-07-23,4.091625961145484,191.6096399536732,1.5457751045298
RIO.L/ANTO.L,2018-07-24,4.094290539051199,248.49750557183006,1.969508002648783
RIO.L/ANTO.L,2018-07-25,4.095752559074376,137.76367716431923,0.9602844331708448
RIO.L/ANTO.L,2018-07-26,4.097189600739573,136.0884684134412,0.917217056409648
RIO.L/ANTO.L,2018-07-27,4.098396546598747,114.6427948466694,0.711084958997138
RIO.L/ANTO.L,2018-07-30,4.099410842272578,97.1404793234351,0.539678750258139
RIO.L/ANTO.L,2018-07-31,4.100099629269152,66.25390573013829,0.2594531596996962
RIO.L/ANTO.L,2018-08-01,4.100238939540874,16.99522620213429,-0.1809864459275078
RIO.L/ANTO.L,2018-08-02,4.100124458779619,-6.857903476603042,-0.3941116268157949
RIO.L/ANTO.L,2018-08-03,4.100504929383723,40.2318207616363,0.0033822659680716816
RIO.L/ANTO.L,2018-08-06,4.10088459472149,40.8728539254671,-0.006178115294236199
RIO.L/ANTO.L,2018-08-07,4.100997470536785,14.866301463232503,-0.24954862378592063
RIO.L/ANTO.L,2018-08-08,4.100844452748927,-10.46931868701813,-0.4907501127186623
RIO.L/ANTO.L,2018-08-09,4.099235357815185,-146.72487566962354,-1.667656820898863
RIO.L/ANTO.L,2018-08-10,4.097620566590972,-150.38674716171408,-1.6623685486631394
RIO.L/ANTO.L,2018-08-13,4.096598581813676,-94.70483208806172,-1.1779532746736527
RIO.L/ANTO.L,2018-08-14,4.0977837325738475,127.43341506410388,0.7301217972211048
RIO.L/ANTO.L,2018-08-15,4.099617505650322,206.42222165827843,1.3707492655844753
RIO.L/ANTO.L,2018-08-16,4.101540822830631,214.285581577627,1.389262439370986
RIO.L/ANTO.L,2018-08-17,4.1041648765119785,296.4432914316676,2.0017870654224725
RIO.L/ANTO.L,2018-08-20,4.1068338229543615,300.75198458033583,1.9376780034954229
RIO.L/ANTO.L,2018-08-21,4.109286011927099,278.88227370374807,1.682499414917944
RIO.L/ANTO.L,2018-08-22,4.112131967339547,324.4143439224299,1.9486977722913899
RIO.L/ANTO.L,2018-08-23,4.115021522500087,333.5857842080072,1.9263510398681258
RIO.L/ANTO.L,2018-08-24,4.117450872235476,271.28833964059186,1.3962456186245227
RIO.L/ANTO.L,2018-08-28,4.119829558139993,261.28065599084493,1.2801616929205981
RIO.L/ANTO.L,2018-08-29,4.122342778024411,280.60102109678974,1.4087003174032378
RIO.L/ANTO.L,2018-08-30,4.124781135680592,275.0419582682098,1.3481959265869594
RIO.L/ANTO.L,2018-08-31,4.127551716984234,318.56746538430707,1.6829375347956514
RIO.L/ANTO.L,2018-09-03,4.130089087818145,290.2786784452592,1.3972712658471438
RIO.L/ANTO.L,2018-09-04,4.132459422148349,276.3336006784971,1.2378603599711178
RIO.L/ANTO.L,2018-09-05,4.134675494893104,257.71209948357864,1.0436819068601295
RIO.L/ANTO.L,2018-09-06,4.137347199630683,317.2339928769088,1.4930756839930912
RIO.L/ANTO.L,2018-09-07,4.1406957404252775,412.8887306995389,2.1658819655421593
RIO.L/ANTO.L,2018-09-10,4.144044425164794,411.40292726168764,2.038187861635896
RIO.L/ANTO.L,2018-09-11,4.147287088135408,400.3664725928079,1.8571491966205713
RIO.L/ANTO.L,2018-09-12,4.150362807252069,370.09567435832105,1.5620793038770147
RIO.L/ANTO.L,2018-09-13,4.153227439010973,338.5680627044567,1.2794739221869327
RIO.L/ANTO.L,2018-09-14,4.155985369123289,320.4664385004439,1.107714669794274
RIO.L/ANTO.L,2018-09-17,4.159045001753184,358.0556170862951,1.3461091801824059
RIO.L/ANTO.L,2018-09-18,4.161738559442936,309.92953498277666,0.9525504334226206
RIO.L/ANTO.L,2018-09-19,4.163771481844622,221.89161882045573,0.25972508055073595
RIO.L/ANTO.L,2018-09-20,4.165902297822429,226.73156309005935,0.2794865649857306
RIO.L/ANTO.L,2018-09-21,4.16757447530744,171.46789271480475,-0.14808052158738305
RIO.L/ANTO.L,2018-09-24,4.170026076725836,256.37399043808864,0.49724962575317894
RIO.L/ANTO.L,2018-09-25,4.172812303492703,289.9910839336735,0.7374384622538854
RIO.L/ANTO.L,2018-09-26,4.175369814698732,270.52948185579544,0.5661507486130634
RIO.L/ANTO.L,2018-09-27,4.178081347101617,288.93067896115326,0.6851846306629846
RIO.L/ANTO.L,2018-09-28,4.180794423679855,289.1008702390218,0.6662121347848259
RIO.L/ANTO.L,2018-10-01,4.182968600104475,231.28143956494978,0.21730243343451935
RIO.L/ANTO.L,2018-10-02,4.18531419062412,247.23910399937904,0.32997536847972314
RIO.L/ANTO.L,2018-10-03,4.187415218336403,218.7753464204652,0.1052390568222727
RIO.L/ANTO.L,2018-10-04,4.189526273082101,221.0878218838625,0.11730642347633156
RIO.L/ANTO.L,2018-10-05,4.191898810633519,262.0882480169603,0.41787525342152704
RIO.L/ANTO.L,2018-10-08,4.194636204831758,306.65274281677193,0.7411476344848104
RIO.L/ANTO.L,2018-10-09,4.197480913330463,313.7114699648082,0.7716834233214661
RIO.L/ANTO.L,2018-10-10,4.2005349063595245,355.73575014363087,1.0588042259670518
RIO.L/ANTO.L,2018-10-11,4.2037978138397,384.9587799056758,1.2380635633675852
RIO.L/ANTO.L,2018-10-12,4.206965957128416,366.46287513511015,1.067746214769297
RIO.L/ANTO.L,2018-10-15,4.210485256169568,403.4795006018376,1.3011810925650258
RIO.L/ANTO.L,2018-10-16,4.213925736047721,393.01610843148546,1.1857541539543777
RIO.L/ANTO.L,2018-10-17,4.217667238458823,423.8319932805425,1.365872510275895
RIO.L/ANTO.L,2018-10-18,4.221740005877393,477.0835974969714,1.6707554114089525
RIO.L/ANTO.L,2018-10-19,4.225296133750396,416.18345413338375,1.2023070467659276
RIO.L/ANTO.L,2018-10-22,4.228859081500955,413.52472663455364,1.1440980456833831
RIO.L/ANTO.L,2018-10-23,4.232325387199819,410.7424911262965,1.0878337261255677
RIO.L/ANTO.L,2018-10-24,4.236420148047655,503.1017922844658,1.6584871898210103
RIO.L/ANTO.L,2018-10-25,4.240409262223196,477.16274369192206,1.4378600793664464
RIO.L/ANTO.L,2018-10-26,4.244461183456202,483.9371326135224,1.447418974845142
RIO.L/ANTO.L,2018-10-29,4.248666231501473,494.15336763888627,1.4729315180909393
RIO.L/ANTO.L,2018-10-30,4.252710223939826,474.70542198911926,1.3000993133382543
RIO.L/ANTO.L,2018-10-31,4.256660162245893,446.5048044140508,1.0751007550668452
RIO.L/ANTO.L,2018-11-01,4.259888568311646,350.29170286262024,0.3492149972666405
RIO.L/ANTO.L,2018-11-02,4.262754142613356,308.0378662906005,-0.031598932748502805
RIO.L/ANTO.L,2018-11-05,4.266890999808752,452.65700729864875,1.2744794541878035
RIO.L/ANTO.L,2018-11-06,4.27091580693526,447.09331866280627,1.317757927095311
RIO.L/ANTO.L,2018-11-07,4.275198085994038,470.3202493778258,1.5573221382031184
RIO.L/ANTO.L,2018-11-08,4.279469837797908,461.77972438832103,1.412142142023334
RIO.L/ANTO.L,2018-11-09,4.283866643361784,499.12153900137037,1.7769331264348722
RIO.L/ANTO.L,2018-11-12,4.288880941160741,575.8645395524877,2.4761802352865825
RIO.L/ANTO.L,2018-11-13,4.293434969191606,520.7706832553658,1.7848906769503103
RIO.L/ANTO.L,2018-11-14,4.2970676585093965,420.56125816933536,0.688850337597335
RIO.L/ANTO.L,2018-11-15,4.3003269386729635,361.2772540990254,0.04730580658490424
RIO.L/ANTO.L,2018-11-16,4.304042316695047,403.58195579154244,0.4876430877264904
RIO.L/ANTO.L,2018-11-19,4.307431729130046,367.07876615943906,0.08035713623254653
RIO.L/ANTO.L,2018-11-20,4.310715744023387,363.92020528310104,0.02811398880251063
RIO.L/ANTO.L,2018-11-21,4.313315593810633,278.7899763974642,-0.8984897005164082
RIO.L/ANTO.L,2018-11-22,4.315693070475518,259.93918023968354,-1.0978849714991115
RIO.L/ANTO.L,2018-11-23,4.317498040323361,202.19780516849505,-1.6655778270991604
RIO.L/ANTO.L,2018-11-26,4.318701277201519,134.03596719841516,-2.2650407119854927
RIO.L/ANTO.L,2018-11-27,4.320235873135752,175.5185228680084,-1.7850411729188507
RIO.L/ANTO.L,2018-11-28,4.320820482705641,67.14181409342427,-2.673690195398102
RIO.L/ANTO.L,2018-11-29,4.320689637328529,-9.413602262995028,-3.062653770857301
RIO.L/ANTO.L,2018-11-30,4.321439698431,85.5570909367184,-2.117198518400412
RIO.L/ANTO.L,2018-12-03,4.32096862253289,-43.20495408520446,-2.8965668056239675
RIO.L/ANTO.L,2018-12-04,4.321975409652836,109.14222963750444,-1.6505177364187038
RIO.L/ANTO.L,2018-12-05,4.3228754314260645,99.79061336412451,-1.6484380287847495
RIO.L/ANTO.L,2018-12-06,4.32469426268492,212.06726510986755,-0.8023772673367762
RIO.L/ANTO.L,2018-12-07,4.326597306441993,217.28808679636995,-0.7479559196495561
RIO.L/ANTO.L,2018-12-10,4.32920805115824,310.1755379004144,-0.0657314019015348
RIO.L/ANTO.L,2018-12-11,4.331611100358513,272.77647803451964,-0.33344181864433753
RIO.L/ANTO.L,2018-12-12,4.334061204253966,272.5987372776244,-0.3420083554183125
RIO.L/ANTO.L,2018-12-13,4.336532556927672,272.9950863357485,-0.34575855652312776
RIO.L/ANTO.L,2018-12-14,4.3390546897744935,284.23244809407015,-0.27989551663111184
RIO.L/ANTO.L,2018-12-17,4.341696456117376,290.66070256133753,-0.23694171497419808
RIO.L/ANTO.L,2018-12-18,4.344965336934991,370.4698893970658,0.34419999669993717
RIO.L/ANTO.L,2018-12-19,4.348476636486018,389.27790127060825,0.46855538685535536
RIO.L/ANTO.L,2018-12-20,4.352268554081856,435.7190027822535,0.7903635950459796
RIO.L/ANTO.L,2018-12-21,4.356107936245614,433.8267669981442,0.7554658541082927
RIO.L/ANTO.L,2018-12-24,4.359608280448087,394.12043358328947,0.445631976539148
RIO.L/ANTO.L,2018-12-27,4.362969734795307,384.6478919282913,0.359960936408213
RIO.L/ANTO.L,2018-12-28,4.365995864459144,336.70368348097827,-0.008078137376393124
RIO.L/ANTO.L,2018-12-31,4.368631198238679,292.76556089787573,-0.3448860220600948
RIO.L/ANTO.L,2019-01-02,4.3713548336124015,307.2120413581956,-0.24327088953584328
RIO.L/ANTO.L,2019-01-03,4.37475542196394,398.8179988013894,0.42990848273363097
RIO.L/ANTO.L,2019-01-04,4.377823396374448,338.1992855015983,-0.026037752099738923
RIO.L/ANTO.L,2019-01-07,4.3803352285463335,269.47896545970843,-0.5276730797643239
RIO.L/ANTO.L,2019-01-08,4.382953767568029,279.3062324712723,-0.44094834871227045
RIO.L/ANTO.L,2019-01-09,4.38466792118249,177.2703768551164,-1.1643339832363129
RIO.L/ANTO.L,2019-01-10,4.386265665960357,166.195180134187,-1.20410353623869
RIO.L/ANTO.L,2019-01-11,4.388005060072851,182.2225459257429,-1.0532953147584458
RIO.L/ANTO.L,2019-01-14,4.3905252383280295,269.1581235830199,-0.4070349643171531
RIO.L/ANTO.L,2019-01-15,4.392956919385204,256.2057674873017,-0.4783544616793952
RIO.L/ANTO.L,2019-01-16,4.395267670342542,244.60123671264228,-0.5431823178448385
RIO.L/ANTO.L,2019-01-17,4.397714910854709,258.7222934988663,-0.42193902202447614
RIO.L/ANTO.L,2019-01-18,4.399153922942964,148.421296015832,-1.1902532308677476
RIO.L/ANTO.L,2019-01-21,4.401618032167535,258.5595938958554,-0.3638738213171292
RIO.L/ANTO.L,2019-01-22,4.403907854868794,245.51795560498704,-0.43708832002994574
RIO.L/ANTO.L,2019-01-23,4.40589261366731,216.70313112535723,-0.6274245023105344
RIO.L/ANTO.L,2019-01-24,4.408017469800354,232.55642715975546,-0.48227960984566043
RIO.L/ANTO.L,2019-01-25,4.410041004803587,213.87289835504998,-0.6011268551095454
RIO.L/ANTO.L,2019-01-28,4.4132089308800895,338.1044526578121,0.38963134375330766
RIO.L/ANTO.L,2019-01-29,4.417319443127418,433.43612966294995,1.1232754655910455
RIO.L/ANTO.L,2019-01-30,4.4214977400847895,434.48669994629154,1.1034062663999424
RIO.L/ANTO.L,2019-01-31,4.42471294021833,321.2513103449455,0.24432992084755195
RIO.L/ANTO.L,2019-02-01,4.427764078659544,300.75382549592587,0.10363421355021807
RIO.L/ANTO.L,2019-02-04,4.431224085412971,341.54586606871953,0.45345974206563144
RIO.L/ANTO.L,2019-02-05,4.434483319858255,317.817855061362,0.285429383746758
RIO.L/ANTO.L,2019-02-06,4.437661856082799,310.5095841677212,0.25809073579390934
RIO.L/ANTO.L,2019-02-07,4.4412720583679866,360.17949155998986,0.7478698192057723
RIO.L/ANTO.L,2019-02-08,4.444996088797806,373.5648192658109,0.921481349011921
RIO.L/ANTO.L,2019-02-11,4.450090624747202,528.6376558186216,2.2701713056482196
RIO.L/ANTO.L,2019-02-12,4.455287412615801,540.6233084615478,2.256868581922269
RIO.L/ANTO.L,2019-02-13,4.460090314596978,485.8684913863549,1.743457685341122
RIO.L/ANTO.L,2019-02-14,4.464624663537674,457.18880841528517,1.466671251861645
RIO.L/ANTO.L,2019-02-15,4.469381027606939,476.50010391243904,1.5835957800796407
RIO.L/ANTO.L,2019-02-18,4.473590496245484,420.20695932954413,1.0908767107220894
RIO.L/ANTO.L,2019-02-19,4.477647238297613,400.2053885100263,0.9033426073825812
RIO.L/ANTO.L,2019-02-20,4.480179992220271,239.73459462884512,-0.3976212414501567
RIO.L/ANTO.L,2019-02-21,4.482360645737412,208.78510710358296,-0.6646707802807066
RIO.L/ANTO.L,2019-02-22,4.48452609265543,204.14887102007287,-0.7087696755467591
RIO.L/ANTO.L,2019-02-25,4.485288464913117,73.28363228826674,-1.78528232532233
RIO.L/ANTO.L,2019-02-26,4.485492567280377,22.69686536095469,-2.2284343291839472
RIO.L/ANTO.L,2019-02-27,4.486326725486794,80.33999733786095,-1.7471553164955764
RIO.L/ANTO.L,2019-02-28,4.487495953458622,114.34910158278035,-1.5625031710385309
RIO.L/ANTO.L,2019-03-01,4.488566484068002,104.56100458855508,-1.6452668592826154
RIO.L/ANTO.L,2019-03-04,4.490110904403934,149.52757708181798,-1.275182399656453
RIO.L/ANTO.L,2019-03-05,4.4916258510758,145.41487727546973,-1.2886719019779236
RIO.L/ANTO.L,2019-03-06,4.492821735727548,114.2055693379225,-1.5201331093102102
RIO.L/ANTO.L,2019-03-07,4.490758274305846,-187.17167167885873,-3.562931915331641
RIO.L/ANTO.L,2019-03-08,4.490302066276213,-39.95781363400056,-2.2968590032757983
RIO.L/ANTO.L,2019-03-11,4.489384879340164,-83.13788585268139,-2.431567596292456
RIO.L/ANTO.L,2019-03-12,4.489211664771404,-12.523587140834024,-1.858016372566523
RIO.L/ANTO.L,2019-03-13,4.488918290443925,-24.004786021179825,-1.843793576022984
RIO.L/ANTO.L,2019-03-14,4.4891318022052165,25.076534789869584,-1.4714700589107426
RIO.L/ANTO.L,2019-03-15,4.488998192252378,-8.825056679078443,-1.6153620011378926
RIO.L/ANTO.L,2019-03-18,4.489314625455876,34.57113658677372,-1.2985555545102951
RIO.L/ANTO.L,2019-03-19,4.488803488414861,-43.607844477210165,-1.7064578992686843
RIO.L/ANTO.L,2019-03-20,4.487597142576562,-109.74844985731397,-2.004903464805047
RIO.L/ANTO.L,2019-03-21,4.4863072643161495,-115.50055693808918,-1.9392535717426134
RIO.L/ANTO.L,2019-03-22,4.48638117807408,11.369211533378802,-1.1656740841450721
RIO.L/ANTO.L,2019-03-25,4.487113189616682,75.2208338757464,-0.7725279971673349
RIO.L/ANTO.L,2019-03-26,4.487816283422114,72.26533065643798,-0.7660069238982046
RIO.L/ANTO.L,2019-03-27,4.489534424155782,174.05215644515465,-0.17035906065125056
RIO.L/ANTO.L,2019-03-28,4.491336187710953,180.78854536973904,-0.11197270783411914
RIO.L/ANTO.L,2019-03-29,4.492413599160253,106.2500102176109,-0.5242142300131825
RIO.L/ANTO.L,2019-04-01,4.493282121498096,84.29953604487946,-0.6329572470490727
RIO.L/ANTO.L,2019-04-02,4.494511644225682,117.7775009949537,-0.42282082549785854
RIO.L/ANTO.L,2019-04-03,4.496138105410938,154.95844149799996,-0.20417535161092007
RIO.L/ANTO.L,2019-04-04,4.497826382113212,163.1995232688123,-0.15592426201714343
RIO.L/ANTO.L,2019-04-05,4.4997536599513595,183.91274940837866,-0.0355661005329567
RIO.L/ANTO.L,2019-04-08,4.502002223288265,213.32800568598122,0.1412394667841491
RIO.L/ANTO.L,2019-04-09,4.503856804218919,175.79147342501255,-0.06981308002350824
RIO.L/ANTO.L,2019-04-10,4.505408729028632,145.80977278478895,-0.23528166037094222
RIO.L/ANTO.L,2019-04-11,4.507346632702972,185.0506429725947,0.000997557389207848
RIO.L/ANTO.L,2019-04-12,4.508883963380626,144.96720415417713,-0.23303950717929636
RIO.L/ANTO.L,2019-04-15,4.510597034950757,164.61164725006347,-0.10918404614951224
RIO.L/ANTO.L,2019-04-16,4.5119738082939715,133.40252585780672,-0.2811309705938031
RIO.L/ANTO.L,2019-04-17,4.511275494707177,-60.464762263174634,-1.3677810179070575
RIO.L/ANTO.L,2019-04-18,4.511577014631194,32.44619684648387,-0.8089928813882861
RIO.L/ANTO.L,2019-04-23,4.513808519920007,221.01585953671656,0.27229970692145866
RIO.L/ANTO.L,2019-04-24,4.515910046691133,212.22359574272286,0.2355991063376642
RIO.L/ANTO.L,2019-04-25,4.519024176249765,321.9143193254722,0.8919687687468129
RIO.L/ANTO.L,2019-04-26,4.52205814040411,313.3671820499658,0.8663537128999431
RIO.L/ANTO.L,2019-04-29,4.524743073906429,278.18619972608394,0.6638278646523258
RIO.L/ANTO.L,2019-04-30,4.527919718778915,336.81740610569705,1.0065429062118927
RIO.L/ANTO.L,2019-05-01,4.5315861932481685,396.6908765584835,1.3480031106662205
RIO.L/ANTO.L,2019-05-02,4.535157624074935,394.12984141395964,1.3143395825926816
RIO.L/ANTO.L,2019-05-03,4.538837861016559,402.017914445511,1.338433642756188
RIO.L/ANTO.L,2019-05-07,4.543441662808946,516.5478610770815,1.9419049300194853
RIO.L/ANTO.L,2019-05-08,4.548036661394507,513.6742755759929,1.8743958259901008
RIO.L/ANTO.L,2019-05-09,4.5527981648533284,543.4096943701525,2.0325071109436195
RIO.L/ANTO.L,2019-05-10,4.557935400065774,586.2585499174374,2.2450727257288707
RIO.L/ANTO.L,2019-05-13,4.563720055824497,685.2527394590397,2.6620576978201913
RIO.L/ANTO.L,2019-05-14,4.569936959991096,715.2508638672571,2.6695761387409718
RIO.L/ANTO.L,2019-05-15,4.576255524465672,726.2924160120592,2.5914613075432977
RIO.L/ANTO.L,2019-05-16,4.582928603570881,754.9110745510543,2.5716047437816774
RIO.L/ANTO.L,2019-05-17,4.590166188678408,818.9210436603203,2.6736328691526157
RIO.L/ANTO.L,2019-05-20,4.597597472906575,846.4891157374491,2.586471240764377
RIO.L/ANTO.L,2019-05-21,4.604076636189114,722.8150296305112,1.977533580663742
RIO.L/ANTO.L,2019-05-22,4.611926091527982,910.4708868132234,2.5193151834163197
RIO.L/ANTO.L,2019-05-23,4.6199605807510515,969.2496233675301,2.5366018445625977
RIO.L/ANTO.L,2019-05-24,4.627750141625234,911.9386529366243,2.1979561774337046
RIO.L/ANTO.L,2019-05-28,4.636233261955666,974.5439052628726,2.260258071358108
RIO.L/ANTO.L,2019-05-29,4.64389854277708,892.7245655344741,1.8963015178302611
RIO.L/ANTO.L,2019-05-30,4.651570734351695,893.9959054411606,1.8109175247993625
RIO.L/ANTO.L,2019-05-31,4.658876077798323,871.3880591754505,1.6666806531315155
RIO.L/ANTO.L,2019-06-03,4.666457182646729,895.6941310990496,1.6645669508748553
RIO.L/ANTO.L,2019-06-04,4.6736086745326455,827.3054242548674,1.40955017801766
RIO.L/ANTO.L,2019-06-05,4.680202103021644,768.3148426353287,1.2024525023889592
RIO.L/ANTO.L,2019-06-06,4.686839094519751,770.1383841956849,1.1680271521120917
RIO.L/ANTO.L,2019-06-07,4.693111574983881,722.7588540565494,0.9975683469549352
RIO.L/ANTO.L,2019-06-10,4.698946986504528,648.3110900419751,0.7524335668696965
RIO.L/ANTO.L,2019-06-11,4.704851225565768,636.7706843248266,0.6921970595274013
RIO.L/ANTO.L,2019-06-12,4.710945288018726,658.7425456018727,0.7308242655175106
RIO.L/ANTO.L,2019-06-13,4.717586861765707,711.2006749312386,0.8584561765656434
RIO.L/ANTO.L,2019-06-14,4.724025209526368,693.4229963005173,0.7771100567133686
RIO.L/ANTO.L,2019-06-17,4.730405450060461,686.2157928308789,0.7285186427463718
RIO.L/ANTO.L,2019-06-18,4.736169836414185,592.328636845753,0.4133836471207097
RIO.L/ANTO.L,2019-06-19,4.740122984849315,412.6427414297268,-0.18720676830805652
RIO.L/ANTO.L,2019-06-20,4.744393424319711,445.95122801317393,-0.10447582091903795
RIO.L/ANTO.L,2019-06-21,4.748422778058907,418.05779848292696,-0.21918449946217047
RIO.L/ANTO.L,2019-06-24,4.753078984084677,483.5911567865851,-0.022056297296224752
RIO.L/ANTO.L,2019-06-25,4.757152918308717,415.42464764994384,-0.271714786403042
RIO.L/ANTO.L,2019-06-26,4.761964240765632,493.3015702676421,-0.020824033196117676
RIO.L/ANTO.L,2019-06-27,4.766511596133781,463.9968643970369,-0.14630350535463665
RIO.L/ANTO.L,2019-06-28,4.770772560705845,427.076089710773,-0.3032299824867479
RIO.L/ANTO.L,2019-07-01,4.774481349867905,365.0440386649843,-0.5506719790453728
RIO.L/ANTO.L,2019-07-02,4.779892991649553,546.5172357298652,0.09290506051523349
RIO.L/ANTO.L,2019-07-03,4.785473624042385,568.6881163532289,0.15268330507808106
RIO.L/ANTO.L,2019-07-04,4.790695418331081,535.9995153969139,0.006853017056312927
RIO.L/ANTO.L,2019-07-05,4.795154869270982,472.30391685511313,-0.25766784577406054
RIO.L/ANTO.L,2019-07-08,4.800353959017094,550.5743333757937,0.022947670538525363
RIO.L/ANTO.L,2019-07-09,4.806808375002606,709.5309334428398,0.626621504003203
RIO.L/ANTO.L,2019-07-10,4.813129370764435,682.378497006026,0.49215469072138013
RIO.L/ANTO.L,2019-07-11,4.81947874931166,693.1857206306913,0.5109826263293106
RIO.L/ANTO.L,2019-07-12,4.825274327030545,625.6445859171408,0.1998771967037559
RIO.L/ANTO.L,2019-07-15,4.830218421701291,513.7558218392105,-0.3199206472166941
RIO.L/ANTO.L,2019-07-16,4.833937173352642,377.704655951964,-1.0252546031444092
RIO.L/ANTO.L,2019-07-17,4.838463009889312,466.03608030415853,-0.6794566497044565
RIO.L/ANTO.L,2019-07-18,4.842403073241949,410.5001460201347,-1.0006857700609595
RIO.L/ANTO.L,2019-07-19,4.8454557697834355,307.17371557345905,-1.5687634269513682
RIO.L/ANTO.L,2019-07-22,4.847616304792163,216.2234270748104,-2.005586146723213
RIO.L/ANTO.L,2019-07-23,4.849840341467516,222.62923077187588,-1.9379458110110728
RIO.L/ANTO.L,2019-07-24,4.849422946144225,-36.456852000522304,-3.0396374966605557
RIO.L/ANTO.L,2019-07-25,4.84839653892858,-95.33930666808646,-3.053318681103684
RIO.L/ANTO.L,2019-07-26,4.848743167974086,38.68688484598897,-2.3275249279145473
RIO.L/ANTO.L,2019-07-29,4.84966879007934,95.97189872363833,-2.0003551175497405
RIO.L/ANTO.L,2019-07-30,4.851969027916425,237.3948235178541,-1.3853766577516327
RIO.L/ANTO.L,2019-07-31,4.853158411038255,122.66255726578584,-1.7789243459032438
RIO.L/ANTO.L,2019-08-01,4.854487417410371,142.0928968079761,-1.6382259720204153
RIO.L/ANTO.L,2019-08-02,4.856809693802143,261.24175034966265,-1.1428455329898863
RIO.L/ANTO.L,2019-08-05,4.859339347205569,293.1170551419659,-0.9928486315512137
RIO.L/ANTO.L,2019-08-06,4.861698703737999,276.58752876302015,-1.022871889658481
RIO.L/ANTO.L,2019-08-07,4.863141343115831,167.3877235937689,-1.3838908963807641
RIO.L/ANTO.L,2019-08-08,4.8623231036344645,-83.45595488038725,-2.185948275323161
RIO.L/ANTO.L,2019-08-09,4.862383933172451,11.071191205663126,-1.7626614221014754
RIO.L/ANTO.L,2019-08-12,4.862496265859915,16.912347382962707,-1.670705775430839
RIO.L/ANTO.L,2019-08-13,4.862426092998752,-3.48615738085482,-1.6723143535520826
RIO.L/ANTO.L,2019-08-14,4.862933248273528,61.71033033690628,-1.3949944481873262
RIO.L/ANTO.L,2019-08-15,4.8640741863734025,137.11409063225256,-1.1049807337328648
RIO.L/ANTO.L,2019-08-16,4.8652546155447975,142.47587510145604,-1.0574716351711746
RIO.L/ANTO.L,2019-08-19,4.86595842624649,84.08610726185134,-1.2251117891899175
RIO.L/ANTO.L,2019-08-20,4.866224943544085,34.48343414340934,-1.3662523979611838
RIO.L/ANTO.L,2019-08-21,4.866106553808403,-9.101759577518806,-1.4778153833895349
RIO.L/ANTO.L,2019-08-22,4.865706748452358,-40.89234445746115,-1.5465670753677172
RIO.L/ANTO.L,2019-08-23,4.865328496424053,-38.66547624105624,-1.4950764369500102
RIO.L/ANTO.L,2019-08-27,4.865108198511727,-20.77063215138105,-1.3956023398569162
RIO.L/ANTO.L,2019-08-28,4.864893442991273,-19.787231691725083,-1.3544563935862206
RIO.L/ANTO.L,2019-08-29,4.863789600679613,-114.67051756469573,-1.6525123835722415
RIO.L/ANTO.L,2019-08-30,4.863041239065468,-75.06297675776023,-1.4596786748419293
RIO.L/ANTO.L,2019-09-02,4.862742526965205,-27.7896142864156,-1.243856742997744
RIO.L/ANTO.L,2019-09-03,4.863263937187874,61.60999484888271,-0.8751779522510975
RIO.L/ANTO.L,2019-09-04,4.863296047552929,7.655745572826163,-1.04756741648409
RIO.L/ANTO.L,2019-09-05,4.862180495831127,-110.87834226220275,-1.454483031456261
RIO.L/ANTO.L,2019-09-06,4.860992854584298,-117.66962545210754,-1.4384575310957002
RIO.L/ANTO.L,2019-09-09,4.859473299794088,-151.21048889378017,-1.5221279918776915
RIO.L/ANTO.L,2019-09-10,4.8571327932625294,-229.26008453611212,-1.765694889224307
RIO.L/ANTO.L,2019-09-11,4.856475093495758,-63.378492682059914,-1.0852352440613577
RIO.L/ANTO.L,2019-09-12,4.855775060045735,-66.97662499095077,-1.0631676595854669
RIO.L/ANTO.L,2019-09-13,4.853573219091737,-209.0599029380346,-1.5547021897510958
RIO.L/ANTO.L,2019-09-16,4.850596086866343,-284.52322923963766,-1.7630555128627763
RIO.L/ANTO.L,2019-09-17,4.847053051170861,-340.6317364612105,-1.884415293676689
RIO.L/ANTO.L,2019-09-18,4.844262347193821,-271.737379252806,-1.5645448600711351
RIO.L/ANTO.L,2019-09-19,4.841880623851545,-234.1510263161863,-1.3783509976346608
RIO.L/ANTO.L,2019-09-20,4.840145224055624,-172.63568534944443,-1.1171212723402053
RIO.L/ANTO.L,2019-09-23,4.839644430319383,-48.1722816528827,-0.6395307197437115
RIO.L/ANTO.L,2019-09-24,4.839013232030785,-63.25940945948787,-0.6704587677984981
RIO.L/ANTO.L,2019-09-25,4.838016609872737,-100.39574183748027,-0.7798855017855597
RIO.L/ANTO.L,2019-09-26,4.836613631683515,-141.9665195593625,-0.9078369266925879
RIO.L/ANTO.L,2019-09-27,4.835259293834889,-134.42049509441495,-0.8521389572250099
RIO.L/ANTO.L,2019-09-30,4.83375951633219,-150.20022246974713,-0.884442563238051
RIO.L/ANTO.L,2019-10-01,4.832846699932553,-91.23710508013392,-0.6281441663804097
RIO.L/ANTO.L,2019-10-02,4.832287287027209,-57.57454934662246,-0.4681214409206553
RIO.L/ANTO.L,2019-10-03,4.83221053577816,-4.380528486757612,-0.2044609788789852
RIO.L/ANTO.L,2019-10-04,4.832300003421513,14.20741166945345,-0.07339999003689097
RIO.L/ANTO.L,2019-10-07,4.831879038557106,-41.779642624126154,-0.3220214426113977
RIO.L/ANTO.L,2019-10-08,4.83132361199143,-56.627597690810944,-0.3743824966115549
RIO.L/ANTO.L,2019-10-09,4.83137203634964,9.636519616600708,0.04474072167878366
RIO.L/ANTO.L,2019-10-10,4.830553999196424,-83.02711274719331,-0.48960047672940404
RIO.L/ANTO.L,2019-10-11,4.830184476435514,-34.643003901976044,-0.13933347644738805
RIO.L/ANTO.L,2019-10-14,4.829349354114732,-84.54096388883227,-0.4565196932575785
RIO.L/ANTO.L,2019-10-15,4.827336533565151,-208.17713367465512,-1.3067065945512972
RIO.L/ANTO.L,2019-10-16,4.82483869665722,-260.1332571603889,-1.634487764540986
RIO.L/ANTO.L,2019-10-17,4.822687431580776,-224.74437729438614,-1.3326124272321735
RIO.L/ANTO.L,2019-10-18,4.820458277422776,-232.44184148384193,-1.3516103232099002
RIO.L/ANTO.L,2019-10-21,4.818234717752253,-229.76135510724816,-1.285873764808441
RIO.L/ANTO.L,2019-10-22,4.81711237902722,-116.26963799957502,-0.4703872024450121
RIO.L/ANTO.L,2019-10-23,4.815926396139765,-121.94268595796711,-0.4845645984139496
RIO.L/ANTO.L,2019-10-24,4.815098974337031,-84.33161880628904,-0.18799458455500326
RIO.L/ANTO.L,2019-10-25,4.814238107355843,-86.74274863395567,-0.18105188861013868
RIO.L/ANTO.L,2019-10-28,4.811952680534061,-228.0925688907182,-1.2344235529037637
RIO.L/ANTO.L,2019-10-29,4.809398054116632,-253.10519458373437,-1.4400370603647186
RIO.L/ANTO.L,2019-10-30,4.807544635954913,-189.38657159658214,-0.9112830111613912
RIO.L/ANTO.L,2019-10-31,4.805935827622226,-166.6812421477989,-0.6868161459472952
RIO.L/ANTO.L,2019-11-01,4.804708955904952,-122.71718495000368,-0.2689770236760268
RIO.L/ANTO.L,2019-11-04,4.804294629151811,-38.24000628769318,0.5322579873312882
RIO.L/ANTO.L,2019-11-05,4.802911254071302,-133.02899321586028,-0.3392941176584725
RIO.L/ANTO.L,2019-11-06,4.801394005593312,-145.81829400018978,-0.440477281405147
RIO.L/ANTO.L,2019-11-07,4.799226050210277,-208.0802614108252,-1.0038223668828734
RIO.L/ANTO.L,2019-11-08,4.796344950591207,-281.424479700112,-1.6849603083031877
RIO.L/ANTO.L,2019-11-11,4.794245043013426,-210.6808444793278,-0.9734858252444025
RIO.L/ANTO.L,2019-11-12,4.792280397297169,-197.19705195611095,-0.8112954781632788
RIO.L/ANTO.L,2019-11-13,4.790480455136788,-183.88775486983195,-0.6427011697760062
RIO.L/ANTO.L,2019-11-14,4.789985517245284,-49.00146343294455,0.8522287659489549
RIO.L/ANTO.L,2019-11-15,4.789126088516319,-85.97354794154035,0.45408174551521147
RIO.L/ANTO.L,2019-11-18,4.78851499349314,-60.11427420142809,0.7485487289522174
RIO.L/ANTO.L,2019-11-19,4.787622767574095,-88.03709895370775,0.4538991564241661
RIO.L/ANTO.L,2019-11-20,4.786359049468923,-127.34385952893899,0.030782963712675613
RIO.L/ANTO.L,2019-11-21,4.785524280317152,-84.5927970830453,0.5130121054556621
RIO.L/ANTO.L,2019-11-22,4.784680177493819,-83.73080095057958,0.5250059522629609
RIO.L/ANTO.L,2019-11-25,4.784124827160671,-53.53175143930912,0.8794508267957969
RIO.L/ANTO.L,2019-11-26,4.783180003889044,-92.39085241126486,0.4823040771980948
RIO.L/ANTO.L,2019-11-27,4.782132101234622,-103.12524266386208,0.3848891456117426
RIO.L/ANTO.L,2019-11-28,4.782270641226067,18.740580440718986,1.8011881897072233
RIO.L/ANTO.L,2019-11-29,4.782570201590798,36.25489741462661,1.9162299739107216
RIO.L/ANTO.L,2019-12-02,4.7830605977531535,56.54418818914655,2.0347851561398946
RIO.L/ANTO.L,2019-12-03,4.784087891473044,116.95298379094083,2.5222947258676407
RIO.L/ANTO.L,2019-12-04,4.7842317265149275,19.61542335275317,1.451535795134535
RIO.L/ANTO.L,2019-12-05,4.7838502963898994,-36.481590107865486,0.8562998959835573
RIO.L/ANTO.L,2019-12-06,4.782885899945731,-95.17940053462553,0.22660940542984517
RIO.L/ANTO.L,2019-12-09,4.7820223388455485,-84.20473520913038,0.31501364951419986
RIO.L/ANTO.L,2019-12-10,4.781260726843922,-73.97190440936265,0.39801019565503665
RIO.L/ANTO.L,2019-12-11,4.780581840885265,-64.66589529038265,0.47794956530467897
RIO.L/ANTO.L,2019-12-12,4.779543018822239,-99.66739102048723,0.04329270443627112
RIO.L/ANTO.L,2019-12-13,4.778175576979285,-132.47725652547342,-0.35778238333049156
RIO.L/ANTO.L,2019-12-16,4.77747329816835,-65.67789852679198,0.44725306666259307
RIO.L/ANTO.L,2019-12-17,4.776580763700613,-83.42594961084251,0.23849277824588905
RIO.L/ANTO.L,2019-12-18,4.776242726628146,-29.340129106873064,0.869048996584733
RIO.L/ANTO.L,2019-12-19,4.776685853980376,48.76208991363819,1.7219927628609604
RIO.L/ANTO.L,2019-12-20,4.777938708614884,131.60192439828734,2.494672460839914
RIO.L/ANTO.L,2019-12-23,4.77941371655386,154.2083216050487,2.542303483309454
RIO.L/ANTO.L,2019-12-24,4.780111594477957,74.34700676672401,1.6405876347684436
RIO.L/ANTO.L,2019-12-27,4.780553136234124,48.24073924619006,1.3365091611707267
RIO.L/ANTO.L,2019-12-30,4.781039501426562,53.26593306047016,1.3627884617381594
RIO.L/ANTO.L,2019-12-31,4.782013596941122,103.75169909742999,1.8113818708467253
RIO.L/ANTO.L,2020-01-02,4.781896695606315,-7.35950276947824,0.7223700232820635
RIO.L/ANTO.L,2020-01-03,4.782598431335187,75.56888653401074,1.4775262814434265
RIO.L/ANTO.L,2020-01-06,4.783217974723851,68.22105129778993,1.3836533833350735
RIO.L/ANTO.L,2020-01-07,4.78332420295996,15.050848356801907,0.8618053092686586
RIO.L/ANTO.L,2020-01-08,4.783594628636889,31.520738464560964,0.9983240918582437
RIO.L/ANTO.L,2020-01-09,4.7832139447783195,-34.05972069219024,0.38067456168410085
RIO.L/ANTO.L,2020-01-10,4.782695532746231,-47.368912352304505,0.23528249431270884
RIO.L/ANTO.L,2020-01-13,4.781601829373983,-101.86461843848974,-0.31001512376332585
RIO.L/ANTO.L,2020-01-14,4.78010825507242,-139.9464159615245,-0.7021204500585384
RIO.L/ANTO.L,2020-01-15,4.778769301277154,-126.18341545633757,-0.5961892832700237
RIO.L/ANTO.L,2020-01-16,4.77731105370912,-137.5030537866678,-0.738522434544034
RIO.L/ANTO.L,2020-01-17,4.776597647054001,-64.44451162296355,-0.0027745548691955027
RIO.L/ANTO.L,2020-01-20,4.776540362413403,-1.3347587310954623,0.6211718453078195
RIO.L/ANTO.L,2020-01-21,4.777047436953746,54.94924792517941,1.1590948941466956
RIO.L/ANTO.L,2020-01-22,4.779418627344093,252.8572291337623,2.8731193909616923
RIO.L/ANTO.L,2020-01-23,4.781949168005509,283.04201127536453,2.909760919517556
RIO.L/ANTO.L,2020-01-24,4.784070182984622,234.43878272882012,2.358804480034379
RIO.L/ANTO.L,2020-01-27,4.785744084080429,194.1001675888233,1.9193879243262046
RIO.L/ANTO.L,2020-01-28,4.786818496262051,122.8686434927231,1.2681980359940603
RIO.L/ANTO.L,2020-01-29,4.787716588894583,103.09180989821107,1.0637956238988429
RIO.L/ANTO.L,2020-01-30,4.788208026712681,58.680974141810566,0.6715921403033129
RIO.L/ANTO.L,2020-01-31,4.789321872417192,132.45519136369603,1.2491874222725445
RIO.L/ANTO.L,2020-02-03,4.789913618827064,71.23152520316171,0.7096243712720925
RIO.L/ANTO.L,2020-02-04,4.7906210232068185,82.07099223000478,0.7746331046057816
RIO.L/ANTO.L,2020-02-05,4.790900907159097,34.17675195242009,0.3337790885763144
RIO.L/ANTO.L,2020-02-06,4.791383843545637,55.94436193370893,0.5046196464000319
RIO.L/ANTO.L,2020-02-07,4.792284868080079,104.29552470332919,0.9281985936951697
RIO.L/ANTO.L,2020-02-10,4.793082965318085,93.9936238254877,0.8049198224117528
RIO.L/ANTO.L,2020-02-11,4.793808286348869,84.95190608343455,0.6943520379665437
RIO.L/ANTO.L,2020-02-12,4.794050102681555,30.069192343865325,0.1431228680155677
RIO.L/ANTO.L,2020-02-13,4.7945802139909945,61.904609580778924,0.4365176109312537
RIO.L/ANTO.L,2020-02-14,4.7947373113584275,21.236040753502493,0.01902265968948571
RIO.L/ANTO.L,2020-02-17,4.794629778070415,-7.277535771358089,-0.2888724428132868
RIO.L/ANTO.L,2020-02-18,4.795392942722318,88.65497825061766,0.6550861693306803
RIO.L/ANTO.L,2020-02-19,4.796153399728464,87.67831621282767,0.620543459779158
RIO.L/ANTO.L,2020-02-20,4.796921102292584,88.27849209435226,0.6041482008532559
RIO.L/ANTO.L,2020-02-21,4.797448910084777,61.71007346098122,0.3089784828082139
RIO.L/ANTO.L,2020-02-24,4.797729341355402,36.39970218060489,0.0219867796277139
RIO.L/ANTO.L,2020-02-25,4.798351069126226,77.15025501940863,0.4421829894176222
RIO.L/ANTO.L,2020-02-26,4.798425420907554,12.801736798503498,-0.23339347100081853
RIO.L/ANTO.L,2020-02-27,4.7975142332655665,-103.82791448850139,-1.4124525743278633
RIO.L/ANTO.L,2020-02-28,4.797386642308736,-11.554247810815923,-0.4345128903566027
RIO.L/ANTO.L,2020-03-02,4.797242423205091,-13.029087024688124,-0.4435164660751079
RIO.L/ANTO.L,2020-03-03,4.797821343701902,73.1314131413369,0.4360901883795702
RIO.L/ANTO.L,2020-03-04,4.798826374693171,121.81548981697006,0.914041098740149
RIO.L/ANTO.L,2020-03-05,4.798018469380266,-91.73953634324016,-1.3304615142664267
RIO.L/ANTO.L,2020-03-06,4.797472088021271,-63.66677591043617,-1.0393339905123593
RIO.L/ANTO.L,2020-03-09,4.796958706327011,-64.31517476276804,-1.046291846947064
RIO.L/ANTO.L,2020-03-10,4.796288068275319,-81.71595016695346,-1.237954734829638
RIO.L/ANTO.L,2020-03-11,4.796511279201038,33.71190665644508,-0.04782779450099764
RIO.L/ANTO.L,2020-03-12,4.796643446735163,23.9225889927352,-0.17238464532941927
RIO.L/ANTO.L,2020-03-13,4.797735356095187,157.33078601328862,1.253000215173134
RIO.L/ANTO.L,2020-03-16,4.800231693122624,368.186216240691,3.197570193292096
RIO.L/ANTO.L,2020-03-17,4.799616547938426,-72.75091633321108,-1.2013399884033686
RIO.L/ANTO.L,2020-03-18,4.799950260424272,49.16816378547446,0.023237121446365694
RIO.L/ANTO.L,2020-03-19,4.799886048744643,-4.487628017354382,-0.49025411243924516
RIO.L/ANTO.L,2020-03-20,4.800338816733518,66.15080817984153,0.22252840911773314
RIO.L/ANTO.L,2020-03-23,4.801149253199866,120.91833001911937,0.7582613388029724
RIO.L/ANTO.L,2020-03-24,4.802022479117797,112.6371603163393,0.6628467095124018
RIO.L/ANTO.L,2020-03-25,4.804098943869074,252.61030314497248,1.972073047030113
RIO.L/ANTO.L,2020-03-26,4.804604941350663,62.676780057975975,0.12379775623063576
RIO.L/ANTO.L,2020-03-27,4.804176761373098,-46.699615710316266,-0.910932146232924
RIO.L/ANTO.L,2020-03-30,4.805359642859084,146.65784777162708,0.9321846595064321
RIO.L/ANTO.L,2020-03-31,4.805264513995831,-6.589794958199491,-0.5290737022372682
RIO.L/ANTO.L,2020-04-01,4.805418108946547,22.37441622110964,-0.2509721679139632
RIO.L/ANTO.L,2020-04-02,4.805943253187641,64.94928751026373,0.14041561503838035
RIO.L/ANTO.L,2020-04-03,4.806860056785481,110.28529044175184,0.5529877900771031
RIO.L/ANTO.L,2020-04-06,4.80757399302934,85.82375674785862,0.2923792861423006
RIO.L/ANTO.L,2020-04-07,4.80781981519173,31.888673966822353,-0.27455260763304534
RIO.L/ANTO.L,2020-04-08,4.807587059240545,-22.10226806070159,-0.8614526470914311
RIO.L/ANTO.L,2020-04-09,4.809090036167299,176.16411069890728,1.1777813856617334
RIO.L/ANTO.L,2020-04-14,4.808880709258992,-18.650508544394597,-0.9200710539246463
RIO.L/ANTO.L,2020-04-15,4.809644003193215,93.88853444806364,0.27762653665775533
RIO.L/ANTO.L,2020-04-16,4.8094566509375385,-16.927634998055055,-0.9030568800977025
RIO.L/ANTO.L,2020-04-17,4.80979140067441,41.3675852611691,-0.24679528787474955
RIO.L/ANTO.L,2020-04-20,4.809688713774419,-6.9569840084682255,-0.7681133626829172
RIO.L/ANTO.L,2020-04-21,4.810557910128844,107.35372659185487,0.6150239268294727
RIO.L/ANTO.L,2020-04-22,4.810688549189082,18.786932046203674,-0.43205984281725374
RIO.L/ANTO.L,2020-04-23,4.810867770238659,24.129327746283707,-0.3473127446306319
RIO.L/ANTO.L,2020-04-24,4.811101933057184,30.484451734856975,-0.2538081444774667
RIO.L/ANTO.L,2020-04-27,4.8116701314164745,68.35550369355951,0.21731610414614466
RIO.L/ANTO.L,2020-04-28,4.811941375636365,34.4419349611926,-0.18752724083872102
RIO.L/ANTO.L,2020-04-29,4.810736642517041,-119.06276026245678,-2.0093730861128503
RIO.L/ANTO.L,2020-04-30,4.808478255668514,-235.24517032633912,-3.07694775209768
RIO.L/ANTO.L,2020-05-01,4.807141623951308,-143.55673815365753,-1.9545488158786612
RIO.L/ANTO.L,2020-05-04,4.805827846837313,-143.15504717270278,-1.8572964011108164
RIO.L/ANTO.L,2020-05-05,4.80414704258377,-180.16966840779423,-2.1177226538964975
RIO.L/ANTO.L,2020-05-06,4.8020479765055,-222.90428196913672,-2.379134398574934
RIO.L/ANTO.L,2020-05-07,4.800569338925885,-153.51791887029503,-1.6393824197129943
RIO.L/ANTO.L,2020-05-11,4.7990244038562535,-162.33374451673944,-1.6520303954318856
RIO.L/ANTO.L,2020-05-12,4.79763233787349,-144.8992368717736,-1.4359711425644512
RIO.L/ANTO.L,2020-05-13,4.796653241712885,-101.33973647430503,-1.0146042451297228
RIO.L/ANTO.L,2020-05-14,4.796499619735606,-12.599770272953265,-0.21861429999078213
RIO.L/ANTO.L,2020-05-15,4.796829545031704,39.316021605136484,0.2547756668614104
RIO.L/ANTO.L,2020-05-18,4.797876387137745,109.23381746638643,0.877912694777508
RIO.L/ANTO.L,2020-05-19,4.800144932107586,236.84105661594094,1.941959624121365
RIO.L/ANTO.L,2020-05-20,4.801638613130942,153.77235020869466,1.1922272717489548
RIO.L/ANTO.L,2020-05-21,4.8036627840695365,214.03623641412014,1.6463892090717627
RIO.L/ANTO.L,2020-05-22,4.806467161390604,297.51627180111427,2.2216201188828593
RIO.L/ANTO.L,2020-05-26,4.806587051206484,16.17172899810066,-0.04730360615216702
RIO.L/ANTO.L,2020-05-27,4.807248616324539,69.77326387377252,0.3644009456471069
RIO.L/ANTO.L,2020-05-28,4.807636350797493,42.167753539896694,0.1328716377393202
RIO.L/ANTO.L,2020-05-29,4.808466926093993,85.98017737143255,0.47518957745786267
RIO.L/ANTO.L,2020-06-01,4.8090340086077825,58.93425798024964,0.2575895588803615
RIO.L/ANTO.L,2020-06-02,4.809745386817802,72.13344394927208,0.3730539655865058
RIO.L/ANTO.L,2020-06-03,4.811347917891006,157.85145366313463,1.037185705104396
RIO.L/ANTO.L,2020-06-04,4.813002663459875,165.24413112818183,1.0613437430368546
RIO.L/ANTO.L,2020-06-05,4.813748228688903,74.0992364378626,0.3048254489460599
RIO.L/ANTO.L,2020-06-08,4.815703889677942,192.40984138021668,1.2255767919434015
RIO.L/ANTO.L,2020-06-09,4.817539278037006,182.28440692773984,1.1114084687288799
RIO.L/ANTO.L,2020-06-10,4.820276007500483,272.5328242670348,1.7540869710525944
RIO.L/ANTO.L,2020-06-11,4.823725432825315,356.8171179608744,2.2902622033739752
RIO.L/ANTO.L,2020-06-12,4.827569145641651,391.4123195526745,2.528329986410379
RIO.L/ANTO.L,2020-06-15,4.830624325316464,315.28106558596846,1.8691003032906073
RIO.L/ANTO.L,2020-06-16,4.8334973308266305,288.35760003863925,1.6075085090407368
RIO.L/ANTO.L,2020-06-17,4.836031819565078,252.9446427130888,1.308309913318963
RIO.L/ANTO.L,2020-06-18,4.837881698484265,186.62757906039042,0.8244049307910479
RIO.L/ANTO.L,2020-06-19,4.839220526755295,136.0257944103987,0.46960966741991866
RIO.L/ANTO.L,2020-06-22,4.840661304742719,144.6446363840223,0.525096735265962
RIO.L/ANTO.L,2020-06-23,4.842002199324482,132.54726122352167,0.46056396332010274
RIO.L/ANTO.L,2020-06-24,4.842961810104026,97.71465996758889,0.21113298010226803
RIO.L/ANTO.L,2020-06-25,4.84357252581376,62.87145514556414,-0.04720580037974955
RIO.L/ANTO.L,2020-06-26,4.844441852763458,88.27144488922931,0.13978340639548814
RIO.L/ANTO.L,2020-06-29,4.844607983757655,20.057567422946704,-0.3477990456439106
RIO.L/ANTO.L,2020-06-30,4.844493412734617,-6.606448466337497,-0.5329977196575815
RIO.L/ANTO.L,2020-07-01,4.844054040055159,-38.05622205205418,-0.7403986616092649
RIO.L/ANTO.L,2020-07-02,4.843690307884902,-30.144323241544043,-0.6659968195587961
RIO.L/ANTO.L,2020-07-03,4.843277147514038,-35.591603334452884,-0.687413593501576
RIO.L/ANTO.L,2020-07-06,4.84203238271424,-111.57722172825561,-1.189139908541529
RIO.L/ANTO.L,2020-07-07,4.840163330532602,-167.1864758964257,-1.5301881178511516
RIO.L/ANTO.L,2020-07-08,4.839065771526997,-97.26332958830699,-1.019790354527395
RIO.L/ANTO.L,2020-07-09,4.836973567055847,-186.01051411907883,-1.5715620730870588
RIO.L/ANTO.L,2020-07-10,4.83507195456532,-169.53300687630326,-1.4090691777878086
RIO.L/ANTO.L,2020-07-13,4.834025712523392,-90.32557821569026,-0.87839521456374
RIO.L/ANTO.L,2020-07-14,4.83332094607065,-59.2002495336219,-0.662458711782874
RIO.L/ANTO.L,2020-07-15,4.832897337451997,-34.04411765133227,-0.4958713887785517
RIO.L/ANTO.L,2020-07-16,4.831951412876411,-81.02042503738176,-0.7767790241236057
RIO.L/ANTO.L,2020-07-17,4.831070711978044,-73.60532230984609,-0.7159461182904792
RIO.L/ANTO.L,2020-07-20,4.829720662121498,-114.06221540592651,-0.9534868055991105
RIO.L/ANTO.L,2020-07-21,4.827699454179075,-175.30686700890055,-1.3024397249719073
RIO.L/ANTO.L,2020-07-22,4.82562594575568,-181.1833383721214,-1.2946900141233588
RIO.L/ANTO.L,2020-07-23,4.822388708719166,-280.5080017838591,-1.822505697556296
RIO.L/ANTO.L,2020-07-24,4.819845279912961,-225.7268816554788,-1.4641246287590401
RIO.L/ANTO.L,2020-07-27,4.816239370781378,-311.24260864665393,-1.9385163568021935
RIO.L/ANTO.L,2020-07-28,4.812834485958749,-299.59555915385226,-1.815932638307604
RIO.L/ANTO.L,2020-07-29,4.810065011012937,-244.64303251589718,-1.4737084557903677
RIO.L/ANTO.L,2020-07-30,4.80697150126294,-279.3651957994134,-1.6396271096850497
RIO.L/ANTO.L,2020-07-31,4.803299904959639,-333.4145093677216,-1.899548623990536
RIO.L/ANTO.L,2020-08-03,4.799544363729694,-329.2064970260317,-1.8194691489001062
RIO.L/ANTO.L,2020-08-04,4.796151286337636,-301.48285905038665,-1.6313494481162005
RIO.L/ANTO.L,2020-08-05,4.79211955829541,-344.1202664628263,-1.7975469809666933
RIO.L/ANTO.L,2020-08-06,4.786247351223402,-511.2816384326152,-2.48908240284564
RIO.L/ANTO.L,2020-08-07,4.780695517946469,-491.08762673253204,-2.2464635291803985
RIO.L/ANTO.L,2020-08-10,4.774407716172152,-549.1044942939816,-2.3525464888753
RIO.L/ANTO.L,2020-08-11,4.7676241954586835,-585.7566721970725,-2.350841265919571
RIO.L/ANTO.L,2020-08-12,4.761428317720313,-530.7708030807889,-2.0123022179607366
RIO.L/ANTO.L,2020-08-13,4.755378328842586,-528.3954043513331,-1.9044488157899901
RIO.L/ANTO.L,2020-08-14,4.749077960372827,-553.9958964284688,-1.9133231577998384
RIO.L/ANTO.L,2020-08-17,4.742721144791863,-552.1819606352183,-1.8295595553008461
RIO.L/ANTO.L,2020-08-18,4.736035566614005,-578.0298560344199,-1.8383658590079335
RIO.L/ANTO.L,2020-08-19,4.728425619677357,-651.9169582768536,-2.006703291717142
RIO.L/ANTO.L,2020-08-20,4.723252308451386,-470.1668261226132,-1.2916971968733184
RIO.L/ANTO.L,2020-08-21,4.718608223295297,-424.3979400839371,-1.0883531850051118
RIO.L/ANTO.L,2020-08-24,4.71423164717016,-398.90524677577105,-0.9645506497586757
RIO.L/ANTO.L,2020-08-25,4.709757633186857,-415.9539866673276,-0.9926509911664293
RIO.L/ANTO.L,2020-08-26,4.70481021495682,-451.22048468926914,-1.082169956551047
RIO.L/ANTO.L,2020-08-27,4.70045024465168,-408.2425499225001,-0.8977277128361653
RIO.L/ANTO.L,2020-08-28,4.695934983010563,-420.24311717945966,-0.9102111863848357
RIO.L/ANTO.L,2020-09-01,4.690965049071777,-458.22119111555094,-1.0132746918439721
RIO.L/ANTO.L,2020-09-02,4.685524232233017,-498.4390694063168,-1.1217451084040553
RIO.L/ANTO.L,2020-09-03,4.680870718064454,-444.6034894909035,-0.8991097387305278
RIO.L/ANTO.L,2020-09-04,4.675485693903813,-502.11339230996873,-1.0879782100798856
RIO.L/ANTO.L,2020-09-07,4.670279112730693,-478.2026091445314,-0.9802839007099595
RIO.L/ANTO.L,2020-09-08,4.6661792170121705,-382.07945855909566,-0.5772209707071246
RIO.L/ANTO.L,2020-09-09,4.662526641209398,-337.39343102234943,-0.3660882608751135
RIO.L/ANTO.L,2020-09-10,4.659534886216066,-279.62044578688256,-0.08487714078641323
RIO.L/ANTO.L,2020-09-11,4.657198473743028,-211.82325418199616,0.2553372806292427
RIO.L/ANTO.L,2020-09-14,4.6558935451815895,-118.74681845131181,0.7227635440664391
RIO.L/ANTO.L,2020-09-15,4.655915763145983,6.327395225685905,1.3506010446552899
RIO.L/ANTO.L,2020-09-16,4.654478736535157,-130.14720068907263,0.7350071649639065
RIO.L/ANTO.L,2020-09-17,4.6533816045900664,-100.40262959136453,0.9206287784513902
RIO.L/ANTO.L,2020-09-18,4.652522918376708,-77.89910702886573,1.0652406970853638
RIO.L/ANTO.L,2020-09-21,4.651283271323904,-118.44788382839761,0.8962935968834974
RIO.L/ANTO.L,2020-09-22,4.6496731629195605,-155.07275925402246,0.7309573092139896
RIO.L/ANTO.L,2020-09-23,4.648890178856643,-74.52081860988346,1.1830240509080627
RIO.L/ANTO.L,2020-09-24,4.648338200534175,-51.20029737136156,1.3136541479455555
RIO.L/ANTO.L,2020-09-25,4.64708336031333,-122.07904005781802,0.9440969749044341
RIO.L/ANTO.L,2020-09-28,4.645637966892527,-142.36703218063758,0.851567933855833
RIO.L/ANTO.L,2020-09-29,4.644809511696256,-80.34185122777399,1.1912495051543361
RIO.L/ANTO.L,2020-09-30,4.643697627384541,-109.9499613307471,1.0163435133043577
RIO.L/ANTO.L,2020-10-01,4.643340470234223,-33.11799907828026,1.4254465230208009
RIO.L/ANTO.L,2020-10-02,4.64359032579166,30.46866811109703,1.7153307484243385
RIO.L/ANTO.L,2020-10-05,4.643723794207621,18.23370179432459,1.6018981909453351
RIO.L/ANTO.L,2020-10-06,4.644478449640648,85.16840096645774,1.8958182540677542
RIO.L/ANTO.L,2020-10-07,4.645399308595101,100.9933744378277,1.9221734672189859
RIO.L/ANTO.L,2020-10-08,4.646035676271349,71.00017959103752,1.738694183129899
RIO.L/ANTO.L,2020-10-09,4.646700033160724,73.0801980512997,1.7063655258214676
RIO.L/ANTO.L,2020-10-12,4.6462122823975065,-45.80876603053002,1.1195781524143709
RIO.L/ANTO.L,2020-10-13,4.6453348657704785,-85.34785117780302,0.9223486922072461
RIO.L/ANTO.L,2020-10-14,4.64417375462559,-113.80521005386254,0.7762289858189854
RIO.L/ANTO.L,2020-10-15,4.642721785490067,-144.0412675633961,0.6253591818577574
RIO.L/ANTO.L,2020-10-16,4.641109341044727,-160.28079838955819,0.5355859218844735
RIO.L/ANTO.L,2020-10-19,4.6387079015492,-238.80249136704606,0.15690724480164708
RIO.L/ANTO.L,2020-10-20,4.635951953258641,-273.68467785162466,-0.014864649471120192
RIO.L/ANTO.L,2020-10-21,4.632722664911971,-318.90138955803104,-0.23204077390818123
RIO.L/ANTO.L,2020-10-22,4.6299202158362665,-280.64489298666103,-0.04407669548036811
RIO.L/ANTO.L,2020-10-23,4.627547465241795,-237.58560683266205,0.16084650735065287
RIO.L/ANTO.L,2020-10-26,4.6250712229931965,-252.2365125534152,0.083495099430211
RIO.L/ANTO.L,2020-10-27,4.621386998206702,-372.2979053538611,-0.4935188145953572
RIO.L/ANTO.L,2020-10-28,4.617236400956132,-429.18526857029156,-0.7546390427795497
RIO.L/ANTO.L,2020-10-29,4.613149174080584,-417.21931080415743,-0.6890824258659639
RIO.L/ANTO.L,2020-10-30,4.609227579533665,-399.5020238833331,-0.6179828303574292
RIO.L/ANTO.L,2020-11-02,4.606789786525646,-250.9313006214261,0.0817943556932764
RIO.L/ANTO.L,2020-11-03,4.603602592446464,-319.4902044085693,-0.2759624947796725
RIO.L/ANTO.L,2020-11-04,4.60099806811318,-266.58023895928363,-0.040798760120659534
RIO.L/ANTO.L,2020-11-05,4.598028076150214,-298.9980266410048,-0.22854139649941851
RIO.L/ANTO.L,2020-11-06,4.595136819692384,-284.05288588075473,-0.17547118663111683
RIO.L/ANTO.L,2020-11-09,4.590778541808142,-417.7086568136501,-0.90217288400793
RIO.L/ANTO.L,2020-11-10,4.586695535214373,-383.25364294592964,-0.747170778084723
RIO.L/ANTO.L,2020-11-11,4.582998563688314,-349.5753669877795,-0.6003914375810483
RIO.L/ANTO.L,2020-11-12,4.57947007414895,-335.3273098452855,-0.5753401371586445
RIO.L/ANTO.L,2020-11-13,4.574888379472005,-431.6018098238965,-1.1446231053690015
RIO.L/ANTO.L,2020-11-16,4.569297447113097,-514.664069868245,-1.6019743870494851
RIO.L/ANTO.L,2020-11-17,4.565986757445618,-317.78099581148035,-0.47533171483041
RIO.L/ANTO.L,2020-11-18,4.562538886431588,-327.462770066988,-0.5438999827467879
RIO.L/ANTO.L,2020-11-19,4.559466776778728,-298.20221088297967,-0.3926426359047758
RIO.L/ANTO.L,2020-11-20,4.555124387822824,-409.49468171937406,-1.0516179596701107
RIO.L/ANTO.L,2020-11-23,4.551473909954687,-342.3094519230026,-0.6660387113881361
RIO.L/ANTO.L,2020-11-24,4.5454127219076685,-532.6614819263868,-1.7730525296962947
RIO.L/ANTO.L,2020-11-25,4.538502574641848,-615.0608766209234,-2.198934876693901
RIO.L/ANTO.L,2020-11-26,4.531578668049962,-619.0541378451462,-2.143553740516296
RIO.L/ANTO.L,2020-11-27,4.523804969725197,-685.8076785415151,-2.417895538063084
RIO.L/ANTO.L,2020-11-30,4.514245087241753,-836.461118221865,-2.988755949014818
RIO.L/ANTO.L,2020-12-01,4.503316529621522,-918.5105366060216,-3.0837612392764964
RIO.L/ANTO.L,2020-12-02,4.495371672421677,-669.9386429297092,-1.8486988027276618
RIO.L/ANTO.L,2020-12-03,4.485487577508509,-799.9684484487234,-2.2859938274659304
RIO.L/ANTO.L,2020-12-04,4.474415802365921,-879.1154396052398,-2.4437633749895826
RIO.L/ANTO.L,2020-12-07,4.462873731063583,-914.2737931290812,-2.411776002001193
RIO.L/ANTO.L,2020-12-08,4.451347243130757,-919.2362894466833,-2.288453888421799
RIO.L/ANTO.L,2020-12-09,4.438723847522998,-1009.1577311402098,-2.4441222786273737
RIO.L/ANTO.L,2020-12-10,4.4264384491574535,-968.8332071948471,-2.167662748891476
RIO.L/ANTO.L,2020-12-11,4.417914531661117,-701.7266887248506,-1.2073114982876698
RIO.L/ANTO.L,2020-12-14,4.409248011393066,-715.5093913467954,-1.2113154035470666
RIO.L/ANTO.L,2020-12-15,4.400976496239053,-682.6307447797653,-1.063913695482696
RIO.L/ANTO.L,2020-12-16,4.392059656356933,-739.0490059116482,-1.2114487976095574
RIO.L/ANTO.L,2020-12-17,4.383742904058899,-691.1341148959154,-1.0163747408153319
RIO.L/ANTO.L,2020-12-18,4.375903159556334,-652.9785591471573,-0.8588866690142143
RIO.L/ANTO.L,2020-12-21,4.368506971036114,-625.9193789639567,-0.7419888388620067
RIO.L/ANTO.L,2020-12-22,4.361293187329805,-616.4237425004385,-0.6842767063368975
RIO.L/ANTO.L,2020-12-23,4.353831701177097,-635.9382790535083,-0.7241343824341344
RIO.L/ANTO.L,2020-12-24,4.345630086627286,-697.8403980560406,-0.904773001249885
RIO.L/ANTO.L,2020-12-29,4.33791145835792,-657.1518314074456,-0.7386504095549601
RIO.L/ANTO.L,2020-12-30,4.329006706721815,-759.8197334112529,-1.0663730015954778
RIO.L/ANTO.L,2020-12-31,4.320142452126195,-766.8924441441122,-1.0655607239606366
RIO.L/ANTO.L,2021-01-04,4.31130126492491,-737.1328968304015,-0.935742438312016
RIO.L/ANTO.L,2021-01-05,4.302620267597598,-726.364085311011,-0.8736083916814086
RIO.L/ANTO.L,2021-01-06,4.293848016667785,-702.0710681518922,-0.7589962908815928
RIO.L/ANTO.L,2021-01-07,4.287406633824384,-517.0193964857654,0.01682980509159365
RIO.L/ANTO.L,2021-01-08,4.282310939902067,-417.0297197674154,0.4669096094571072
RIO.L/ANTO.L,2021-01-11,4.276869996056032,-453.5508373732646,0.3443843642712517
RIO.L/ANTO.L,2021-01-12,4.271249567658607,-474.3146071599813,0.2845979246926889
RIO.L/ANTO.L,2021-01-13,4.264866757764399,-546.798310508284,-0.011885367944965045
RIO.L/ANTO.L,2021-01-14,4.257982678427054,-577.4286243393899,-0.12901592825642014
RIO.L/ANTO.L,2021-01-15,4.252163409295581,-509.3852119241783,0.21075291611868355
RIO.L/ANTO.L,2021-01-18,4.24637271191537,-506.6683349164696,0.24097876327646095
RIO.L/ANTO.L,2021-01-19,4.24066089020487,-506.05012568492384,0.26585369778740825
RIO.L/ANTO.L,2021-01-20,4.2351991365805945,-478.5756856235412,0.4276751869638284
RIO.L/ANTO.L,2021-01-21,4.228363435401006,-600.829387177263,-0.15382762428886695
RIO.L/ANTO.L,2021-01-22,4.222903885681382,-492.680278681818,0.407841210769772
RIO.L/ANTO.L,2021-01-25,4.21900311387631,-359.47438349762433,1.0765963456559544
RIO.L/ANTO.L,2021-01-26,4.215557068017396,-318.33722827457586,1.2661962531429711
RIO.L/ANTO.L,2021-01-27,4.212361731008308,-304.9339032908583,1.3142422812309889
RIO.L/ANTO.L,2021-01-28,4.207575491760609,-451.88728462311246,0.6085353568482104
RIO.L/ANTO.L,2021-01-29,4.203047281253364,-435.9864574774547,0.7064013525029429
RIO.L/ANTO.L,2021-02-01,4.198818000636745,-403.90726498566255,0.8963542990011406
RIO.L/ANTO.L,2021-02-02,4.194089554050763,-452.9453733194259,0.6634183111618713
RIO.L/ANTO.L,2021-02-03,4.189518870185774,-437.89709696570117,0.7690375524118402
RIO.L/ANTO.L,2021-02-04,4.18497698706118,-435.00935938782004,0.7871601152455983
RIO.L/ANTO.L,2021-02-05,4.178762377675855,-585.2913117118605,-0.004388958243419868
RIO.L/ANTO.L,2021-02-08,4.171696239044773,-645.7734461323525,-0.3107672847242196
RIO.L/ANTO.L,2021-02-09,4.165288973726217,-590.6765340168831,0.01683480397201889
RIO.L/ANTO.L,2021-02-10,4.160061500955483,-479.16683793818356,0.6491947141683543
RIO.L/ANTO.L,2021-02-11,4.154594629028513,-501.4807876016157,0.5220036525995748
RIO.L/ANTO.L,2021-02-12,4.14979701505321,-443.2059835000591,0.8744074064561737
RIO.L/ANTO.L,2021-02-15,4.145011936937055,-427.0758049065071,0.9880251542789631
RIO.L/ANTO.L,2021-02-16,4.1389729165972575,-527.6773683586789,0.43942009575638913
RIO.L/ANTO.L,2021-02-17,4.128751503602033,-859.4178555908202,-1.4707865469668344
RIO.L/ANTO.L,2021-02-18,4.118774118354032,-844.3966539565072,-1.3412152475508516
RIO.L/ANTO.L,2021-02-19,4.103628329657081,-1205.8617623898954,-3.12052847768132
RIO.L/ANTO.L,2021-02-22,4.086734655866805,-1335.2306101895565,-3.368335301352106
RIO.L/ANTO.L,2021-02-23,4.072097154204375,-1187.8292373469758,-2.4669602644937374
RIO.L/ANTO.L,2021-02-24,4.058937980759895,-1082.385446660005,-1.8918500283262663
RIO.L/ANTO.L,2021-02-25,4.046710887656899,-1004.2986232695848,-1.5100270390248283
RIO.L/ANTO.L,2021-02-26,4.034812267442669,-1020.3149056585607,-1.5569372614756753
RIO.L/ANTO.L,2021-03-01,4.0219201903997135,-1082.641092579849,-1.7494928488645398
RIO.L/ANTO.L,2021-03-02,4.009842880926855,-1010.2023514451093,-1.4079093842038755
RIO.L/ANTO.L,2021-03-03,3.998649388966932,-948.5797789801609,-1.1410500605564398
RIO.L/ANTO.L,2021-03-04,3.9874746205519616,-1018.1668250747298,-1.409658859933589
RIO.L/ANTO.L,2021-03-05,3.976322325923606,-1020.8643298487495,-1.4018490864290132
RIO.L/ANTO.L,2021-03-08,3.9656120761221882,-963.6344877592865,-1.176665975780386
RIO.L/ANTO.L,2021-03-09,3.9538622253081552,-1076.2294305466703,-1.61261631834279
RIO.L/ANTO.L,2021-03-10,3.943126756295806,-1018.2606310715073,-1.3359134951141811
RIO.L/ANTO.L,2021-03-11,3.9319523172452877,-1036.7462234103295,-1.3659003336044881
RIO.L/ANTO.L,2021-03-12,3.9207879148814238,-1041.5658943371363,-1.3401148149860151
RIO.L/ANTO.L,2021-03-15,3.907916132510528,-1199.9239315800405,-1.8633645624671378
RIO.L/ANTO.L,2021-03-16,3.896427834223832,-1087.3229803143458,-1.3935546705971662
RIO.L/ANTO.L,2021-03-17,3.8839910847170667,-1186.3343278528882,-1.6829555401176475
RIO.L/ANTO.L,2021-03-18,3.8701355134883952,-1283.384344003839,-1.9287239238828102
RIO.L/ANTO.L,2021-03-19,3.857608056271989,-1191.9958783259044,-1.5470140277842324
RIO.L/ANTO.L,2021-03-22,3.8446103333915933,-1242.7647050625228,-1.6473171845193946
RIO.L/ANTO.L,2021-03-23,3.834240826222415,-1030.3818168854714,-0.9153558856108189
RIO.L/ANTO.L,2021-03-24,3.823695719052309,-1033.5521780904419,-0.8995505707643465
RIO.L/ANTO.L,2021-03-25,3.815397133728182,-846.6282423233879,-0.2804629034105173
RIO.L/ANTO.L,2021-03-26,3.805993455689013,-919.8114414951497,-0.5112234857887986
RIO.L/ANTO.L,2021-03-29,3.7979457483838863,-807.3459277502934,-0.13894947119688048
RIO.L/ANTO.L,2021-03-30,3.7893766680108434,-841.2440219992859,-0.24362242504610607
RIO.L/ANTO.L,2021-03-31,3.7807325572892267,-850.7636729698816,-0.26661851095007005
RIO.L/ANTO.L,2021-04-01,3.77144982276678,-914.233366458684,-0.4545950859070858
RIO.L/ANTO.L,2021-04-06,3.761056898787111,-988.6791218771805,-0.6735035476221611
RIO.L/ANTO.L,2021-04-07,3.7522386052402137,-842.7074413895689,-0.1699558370833581
RIO.L/ANTO.L,2021-04-08,3.744235480874315,-771.906409095599,0.08455774561880355
RIO.L/ANTO.L,2021-04-09,3.73589073184856,-811.7465106726613,-0.03544797647803811
RIO.L/ANTO.L,2021-04-12,3.7287720588473356,-705.7105153108578,0.3339681773457562
RIO.L/ANTO.L,2021-04-13,3.721291019257359,-731.9679899756393,0.25905186614775627
RIO.L/ANTO.L,2021-04-14,3.712196393925454,-854.2442964279162,-0.14347748688426842
RIO.L/ANTO.L,2021-04-15,3.7020557264704625,-925.1281215529498,-0.3688048046582181
RIO.L/ANTO.L,2021-04-16,3.6924834343810247,-872.6253814068987,-0.1636657945338596
RIO.L/ANTO.L,2021-04-19,3.683735243764675,-803.0281399294336,0.0958851154962911
RIO.L/ANTO.L,2021-04-20,3.6749378866393205,-822.8698167012426,0.045272937892343164
RIO.L/ANTO.L,2021-04-21,3.666537041847598,-788.5068510017118,0.20044700113565087
RIO.L/ANTO.L,2021-04-22,3.660119168512906,-615.5489440580059,0.8838617108967044
RIO.L/ANTO.L,2021-04-23,3.6540815128361137,-573.218863952151,1.0922310074832546
RIO.L/ANTO.L,2021-04-26,3.645952042741737,-743.557323808629,0.4527482918979136
RIO.L/ANTO.L,2021-04-27,3.6373366009715413,-791.8989684954058,0.29019790576706717
RIO.L/ANTO.L,2021-04-28,3.628673494659588,-796.0693907728592,0.3091949114039401
RIO.L/ANTO.L,2021-04-29,3.620657207551988,-744.7015172756228,0.5602611005854333
RIO.L/ANTO.L,2021-04-30,3.613512020637249,-679.1201698807108,0.8832271558615565
RIO.L/ANTO.L,2021-05-04,3.6073932661567705,-586.273075010522,1.3313890962584025
RIO.L/ANTO.L,2021-05-05,3.602740535700984,-436.31239194074624,1.9612883764174205
RIO.L/ANTO.L,2021-05-06,3.597735209886267,-464.08671233320274,1.789976934959745
RIO.L/ANTO.L,2021-05-07,3.5954239638634964,-218.7957660410757,2.685023843697126
RIO.L/ANTO.L,2021-05-10,3.594052492578434,-127.81703341612501,2.8766415240872334
RIO.L/ANTO.L,2021-05-11,3.5920335692816225,-192.13199105026342,2.5036930319660216
RIO.L/ANTO.L,2021-05-12,3.5907475623751672,-121.80765088312819,2.634224373820819
RIO.L/ANTO.L,2021-05-13,3.588367588814729,-235.02235236622346,2.167454551823319
RIO.L/ANTO.L,2021-05-14,3.585825983186826,-257.3045830541296,2.021203280324793
RIO.L/ANTO.L,2021-05-17,3.587214881396676,153.66175748174555,3.087024957783723
RIO.L/ANTO.L,2021-05-18,3.5910394902680323,437.78654807686416,3.4808323116812425
RIO.L/ANTO.L,2021-05-19,3.594598787854571,421.09355276258884,3.1008976482975656
RIO.L/ANTO.L,2021-05-20,3.5990203829558487,532.6229027163145,3.0809804335146804
RIO.L/ANTO.L,2021-05-21,3.6026680653723844,433.86254505369106,2.632673573710628
RIO.L/ANTO.L,2021-05-24,3.6066517643431513,476.1650436304926,2.532768713470227
RIO.L/ANTO.L,2021-05-25,3.6107249998253117,495.073727759971,2.400468755474932
RIO.L/ANTO.L,2021-05-26,3.6145385200244653,458.6494295612347,2.1885765460047457
RIO.L/ANTO.L,2021-05-27,3.6175601137012574,346.1774292587088,1.8718042390061218
RIO.L/ANTO.L,2021-05-28,3.62146345147715,454.8112727380212,1.974678172022715
RIO.L/ANTO.L,2021-06-01,3.625617712745779,463.990958752589,1.893666925128516
RIO.L/ANTO.L,2021-06-02,3.6298381557128216,471.71804776907084,1.8189017413162967
RIO.L/ANTO.L,2021-06-03,3.634498894783894,538.6449057896853,1.8466678338478464
RIO.L/ANTO.L,2021-06-04,3.638942417396708,505.9307145422963,1.7111901044808864
RIO.L/ANTO.L,2021-06-07,3.643886452174273,576.9638013473659,1.75205371699975
RIO.L/ANTO.L,2021-06-08,3.648264507568982,499.0749098013466,1.5574708454277715
RIO.L/ANTO.L,2021-06-09,3.6523175418899654,469.562243564621,1.452442960852732
RIO.L/ANTO.L,2021-06-10,3.656922786117263,542.6905165446824,1.5116844082658532
RIO.L/ANTO.L,2021-06-11,3.6613088714565207,504.8061611520252,1.4013015232724118
RIO.L/ANTO.L,2021-06-14,3.665326941744859,460.80050823032707,1.2854880386252465
RIO.L/ANTO.L,2021-06-15,3.670432116977323,608.0205243240571,1.469638710498353
RIO.L/ANTO.L,2021-06-16,3.6759330380177437,659.1489134584899,1.5019463198213425
RIO.L/ANTO.L,2021-06-17,3.6811192735122753,633.6276998763433,1.414126913002254
RIO.L/ANTO.L,2021-06-18,3.686382604352548,652.8307871591096,1.4016090130320369
RIO.L/ANTO.L,2021-06-21,3.6910094265406492,564.9647838994761,1.2195240279749822
RIO.L/ANTO.L,2021-06-22,3.6957467380170548,567.5908162577907,1.1854320249042165
RIO.L/ANTO.L,2021-06-23,3.7004304740147815,553.9793774762047,1.1251126345796663
RIO.L/ANTO.L,2021-06-24,3.705954020807608,654.8508218302122,1.246802950288075
RIO.L/ANTO.L,2021-06-25,3.7116883743183697,673.1594281138432,1.2337310636690924
RIO.L/ANTO.L,2021-06-28,3.7171939630998305,649.9819450126197,1.1574277866304707
RIO.L/ANTO.L,2021-06-29,3.7225069086522686,619.9453448887389,1.073462925682814
RIO.L/ANTO.L,2021-06-30,3.7274651114849298,582.4743590271737,0.981025177128048
RIO.L/ANTO.L,2021-07-01,3.731863198901822,510.929440009505,0.8359998888950684
RIO.L/ANTO.L,2021-07-02,3.736478235242199,535.4907732506072,0.8484800652889443
RIO.L/ANTO.L,2021-07-05,3.7410403684552715,519.1817318394114,0.7930266332843232
RIO.L/ANTO.L,2021-07-06,3.7461552731303667,607.896458943962,0.9152607041246767
RIO.L/ANTO.L,2021-07-07,3.751519297909893,619.7833036273942,0.9057534270685382
RIO.L/ANTO.L,2021-07-08,3.7560236841451085,528.2560377997524,0.7192681493083679
RIO.L/ANTO.L,2021-07-09,3.761806901739296,663.3282940472127,0.9312432422501639
RIO.L/ANTO.L,2021-07-12,3.7681150981834395,732.918174443621,1.0316258588183107
RIO.L/ANTO.L,2021-07-13,3.7747787107629907,784.3683686320574,1.1006501469608128
RIO.L/ANTO.L,2021-07-14,3.781347041501176,768.2782636355096,1.044134423815975
RIO.L/ANTO.L,2021-07-15,3.788690618044841,864.7363578032509,1.2054993629074593
RIO.L/ANTO.L,2021-07-16,3.794826430922098,733.227739191796,0.9225603861259037
RIO.L/ANTO.L,2021-07-19,3.8001150738290215,641.7889577843616,0.7104924390272626
RIO.L/ANTO.L,2021-07-20,3.8054104008096905,629.8802481051007,0.6605372046819531
RIO.L/ANTO.L,2021-07-21,3.8101279545830993,537.2639779107794,0.4344552416103162
RIO.L/ANTO.L,2021-07-22,3.81385951163292,426.51033259014093,0.1471181868656794
RIO.L/ANTO.L,2021-07-23,3.817634292939384,424.6116835077373,0.10075028042305675
RIO.L/ANTO.L,2021-07-26,3.8211480958575246,379.6364152606102,-0.0685589207113081
RIO.L/ANTO.L,2021-07-27,3.8245416274445745,370.7643825360874,-0.1547019444000777
RIO.L/ANTO.L,2021-07-28,3.8283672002375213,414.4564356180126,-0.07939236438016199
RIO.L/ANTO.L,2021-07-29,3.8321412902050818,396.940276040109,-0.1983362363591114
RIO.L/ANTO.L,2021-07-30,3.8354112027189275,353.2048621873719,-0.4467709270224147
RIO.L/ANTO.L,2021-08-02,3.8388328720014853,362.98015721932643,-0.4768815870369236
RIO.L/ANTO.L,2021-08-03,3.842527988201506,389.4959516643685,-0.42512445380376873
RIO.L/ANTO.L,2021-08-04,3.846272765069855,394.7350892812383,-0.48474440911341904
RIO.L/ANTO.L,2021-08-05,3.848239355542733,212.33235827078533,-1.496691672817179
RIO.L/ANTO.L,2021-08-06,3.849676270264719,154.6469417278513,-2.040500345903556
RIO.L/ANTO.L,2021-08-09,3.852043127598809,253.9713391752748,-1.8076232105536967
RIO.L/ANTO.L,2021-08-10,3.8541485530472785,222.51829534926947,-2.0721290146595335
RIO.L/ANTO.L,2021-08-11,3.854995822119503,91.11408605426277,-2.765174031594758
RIO.L/ANTO.L,2021-08-12,3.8524130985925398,-265.19810173190217,-4.2129760183801235
RIO.L/ANTO.L,2021-08-13,3.8494556545781617,-301.5338548838927,-3.7695550503608657
RIO.L/ANTO.L,2021-08-16,3.8460233773842636,-354.25157019087055,-3.5144814818390824
RIO.L/ANTO.L,2021-08-17,3.842718191033733,-344.5516786887638,-3.116130171579574
RIO.L/ANTO.L,2021-08-18,3.8397529989584194,-317.65838133436955,-2.7586798222738875
RIO.L/ANTO.L,2021-08-19,3.837870861022262,-209.4086701620081,-2.225013086627159
RIO.L/ANTO.L,2021-08-20,3.836509554849842,-150.63124819229233,-1.9293268322665815
RIO.L/ANTO.L,2021-08-23,3.834396243341013,-230.79922249021638,-2.078030458651958
RIO.L/ANTO.L,2021-08-24,3.8321614410145113,-236.66917042201294,-1.9883497931087508
RIO.L/ANTO.L,2021-08-25,3.8301918004351196,-208.43173414377725,-1.8122806365900186
RIO.L/ANTO.L,2021-08-26,3.8287199841833104,-159.00398574757764,-1.5942305512418349
RIO.L/ANTO.L,2021-08-27,3.8268272814921294,-200.42555794822965,-1.6444644658985035
RIO.L/ANTO.L,2021-08-31,3.824974808302714,-196.73333300518152,-1.5672437409133926
RIO.L/ANTO.L,2021-09-01,3.8234787784998754,-160.4032192685072,-1.4099204690005713
RIO.L/ANTO.L,2021-09-02,3.8227435406867603,-76.70720378544775,-1.1383884611975994
RIO.L/ANTO.L,2021-09-03,3.822276864148592,-47.32831233017987,-1.023326175694375
RIO.L/ANTO.L,2021-09-06,3.820830948953795,-154.18551576074697,-1.272038480454345
RIO.L/ANTO.L,2021-09-07,3.820407047150427,-42.91344199733976,-0.9404272434880963
RIO.L/ANTO.L,2021-09-08,3.8199625446568652,-45.60511201929057,-0.9168965269234268
RIO.L/ANTO.L,2021-09-09,3.8182215776351223,-190.41511654812075,-1.262779579005642
RIO.L/ANTO.L,2021-09-10,3.8156521083495916,-272.86520110770925,-1.4291713890074955
RIO.L/ANTO.L,2021-09-13,3.812957785566951,-284.12026489519485,-1.406179123099753
RIO.L/ANTO.L,2021-09-14,3.8104471669844586,-270.1435238945696,-1.320356669786243
RIO.L/ANTO.L,2021-09-15,3.8069116220989256,-371.59501087322406,-1.5233033769808404
RIO.L/ANTO.L,2021-09-16,3.8027284259756557,-450.35334904338833,-1.6536238379851564
RIO.L/ANTO.L,2021-09-17,3.7979440099203057,-524.7901554878363,-1.7636443582248964
RIO.L/ANTO.L,2021-09-20,3.7941269761270466,-433.7331669410423,-1.4814993880466225
RIO.L/ANTO.L,2021-09-21,3.791175121593603,-340.1810423488623,-1.2088252236588988
RIO.L/ANTO.L,2021-09-22,3.7861225377745455,-545.8621583990916,-1.6497786782102117
RIO.L/ANTO.L,2021-09-23,3.780560374782203,-592.7591392274708,-1.6917512879356744
RIO.L/ANTO.L,2021-09-24,3.7748933825348514,-604.4797410641122,-1.6488565078773145
RIO.L/ANTO.L,2021-09-27,3.7699026037076426,-540.021639867371,-1.441062978377489
RIO.L/ANTO.L,2021-09-28,3.766370507319798,-393.1936725780906,-1.0597218363272731
RIO.L/ANTO.L,2021-09-29,3.76305655628973,-366.35859204646204,-0.9647394551558837
RIO.L/ANTO.L,2021-09-30,3.761082900511655,-218.3803263564023,-0.5892001965016715
RIO.L/ANTO.L,2021-10-01,3.758502438025189,-288.1125136046121,-0.729693640903129
RIO.L/ANTO.L,2021-10-04,3.7561247777822127,-265.4115873704104,-0.6489924617066632
RIO.L/ANTO.L,2021-10-05,3.7534974628430184,-291.7154395835478,-0.6886908042277582
RIO.L/ANTO.L,2021-10-06,3.75315632841305,-36.33959151678664,-0.009614830166128538
RIO.L/ANTO.L,2021-10-07,3.7520156171019754,-124.21424149101313,-0.208870601333253
RIO.L/ANTO.L,2021-10-08,3.750236189399091,-193.79802532848498,-0.37022282007901397
RIO.L/ANTO.L,2021-10-11,3.74801500169012,-232.68604122063334,-0.45631102685019576
RIO.L/ANTO.L,2021-10-12,3.7441352389822193,-403.24309583286686,-0.9504220004899433
RIO.L/ANTO.L,2021-10-13,3.7399850769738707,-434.66962261699155,-1.0309978437729805
RIO.L/ANTO.L,2021-10-14,3.7359214592824386,-412.61436521370615,-0.9383364360845919
RIO.L/ANTO.L,2021-10-15,3.729969541710957,-593.921343226285,-1.5050115071503187
RIO.L/ANTO.L,2021-10-18,3.7252457287290923,-483.19123272073284,-1.1041125962698564
RIO.L/ANTO.L,2021-10-19,3.7208164315624,-451.1460638061353,-0.9675835754661791
RIO.L/ANTO.L,2021-10-20,3.7154295150284775,-555.207623529589,-1.3062298967223391
RIO.L/ANTO.L,2021-10-21,3.7091255926089888,-665.0347712769071,-1.6692025118771723
RIO.L/ANTO.L,2021-10-22,3.7028503460346602,-658.5319204029693,-1.6160295009344698
RIO.L/ANTO.L,2021-10-25,3.6958300081716713,-715.3127750256572,-1.7891791817064977
RIO.L/ANTO.L,2021-10-26,3.690224264592844,-588.0855544951701,-1.2863324158898755
RIO.L/ANTO.L,2021-10-27,3.684976978624071,-559.5122292123788,-1.1666384589534937
RIO.L/ANTO.L,2021-10-28,3.6781157205313515,-717.6347295435307,-1.823391042265655
RIO.L/ANTO.L,2021-10-29,3.6716750627588435,-681.4074831736234,-1.6346715470095732
RIO.L/ANTO.L,2021-11-01,3.6648145605157985,-719.216824021074,-1.7566527389872308
RIO.L/ANTO.L,2021-11-02,3.660067628107081,-525.1550925510392,-0.8770490817746246
RIO.L/ANTO.L,2021-11-03,3.6547964015453176,-575.890251780258,-1.112817901418384
RIO.L/ANTO.L,2021-11-04,3.6493371807937294,-595.6242458310444,-1.1916345429401292
RIO.L/ANTO.L,2021-11-05,3.644168732866883,-566.7330400041519,-1.0100775080653865
RIO.L/ANTO.L,2021-11-08,3.638325540345039,-625.6830415600843,-1.2677392143144515
RIO.L/ANTO.L,2021-11-09,3.632396868118826,-636.2738519054665,-1.2792092224669587
RIO.L/ANTO.L,2021-11-10,3.6256158375911443,-714.6612258528157,-1.6028750919418184
RIO.L/ANTO.L,2021-11-11,3.6179504491205576,-774.484768393344,-1.806083891569139
RIO.L/ANTO.L,2021-11-12,3.6098466780415555,-816.6964841184872,-1.9082671094592691
RIO.L/ANTO.L,2021-11-15,3.6025153641124112,-753.4137268194045,-1.5549291108457068
RIO.L/ANTO.L,2021-11-16,3.59555268659589,-726.3643988532094,-1.3786960000855266
RIO.L/ANTO.L,2021-11-17,3.5889850576381854,-688.7577385697805,-1.1675457821586581
RIO.L/ANTO.L,2021-11-18,3.5829139146938456,-649.9888103053463,-0.960479667381812
RIO.L/ANTO.L,2021-11-19,3.5773495588989426,-591.5538881647908,-0.6713676916754624
RIO.L/ANTO.L,2021-11-22,3.5699657175362045,-748.2776180707069,-1.3359798171317623
RIO.L/ANTO.L,2021-11-23,3.5642415371169616,-582.5720018249831,-0.5620265784632099
RIO.L/ANTO.L,2021-11-24,3.559319017951108,-503.11950529608566,-0.17594037470585797
RIO.L/ANTO.L,2021-11-25,3.5536705756825397,-574.853415945634,-0.48306251400383227
RIO.L/ANTO.L,2021-11-26,3.5501409668915063,-380.99851576061064,0.4840256551724958
RIO.L/ANTO.L,2021-11-29,3.546901117061297,-345.6011320438811,0.6871250583932155
RIO.L/ANTO.L,2021-11-30,3.5442308786429186,-287.6364246710118,1.0342862461380493
RIO.L/ANTO.L,2021-12-01,3.5411296759185484,-326.12570597111517,0.8938523561610853
RIO.L/ANTO.L,2021-12-02,3.5392438873927383,-200.4052084977975,1.5786127317753538
RIO.L/ANTO.L,2021-12-03,3.53734527937949,-207.3319133452278,1.522640011604813
RIO.L/ANTO.L,2021-12-06,3.5352949117549652,-222.38605765683496,1.4258447965230423
RIO.L/ANTO.L,2021-12-07,3.5332880194208593,-208.07437996915996,1.4857314118359586
RIO.L/ANTO.L,2021-12-08,3.5307531307389404,-264.62819799262707,1.1661082808824834
RIO.L/ANTO.L,2021-12-09,3.5289809159653815,-185.22160558061114,1.5293752008969004
RIO.L/ANTO.L,2021-12-10,3.5280991971617897,-92.1782779784262,1.9097795256373928
RIO.L/ANTO.L,2021-12-13,3.526664001014026,-150.77872470862894,1.5603565166449325
RIO.L/ANTO.L,2021-12-14,3.526342144359879,-30.60544975819812,2.051416932140354
RIO.L/ANTO.L,2021-12-15,3.5273702767314163,121.75733517758817,2.5634545644228544
RIO.L/ANTO.L,2021-12-16,3.5282352425800294,99.61771180694359,2.3076337560675055
RIO.L/ANTO.L,2021-12-17,3.5285100396572897,34.13265128194416,1.9267795093160736
RIO.L/ANTO.L,2021-12-20,3.530055582489804,182.05167616820654,2.369751587999964
RIO.L/ANTO.L,2021-12-21,3.5327057747605237,307.5308814709224,2.643249401986131
RIO.L/ANTO.L,2021-12-22,3.5342068585350863,172.54914987987195,2.0348921370574646
RIO.L/ANTO.L,2021-12-23,3.535202658430248,114.12919218129991,1.7642067467350633
RIO.L/ANTO.L,2021-12-24,3.53684461098973,188.08981496270917,1.9309006913699218
RIO.L/ANTO.L,2021-12-29,3.537785583299522,108.13007759303673,1.60601714629809
RIO.L/ANTO.L,2021-12-30,3.5391418058501047,153.56672239154614,1.6894253608937762
RIO.L/ANTO.L,2021-12-31,3.5404072573503353,143.40414012653673,1.6255290136332243
RIO.L/ANTO.L,2022-01-04,3.541121492654266,80.94195431467142,1.3995358095299142
RIO.L/ANTO.L,2022-01-05,3.542617503572874,164.45930102023158,1.6097128632319297
RIO.L/ANTO.L,2022-01-06,3.5458227962830393,358.71623917405395,2.0952951303348812
RIO.L/ANTO.L,2022-01-07,3.549462680862623,398.8271154716358,2.091323068927628
RIO.L/ANTO.L,2022-01-10,3.55319192311418,410.4326213823906,2.0116315033748955
RIO.L/ANTO.L,2022-01-11,3.5578755692816304,515.2401033246297,2.1650993571393427
RIO.L/ANTO.L,2022-01-12,3.560835782013854,304.4096538671156,1.54513497170687
RIO.L/ANTO.L,2022-01-13,3.5641009192124473,337.3631311638137,1.5644491611212603
RIO.L/ANTO.L,2022-01-14,3.5683905675564027,460.0010584146239,1.7892911026350995
RIO.L/ANTO.L,2022-01-17,3.5708265702329753,252.61259948825227,1.2316633124234408
RIO.L/ANTO.L,2022-01-18,3.5736271460462214,289.50538475060966,1.2765403860602376
RIO.L/ANTO.L,2022-01-19,3.577015812733719,339.5444544597085,1.3492379186229375
RIO.L/ANTO.L,2022-01-20,3.5802335304084107,327.1703715859885,1.2752313293001598
RIO.L/ANTO.L,2022-01-21,3.5826669988937563,251.11536010371856,1.0550108426411613
RIO.L/ANTO.L,2022-01-24,3.5862069527631038,388.4720076403564,1.33742185730981
RIO.L/ANTO.L,2022-01-25,3.589450649871389,350.27309188546315,1.2060921065996533
RIO.L/ANTO.L,2022-01-26,3.5927855936720308,351.6660235975105,1.1706525016704428
RIO.L/ANTO.L,2022-01-27,3.59795649069747,550.7774268104677,1.5913430590981885
RIO.L/ANTO.L,2022-01-28,3.6029725552856773,555.7105428814702,1.5407382279686448
RIO.L/ANTO.L,2022-01-31,3.6062815850130887,368.9747347814182,1.0630180501601303
RIO.L/ANTO.L,2022-02-01,3.61017460757588,423.69232525303323,1.1541248224786291
RIO.L/ANTO.L,2022-02-02,3.6162707542147197,700.2477693282272,1.7357205360381798
RIO.L/ANTO.L,2022-02-03,3.623138667598904,802.6367072988305,1.8902948370776191
RIO.L/ANTO.L,2022-02-04,3.6306726444302253,900.3961819315555,2.0187097162140333
RIO.L/ANTO.L,2022-02-07,3.6392377576556205,1014.7765898281359,2.1710812100559025
RIO.L/ANTO.L,2022-02-08,3.648385124699327,1073.2005135688105,2.199691228845906
RIO.L/ANTO.L,2022-02-09,3.6567440629012995,942.3755690140833,1.8545301619212038
RIO.L/ANTO.L,2022-02-10,3.6647703885979483,867.1348578919815,1.641905926314977
RIO.L/ANTO.L,2022-02-11,3.671323217147846,696.9561618788211,1.2356132870127137
RIO.L/ANTO.L,2022-02-14,3.6770614663053656,600.6880303087992,0.9932013111079173
RIO.L/ANTO.L,2022-02-15,3.68212902315405,532.6209301627205,0.8119251722692014
RIO.L/ANTO.L,2022-02-16,3.6871664471039822,523.0098181050462,0.7643055559362281
RIO.L/ANTO.L,2022-02-17,3.6919447550863076,507.31994278332695,0.7061069502192594
RIO.L/ANTO.L,2022-02-18,3.696329525237459,455.6520025153377,0.5504857362765
RIO.L/ANTO.L,2022-02-21,3.7012618150740315,515.1814119170649,0.6824691236254932
RIO.L/ANTO.L,2022-02-22,3.70579404758468,470.7178871936503,0.5382267339727324
RIO.L/ANTO.L,2022-02-23,3.707932493692622,219.2425928680941,-0.20628823643374974
RIO.L/ANTO.L,2022-02-24,3.711385781312301,369.33905093465455,0.20197882487393803
RIO.L/ANTO.L,2022-02-25,3.7141343905507207,279.32231404816594,-0.09913853265813613
RIO.L/ANTO.L,2022-02-28,3.715435626948225,128.327591758155,-0.6069101390601257
RIO.L/ANTO.L,2022-03-01,3.7161188000583714,67.46053781357568,-0.8297434709310436
RIO.L/ANTO.L,2022-03-02,3.71880511277002,252.97364057102368,-0.2599954000125543
RIO.L/ANTO.L,2022-03-03,3.722754487803346,379.72158463883807,0.13192230368030589
RIO.L/ANTO.L,2022-03-04,3.7259185674368513,307.6781480408845,-0.14890669930062997
RIO.L/ANTO.L,2022-03-07,3.7284404622450125,244.5892971320327,-0.41866484268402443
RIO.L/ANTO.L,2022-03-08,3.730577621410778,212.18153322878334,-0.5811571085806979
RIO.L/ANTO.L,2022-03-09,3.732698040438395,213.75005097526082,-0.6087705638051493
RIO.L/ANTO.L,2022-03-10,3.728900736369062,-354.82444553345795,-2.72315717933393
RIO.L/ANTO.L,2022-03-11,3.72552313307515,-314.4784392971824,-2.4639494402341287
RIO.L/ANTO.L,2022-03-14,3.720302879768762,-496.22749344949625,-2.878530694455037
RIO.L/ANTO.L,2022-03-15,3.7153002904731003,-484.4579085086816,-2.64736131536875
RIO.L/ANTO.L,2022-03-16,3.708259316690415,-642.1206935394384,-2.9052243004719855
RIO.L/ANTO.L,2022-03-17,3.7018025659992735,-578.9205197356887,-2.5307083972926265
RIO.L/ANTO.L,2022-03-18,3.6974331808420793,-401.7287169153451,-1.932029848313204
RIO.L/ANTO.L,2022-03-21,3.6893795408833503,-690.6140494223591,-2.5317546929449746
RIO.L/ANTO.L,2022-03-22,3.6807442491776374,-748.1338621146679,-2.5009522968356888
RIO.L/ANTO.L,2022-03-23,3.6729584132031987,-674.9359499493075,-2.191524342302656
RIO.L/ANTO.L,2022-03-24,3.6650793218384763,-679.2660632904617,-2.090008834208036
RIO.L/ANTO.L,2022-03-25,3.6602033205697797,-432.8239401536666,-1.4851860465184652
RIO.L/ANTO.L,2022-03-28,3.655951739281562,-385.06631360206757,-1.3396510597378128
RIO.L/ANTO.L,2022-03-29,3.652261043506717,-338.3721826634128,-1.208579283921306
RIO.L/ANTO.L,2022-03-30,3.6504663867936524,-161.4826077296957,-0.812379998559325
RIO.L/ANTO.L,2022-03-31,3.6500651563887514,-33.71092635553396,-0.5246183508591646
RIO.L/ANTO.L,2022-04-01,3.650503286018877,45.36623495197455,-0.3435202690483981
RIO.L/ANTO.L,2022-04-04,3.649637856698903,-76.89382366679001,-0.586252184189143
RIO.L/ANTO.L,2022-04-05,3.6481993997070865,-130.1362136216103,-0.6767650661359724
RIO.L/ANTO.L,2022-04-06,3.6480162920369272,-13.29371963073936,-0.4161351540889139
RIO.L/ANTO.L,2022-04-07,3.6475284195488764,-42.52550312921812,-0.46445228114415865
RIO.L/ANTO.L,2022-04-08,3.6464624649107504,-96.47354810513843,-0.5597076058309292
RIO.L/ANTO.L,2022-04-11,3.6463970059786286,-2.138832146416462,-0.34970096075441715
RIO.L/ANTO.L,2022-04-12,3.6466101569348806,24.831473289877067,-0.28296812972369334
RIO.L/ANTO.L,2022-04-13,3.6474930995268062,90.34273829410176,-0.13502554547679685
RIO.L/ANTO.L,2022-04-14,3.6483449501102343,87.04860197669859,-0.1336553599291073
RIO.L/ANTO.L,2022-04-19,3.648088751909998,-20.578674997051166,-0.3530598423223212
RIO.L/ANTO.L,2022-04-20,3.6468088890490518,-123.89120787449974,-0.5546389271319226
RIO.L/ANTO.L,2022-04-21,3.6485133210977625,188.02779582026596,0.11514618551301524
RIO.L/ANTO.L,2022-04-22,3.6502776395756675,197.57758840066344,0.14121714728392204
RIO.L/ANTO.L,2022-04-25,3.6509989155905678,85.88117269944814,-0.08131226222235739
RIO.L/ANTO.L,2022-04-26,3.6516799074739716,79.93114200935725,-0.07763116139466748
RIO.L/ANTO.L,2022-04-27,3.651864769246302,23.738723036764895,-0.18732278626737336
RIO.L/ANTO.L,2022-04-28,3.652017021577019,20.420450695243744,-0.1806071288495401
RIO.L/ANTO.L,2022-04-29,3.652265382816243,30.314008054499027,-0.13669916814453653
RIO.L/ANTO.L,2022-05-03,3.652903669215753,72.51416592369696,-0.01682506045322712
RIO.L/ANTO.L,2022-05-04,3.652245595953202,-66.28922461281036,-0.30300314483642615
RIO.L/ANTO.L,2022-05-05,3.653852778339349,184.9822705544102,0.3281227788037108
RIO.L/ANTO.L,2022-05-06,3.6547520810785454,104.45303766786947,0.18149880885252145
RIO.L/ANTO.L,2022-05-09,3.656378817348112,197.84547427519283,0.4756022826420601
RIO.L/ANTO.L,2022-05-10,3.657872643748591,181.84716023263718,0.4845460499436247
RIO.L/ANTO.L,2022-05-11,3.6596971591429037,213.7697479549406,0.6155803245918934
RIO.L/ANTO.L,2022-05-12,3.6620434527549963,285.5932586839799,0.8569472038204095
RIO.L/ANTO.L,2022-05-13,3.6650984420255655,367.0513947903173,1.1194313364055837
RIO.L/ANTO.L,2022-05-16,3.667299829078529,258.4491251123909,0.8201117723451057
RIO.L/ANTO.L,2022-05-17,3.6686636707141007,154.43932294322167,0.5310836299933723
RIO.L/ANTO.L,2022-05-18,3.670309577749175,190.01959934476963,0.6654853669756232
RIO.L/ANTO.L,2022-05-19,3.671215282437776,105.12369009923987,0.4290597236878181
RIO.L/ANTO.L,2022-05-20,3.673092194877823,213.34468596798888,0.8066372175074399
RIO.L/ANTO.L,2022-05-23,3.6750737905483866,220.39925562756252,0.8297361051257411
RIO.L/ANTO.L,2022-05-24,3.6767936586595895,191.45459240235414,0.7520138628156473
RIO.L/ANTO.L,2022-05-25,3.6792526129160086,270.53999736894,1.0158662731659858
RIO.L/ANTO.L,2022-05-26,3.6816881252948557,268.5863379366583,0.9955371244614108
RIO.L/ANTO.L,2022-05-27,3.6842132589699985,274.9850771707024,0.9975372649819981
RIO.L/ANTO.L,2022-05-30,3.6854020913081666,127.55584678999185,0.5234997538376993
RIO.L/ANTO.L,2022-05-31,3.688077356976982,289.5387071778123,1.0689551270511823
RIO.L/ANTO.L,2022-06-01,3.69021881065136,229.83154514141825,0.8790900163542452
RIO.L/ANTO.L,2022-06-06,3.6927977670914234,268.4631384476861,1.0051506816138764
RIO.L/ANTO.L,2022-06-07,3.697105047864228,450.0377774258923,1.5708384613560311
RIO.L/ANTO.L,2022-06-08,3.7018713212999144,505.62804715278617,1.7023481540183862
RIO.L/ANTO.L,2022-06-09,3.705497081214064,389.341479419797,1.2833851570839825
RIO.L/ANTO.L,2022-06-10,3.7087695390232724,364.05824210854007,1.1621996237005652
RIO.L/ANTO.L,2022-06-13,3.712237842398964,395.90775761429995,1.2269024201907879
RIO.L/ANTO.L,2022-06-14,3.715467028108051,368.3355254543412,1.1058298497224992
RIO.L/ANTO.L,2022-06-15,3.7191226797707313,413.29873355877953,1.2304015922845934
RIO.L/ANTO.L,2022-06-16,3.723303249538165,497.8482264772747,1.4823238801608596
RIO.L/ANTO.L,2022-06-17,3.7266883529139436,418.8664096162511,1.1779466585663172
RIO.L/ANTO.L,2022-06-20,3.729148750932834,300.5372697732937,0.7566935681905048
RIO.L/ANTO.L,2022-06-21,3.731502861291789,278.6127027371349,0.6686022937155969
RIO.L/ANTO.L,2022-06-22,3.734394053998118,363.4331116518206,1.0192716314479147
RIO.L/ANTO.L,2022-06-23,3.738323853111984,520.6488589174032,1.7668732352067877
RIO.L/ANTO.L,2022-06-24,3.742435959189258,536.0350205649784,1.8356050334413039
RIO.L/ANTO.L,2022-06-27,3.746086909543256,459.41175110505264,1.457685457005084
RIO.L/ANTO.L,2022-06-28,3.7506086889473886,567.6033636349557,2.00025459950946
RIO.L/ANTO.L,2022-06-29,3.755863675514581,681.9681593760797,2.4767294300635316
RIO.L/ANTO.L,2022-06-30,3.7601535056187823,563.5697164710664,1.7811390781900043
RIO.L/ANTO.L,2022-07-01,3.764630890306748,602.6382889771639,1.8868943006865155
RIO.L/ANTO.L,2022-07-04,3.7694420665600807,652.3570466589954,2.040847256982486
RIO.L/ANTO.L,2022-07-05,3.774793794461895,782.989137787506,2.5352416256079273
RIO.L/ANTO.L,2022-07-06,3.780031042113598,746.6012176780564,2.2310397401433066
RIO.L/ANTO.L,2022-07-07,3.7847560605825663,624.4243596673596,1.6039862189955894
RIO.L/ANTO.L,2022-07-08,3.789360112103464,607.6092601978526,1.4825633704583732
RIO.L/ANTO.L,2022-07-11,3.794859053287623,752.473394449918,2.054562986652933
RIO.L/ANTO.L,2022-07-12,3.800216069802951,732.4372463317764,1.8765602266243553
RIO.L/ANTO.L,2022-07-13,3.8061146881197807,818.0026227816352,2.1359936556504757
RIO.L/ANTO.L,2022-07-14,3.8114838911500315,778.0717717364964,1.871418953073292
RIO.L/ANTO.L,2022-07-15,3.8169142416524773,781.6067750794004,1.8135915675254874
RIO.L/ANTO.L,2022-07-18,3.8222985242724334,737.5714626509848,1.5889261988916117
RIO.L/ANTO.L,2022-07-19,3.8274237789460392,692.4416411057073,1.3456430945752704
RIO.L/ANTO.L,2022-07-20,3.8323523803068458,661.2626243454447,1.1728671060175728
RIO.L/ANTO.L,2022-07-21,3.8373245772755054,665.2149068933536,1.1511012510031888
RIO.L/ANTO.L,2022-07-22,3.842170024786114,628.0957037104063,0.9634260594686712
RIO.L/ANTO.L,2022-07-25,3.8476213239441077,703.8626312886418,1.2468149915760376
RIO.L/ANTO.L,2022-07-26,3.852730872090189,654.6260119117187,1.0074198903563079
RIO.L/ANTO.L,2022-07-27,3.857553136362744,615.950767737706,0.8134014463901631
RIO.L/ANTO.L,2022-07-28,3.8617801800278513,520.9173515316879,0.36789505653187354
RIO.L/ANTO.L,2022-07-29,3.8654645909389345,436.4986673573176,-0.05357080897345664
RIO.L/ANTO.L,2022-08-01,3.8691901247104403,447.738275240692,-0.021389521028765728
RIO.L/ANTO.L,2022-08-02,3.873064332104816,474.31622505491214,0.0784376531122623
RIO.L/ANTO.L,2022-08-03,3.876813263505932,456.5274277023209,-0.03064845401586355
RIO.L/ANTO.L,2022-08-04,3.880437810030736,435.4287652194298,-0.15963730669464912
RIO.L/ANTO.L,2022-08-05,3.8836473952440227,371.879033813937,-0.5014697634578748
RIO.L/ANTO.L,2022-08-08,3.886511679255742,326.6064831023368,-0.739682880018769
RIO.L/ANTO.L,2022-08-09,3.88970232487076,363.84289880118286,-0.5475353692464456
RIO.L/ANTO.L,2022-08-10,3.8927851890485563,348.9688378952642,-0.6362467954725269
RIO.L/ANTO.L,2022-08-11,3.8950528784338956,263.0990145389469,-1.1054255205708565
RIO.L/ANTO.L,2022-08-12,3.8982435855957576,374.94944343414045,-0.5430493049168373
RIO.L/ANTO.L,2022-08-15,3.900918674838318,318.20998653784227,-0.8900784299902155
RIO.L/ANTO.L,2022-08-16,3.904084246922324,364.0821650849148,-0.6616264929976335
RIO.L/ANTO.L,2022-08-17,3.9077233796308932,426.0759286204884,-0.3407797365193927
RIO.L/ANTO.L,2022-08-18,3.910923095924883,365.02221478164665,-0.7185056032016932
RIO.L/ANTO.L,2022-08-19,3.9149901783880523,477.90596269873913,-0.08525329066247242
RIO.L/ANTO.L,2022-08-22,3.9194313027449295,522.8608537699292,0.15644965238155892
RIO.L/ANTO.L,2022-08-23,3.9236297165828486,477.8462729066523,-0.1343814226902224
RIO.L/ANTO.L,2022-08-24,3.9272668368279926,419.24730459160037,-0.5418929501022822
RIO.L/ANTO.L,2022-08-25,3.9304139569884478,356.55314669785184,-0.9536052497978486
RIO.L/ANTO.L,2022-08-26,3.933564114605904,354.30121621219496,-0.9998463530101304
RIO.L/ANTO.L,2022-08-30,3.937311533491502,444.93121627765686,-0.4382553479228398
RIO.L/ANTO.L,2022-08-31,3.9408722894683796,424.65432183972644,-0.569122304042827
RIO.L/ANTO.L,2022-09-01,3.944548146491735,458.19542360565174,-0.3414331425484661
RIO.L/ANTO.L,2022-09-02,3.9474502927242914,344.79761569866605,-1.081633436302607
RIO.L/ANTO.L,2022-09-05,3.9499947428119375,296.9577442073323,-1.3772422674432334
RIO.L/ANTO.L,2022-09-06,3.9524322918833334,283.37679900757576,-1.4342729636201943
RIO.L/ANTO.L,2022-09-07,3.95458699282038,254.77187370760475,-1.5820501647258267
RIO.L/ANTO.L,2022-09-08,3.956026885190369,164.62802102770365,-2.0545975557072276
RIO.L/ANTO.L,2022-09-09,3.9571226381214775,121.60050982131725,-2.1840342505955435
RIO.L/ANTO.L,2022-09-12,3.9582735215343794,125.42335797739361,-2.057070501264486
RIO.L/ANTO.L,2022-09-13,3.959278604802798,110.54426728049657,-2.0642145801201637
RIO.L/ANTO.L,2022-09-14,3.960859645640699,177.97085635740132,-1.6621105478036986
RIO.L/ANTO.L,2022-09-15,3.9626181751488954,199.4634698363734,-1.5059140417029195
RIO.L/ANTO.L,2022-09-16,3.9650963510504673,283.39296913298404,-1.0272463989595841
RIO.L/ANTO.L,2022-09-20,3.968262751565261,371.2369356295849,-0.5464755583046697
RIO.L/ANTO.L,2022-09-21,3.970884257009332,304.7328780696662,-0.8786154975590345
RIO.L/ANTO.L,2022-09-22,3.9744802813036926,416.43557039305415,-0.279108558307424
RIO.L/ANTO.L,2022-09-23,3.978737751785514,521.978787154052,0.2930523932754641
RIO.L/ANTO.L,2022-09-26,3.982631439488862,475.21905875721495,0.05252310782905487
RIO.L/ANTO.L,2022-09-27,3.9867857640654174,491.8661452649194,0.1516856872632288
RIO.L/ANTO.L,2022-09-28,3.9906923920210473,450.345456810177,-0.052883195585476744
RIO.L/ANTO.L,2022-09-29,3.994915059141638,485.6050211981001,0.1685936509854934
RIO.L/ANTO.L,2022-09-30,3.9986817034520774,427.5158065261676,-0.12676531964077153
RIO.L/ANTO.L,2022-10-03,4.002306136677087,405.3864570102078,-0.2334267039394533
RIO.L/ANTO.L,2022-10-04,4.006845848685407,500.8638791397698,0.3246564690822171
RIO.L/ANTO.L,2022-10-05,4.011506889912248,516.6063865008864,0.44942963089995214
RIO.L/ANTO.L,2022-10-06,4.016244941865726,529.419641696898,0.5581082923269305
RIO.L/ANTO.L,2022-10-07,4.021432501348628,585.8242038728868,0.96017659802744
RIO.L/ANTO.L,2022-10-10,4.0267123042130875,589.5731865485541,1.0371792158925954
RIO.L/ANTO.L,2022-10-11,4.0318035564321395,583.5044330697638,1.0580874645906864
RIO.L/ANTO.L,2022-10-12,4.037003394034674,605.0626694135626,1.2504332368491502
RIO.L/ANTO.L,2022-10-13,4.041524197658179,525.3589833301303,0.7362782861668631
RIO.L/ANTO.L,2022-10-14,4.044845463103552,385.4830811755364,-0.23145391905688042
RIO.L/ANTO.L,2022-10-17,4.048238136652196,387.47089109528315,-0.18853657336394705
RIO.L/ANTO.L,2022-10-18,4.050452338850484,250.48656876918812,-1.1821120040661648
RIO.L/ANTO.L,2022-10-19,4.053284781155208,325.5381963843038,-0.5896792376408082
RIO.L/ANTO.L,2022-10-20,4.05495632906415,188.04980738020913,-1.6375968648766346
RIO.L/ANTO.L,2022-10-21,4.0562332672095005,140.85460923753908,-1.9427350043381697
RIO.L/ANTO.L,2022-10-24,4.057908415257521,187.45836136864546,-1.5116789234447587
RIO.L/ANTO.L,2022-10-25,4.058370707548136,53.69724614001461,-2.39492575067116
RIO.L/ANTO.L,2022-10-26,4.056884305774796,-144.25476313651052,-3.413962061407064
RIO.L/ANTO.L,2022-10-27,4.0540345199697665,-282.8837792480763,-3.733855047368151
RIO.L/ANTO.L,2022-10-28,4.050877024336803,-323.04872086700107,-3.476738648714909
RIO.L/ANTO.L,2022-10-31,4.04864584147924,-229.06903367951963,-2.734723632069692
RIO.L/ANTO.L,2022-11-01,4.046070998604916,-252.88916380949559,-2.6297481418438653
RIO.L/ANTO.L,2022-11-02,4.04456880283451,-152.97237448831856,-2.051699082311587
RIO.L/ANTO.L,2022-11-03,4.04349605364128,-107.56388080514807,-1.7658503717458314
RIO.L/ANTO.L,2022-11-04,4.042636845410451,-79.57653016824679,-1.5790473228099962
RIO.L/ANTO.L,2022-11-07,4.041430321243288,-112.54844370500632,-1.6523530237085884
RIO.L/ANTO.L,2022-11-08,4.039409635690306,-186.41846945744692,-1.8635607979240394
RIO.L/ANTO.L,2022-11-09,4.037958245850972,-134.17334296096578,-1.5877606718489352
RIO.L/ANTO.L,2022-11-10,4.034511579396148,-312.4148345043386,-2.155706483346478
RIO.L/ANTO.L,2022-11-11,4.030202674903336,-371.2911532072476,-2.2334495879545226
RIO.L/ANTO.L,2022-11-14,4.026892509455923,-289.1783877824764,-1.8428735828969174
RIO.L/ANTO.L,2022-11-15,4.024796311457562,-184.07073643058084,-1.4176229513092817
RIO.L/ANTO.L,2022-11-16,4.023428980441046,-122.25948176717884,-1.1621327707566689
RIO.L/ANTO.L,2022-11-17,4.023793441246369,39.15832090902677,-0.5781065226765855
RIO.L/ANTO.L,2022-11-18,4.024295673768609,52.43252334180124,-0.5117225270462596
RIO.L/ANTO.L,2022-11-21,4.024253045810493,0.08423208512431302,-0.6733643147501818
RIO.L/ANTO.L,2022-11-22,4.024190522467172,-1.7287878981951508,-0.658303484630768
RIO.L/ANTO.L,2022-11-23,4.0235327924347315,-58.07415717267577,-0.8268119349208678
RIO.L/ANTO.L,2022-11-24,4.0226994778304315,-74.24248779527807,-0.854374157169768
RIO.L/ANTO.L,2022-11-25,4.02241094942493,-23.40966867134739,-0.651831992520043
RIO.L/ANTO.L,2022-11-28,4.022519314948069,14.744505625311831,-0.4990407268882562
RIO.L/ANTO.L,2022-11-29,4.023179401429676,66.67050386625306,-0.30308218262161923
RIO.L/ANTO.L,2022-11-30,4.022165953584833,-88.84644183752152,-0.8261651925940405
RIO.L/ANTO.L,2022-12-01,4.0214402004326875,-62.80029098191426,-0.7138564344374695
RIO.L/ANTO.L,2022-12-02,4.019298534452793,-190.23064826453265,-1.126748583070874
RIO.L/ANTO.L,2022-12-05,4.017646328122641,-145.22432300857326,-0.9481208502447719
RIO.L/ANTO.L,2022-12-06,4.016588166384229,-92.57511642246936,-0.7510986069419876
RIO.L/ANTO.L,2022-12-07,4.015823754549933,-67.05110549282745,-0.6513486015481336
RIO.L/ANTO.L,2022-12-08,4.015759745345679,-1.6526965912416927,-0.4178880991467117
RIO.L/ANTO.L,2022-12-09,4.0154434100758944,-24.56661270501263,-0.48246286714891434
RIO.L/ANTO.L,2022-12-12,4.0148526883038755,-50.967521998005395,-0.5532768216947885
RIO.L/ANTO.L,2022-12-13,4.012449214407544,-212.24376954274248,-1.0648417302375488
RIO.L/ANTO.L,2022-12-14,4.009804020885903,-238.87648881139376,-1.116748589889763
RIO.L/ANTO.L,2022-12-15,4.007648357379024,-194.80623286163336,-0.9367345138097679
RIO.L/ANTO.L,2022-12-16,4.0050563785690425,-235.9260540647565,-1.0430030433673094
RIO.L/ANTO.L,2022-12-19,4.001903338385667,-286.3098470335608,-1.1767834958405177
RIO.L/ANTO.L,2022-12-20,3.9972204433356313,-415.2742143068299,-1.5630611018394764
RIO.L/ANTO.L,2022-12-21,3.9920112400029115,-452.19230035180226,-1.6273836116977487
RIO.L/ANTO.L,2022-12-22,3.987529056507297,-396.46604320756796,-1.3943072175611182
RIO.L/ANTO.L,2022-12-23,3.983550167832839,-351.37163620963565,-1.2022955454021595
RIO.L/ANTO.L,2022-12-28,3.9777637223987554,-501.3925567502438,-1.6523344533048339
RIO.L/ANTO.L,2022-12-29,3.9738819628779365,-344.26833325788266,-1.0885710293906035
RIO.L/ANTO.L,2022-12-30,3.9700114419094765,-346.40980477207995,-1.0692557127618816
RIO.L/ANTO.L,2023-01-03,3.965914379045308,-364.5666213083041,-1.1091982998873233
RIO.L/ANTO.L,2023-01-04,3.962332321711304,-321.31498242142516,-0.935862340496701
RIO.L/ANTO.L,2023-01-05,3.957264009795716,-442.0795737911167,-1.3826823543088977
RIO.L/ANTO.L,2023-01-06,3.951517218177911,-490.81245531746845,-1.5704503625487836
RIO.L/ANTO.L,2023-01-09,3.942738907796707,-725.0600879114681,-2.500606390264977
RIO.L/ANTO.L,2023-01-10,3.9325448012695357,-835.4564438938378,-2.855270296797919
RIO.L/ANTO.L,2023-01-11,3.92399062366488,-711.692033961137,-2.260138840693576
RIO.L/ANTO.L,2023-01-12,3.9164444019166145,-624.0388293996821,-1.8574893158859085
RIO.L/ANTO.L,2023-01-13,3.9089033907362745,-632.7283334707354,-1.8343445073749907
RIO.L/ANTO.L,2023-01-16,3.9006729180555246,-700.117857834407,-2.065806285240162
RIO.L/ANTO.L,2023-01-17,3.893175847181054,-641.0406119265999,-1.752196125406481
RIO.L/ANTO.L,2023-01-18,3.8836577103422427,-793.6847206209986,-2.2871939296186365
RIO.L/ANTO.L,2023-01-19,3.8774985349950577,-539.0882290960553,-1.1858443265080716
RIO.L/ANTO.L,2023-01-20,3.8718521519867157,-494.593264960733,-0.9637415512633504
RIO.L/ANTO.L,2023-01-23,3.8653289331803906,-565.2028005514612,-1.2254089794714302
RIO.L/ANTO.L,2023-01-24,3.859201205561111,-533.135541725349,-1.0601442568976855
RIO.L/ANTO.L,2023-01-25,3.8527843402399458,-554.5071236623171,-1.122160665718663
RIO.L/ANTO.L,2023-01-26,3.8461061092727347,-574.7039595699771,-1.1691631150429793
RIO.L/ANTO.L,2023-01-27,3.8404897254965893,-496.87353916687425,-0.8255055479928262
RIO.L/ANTO.L,2023-01-30,3.8367149364344715,-340.59938662433797,-0.1699773515485455
RIO.L/ANTO.L,2023-01-31,3.8330586297857074,-331.35472661095264,-0.11705518895137465
RIO.L/ANTO.L,2023-02-01,3.8283071636511568,-434.11894437892533,-0.5215440712202783
RIO.L/ANTO.L,2023-02-02,3.8227268687378575,-516.3084164099364,-0.8360139710251215
RIO.L/ANTO.L,2023-02-03,3.8172039452882482,-507.81245118143397,-0.7761593048428079
RIO.L/ANTO.L,2023-02-06,3.8123055789443834,-460.1324511207513,-0.5567513777734507
RIO.L/ANTO.L,2023-02-07,3.8075015688850264,-450.3685954509374,-0.5053668177924485
RIO.L/ANTO.L,2023-02-08,3.8030329601009,-423.2490813897566,-0.38856362120180854
RIO.L/ANTO.L,2023-02-09,3.798567854783049,-421.8894441797047,-0.37336607311027836
RIO.L/ANTO.L,2023-02-10,3.7944726414881407,-395.8275409466005,-0.2512121640436014
RIO.L/ANTO.L,2023-02-13,3.789011797395245,-518.6912824344727,-0.7366823217552223
RIO.L/ANTO.L,2023-02-14,3.784472781351901,-434.09741516958275,-0.35843052632582173
RIO.L/ANTO.L,2023-02-15,3.780195648708396,-409.7539006951274,-0.2276380328713457
RIO.L/ANTO.L,2023-02-16,3.7762850991474854,-371.145480260182,-0.032540319756565725
RIO.L/ANTO.L,2023-02-17,3.771676610595819,-436.82051124583995,-0.30006339554646994
RIO.L/ANTO.L,2023-02-20,3.7677380303231347,-367.47368529904816,0.04088101852105377
RIO.L/ANTO.L,2023-02-21,3.7647175796125896,-288.2783704021267,0.4323694351114419
RIO.L/ANTO.L,2023-02-22,3.7614438277690043,-322.7218910386846,0.30046962756695983
RIO.L/ANTO.L,2023-02-23,3.76023597180329,-123.5628819806816,1.299089880837537
RIO.L/ANTO.L,2023-02-24,3.758995717976475,-130.57472183101163,1.3195443562432376
RIO.L/ANTO.L,2023-02-27,3.7571053100386718,-199.17997305195513,0.9923943399842109
RIO.L/ANTO.L,2023-02-28,3.7552567827201684,-192.49730046689,1.0542481524680467
RIO.L/ANTO.L,2023-03-01,3.753473249408511,-177.84158819768527,1.1283324266556412
RIO.L/ANTO.L,2023-03-02,3.7527101261038087,-74.45483340376177,1.64616240481941
RIO.L/ANTO.L,2023-03-03,3.7515920506443976,-108.13076104288211,1.4765363500229944
RIO.L/ANTO.L,2023-03-06,3.749777835199731,-181.16815602465522,1.124058754877841
RIO.L/ANTO.L,2023-03-07,3.748980528434753,-79.74323054215165,1.6855814228164097
RIO.L/ANTO.L,2023-03-08,3.747572983960974,-140.84902015263015,1.395453767133594
RIO.L/ANTO.L,2023-03-09,3.7460549599794044,-158.94037020462474,1.3283644813114257
RIO.L/ANTO.L,2023-03-10,3.744696023595377,-143.4855884758408,1.396242784903447
RIO.L/ANTO.L,2023-03-13,3.7439704477715328,-76.68260141282371,1.7130030619066121
RIO.L/ANTO.L,2023-03-14,3.742779162184385,-125.0714975072433,1.4360509830658783
RIO.L/ANTO.L,2023-03-15,3.74203484277983,-81.6967976330343,1.624976759652975
RIO.L/ANTO.L,2023-03-16,3.7405632057091767,-164.23344692127012,1.172056475004734
RIO.L/ANTO.L,2023-03-17,3.7391716617854613,-155.78670626144685,1.179175538847754
RIO.L/ANTO.L,2023-03-20,3.7367485521991486,-262.80878175814087,0.6141358316105446
RIO.L/ANTO.L,2023-03-21,3.7333923235942983,-359.79949327846225,0.11596492493249119
RIO.L/ANTO.L,2023-03-22,3.729469760524212,-417.63446600990574,-0.17356015269096153
RIO.L/ANTO.L,2023-03-23,3.7245520391469045,-517.3169664659972,-0.6803272744538735
RIO.L/ANTO.L,2023-03-24,3.7208575787705755,-397.77889353867977,-0.06628516002189429
RIO.L/ANTO.L,2023-03-27,3.716911165659036,-423.8969464743286,-0.19291567249167313
RIO.L/ANTO.L,2023-03-28,3.713474466584188,-364.8397974012123,0.10833312893937373
RIO.L/ANTO.L,2023-03-29,3.709750599420356,-389.500418200123,-0.011665024992662004
RIO.L/ANTO.L,2023-03-30,3.7056174948684406,-426.028548097519,-0.19958740997183544
RIO.L/ANTO.L,2023-03-31,3.7019151973057607,-381.2583673198824,0.019780633850714376
RIO.L/ANTO.L,2023-04-03,3.6984344272688805,-363.6144499093025,0.08141738650308687
RIO.L/ANTO.L,2023-04-04,3.69532235448973,-331.57791237886977,0.21666614194670353
RIO.L/ANTO.L,2023-04-05,3.69326803536091,-222.68778158814075,0.7951794224795558
RIO.L/ANTO.L,2023-04-06,3.691651929889336,-175.10846160278197,1.0335649775033833
RIO.L/ANTO.L,2023-04-11,3.6899397771099633,-176.72757778182768,0.9942611365138572
RIO.L/ANTO.L,2023-04-12,3.686874316740011,-313.7409467778607,0.16497182505328215
RIO.L/ANTO.L,2023-04-13,3.682455804329389,-442.50081251772826,-0.6498672743063301
RIO.L/ANTO.L,2023-04-14,3.6773255295363736,-514.5460506435229,-1.1971328063837456
RIO.L/ANTO.L,2023-04-17,3.6737324797227897,-362.99848726357595,-0.2202477866171901
RIO.L/ANTO.L,2023-04-18,3.6696602227758404,-404.91032427438586,-0.5153803750151191
RIO.L/ANTO.L,2023-04-19,3.6657468869101955,-394.9346236864567,-0.4768517952213873
RIO.L/ANTO.L,2023-04-20,3.6625463429011194,-330.8172505206194,-0.058912775811613166
RIO.L/ANTO.L,2023-04-21,3.658112057677495,-473.3394641689747,-1.0834293582071062
RIO.L/ANTO.L,2023-04-24,3.6542952341460353,-410.0428450399204,-0.6691028335676127
RIO.L/ANTO.L,2023-04-25,3.650499800575463,-418.17720290284706,-0.7454559990575463
RIO.L/ANTO.L,2023-04-26,3.646424730460154,-441.7651934576015,-0.9007267233506315
RIO.L/ANTO.L,2023-04-27,3.6429029203105623,-383.9849337656242,-0.47052429375974086
RIO.L/ANTO.L,2023-04-28,3.6404110986568106,-275.23043613590835,0.3062916740247034
RIO.L/ANTO.L,2023-05-02,3.637415693761568,-335.5138360253259,-0.16156884390128445
RIO.L/ANTO.L,2023-05-03,3.634728542652219,-299.48743906349955,0.08354069115241104
RIO.L/ANTO.L,2023-05-04,3.632137699598712,-292.95298500809986,0.11337346892827505
RIO.L/ANTO.L,2023-05-05,3.6289509667020607,-348.03063536865466,-0.3274211074164289
RIO.L/ANTO.L,2023-05-09,3.6263699289540727,-282.1260521814811,0.1683191604453397
RIO.L/ANTO.L,2023-05-10,3.6242002959013524,-239.86867164922478,0.47831628687080363
RIO.L/ANTO.L,2023-05-11,3.623037521547214,-131.77470634190286,1.2831204553214093
RIO.L/ANTO.L,2023-05-12,3.621706894862355,-149.30441310118476,1.1157941632400183
RIO.L/ANTO.L,2023-05-15,3.620070380646711,-181.2102791302259,0.8338148713302705
RIO.L/ANTO.L,2023-05-16,3.6185355063154145,-171.19129485468056,0.8835051024670911
RIO.L/ANTO.L,2023-05-17,3.616750338958117,-196.12824971888222,0.661472939908933
RIO.L/ANTO.L,2023-05-18,3.615224065735956,-168.7629640921623,0.8509201084920376
RIO.L/ANTO.L,2023-05-19,3.6136101235766067,-177.4890761689503,0.7551000245532535
RIO.L/ANTO.L,2023-05-22,3.6115767543971513,-222.68364647221551,0.38199003701914397
RIO.L/ANTO.L,2023-05-23,3.6104125736491457,-128.92464003810892,1.1001476199109028
RIO.L/ANTO.L,2023-05-24,3.6092253319048466,-134.40057333864024,1.0596489628491312
RIO.L/ANTO.L,2023-05-25,3.6081641440804897,-120.07718420779747,1.1707240122817248
RIO.L/ANTO.L,2023-05-26,3.6072928744947377,-94.65264073421986,1.341614899930232
RIO.L/ANTO.L,2023-05-30,3.606533889930912,-83.40419110560742,1.3957601430152777
RIO.L/ANTO.L,2023-05-31,3.6060866008723242,-48.2700495772051,1.6198460997372555
RIO.L/ANTO.L,2023-06-01,3.6051992425080317,-96.43505569806621,1.2610727020365453
RIO.L/ANTO.L,2023-06-02,3.6034269794501603,-185.8806696659267,0.5933078111699143
RIO.L/ANTO.L,2023-06-05,3.6020507248937226,-144.8447050914192,0.9014987661459409
RIO.L/ANTO.L,2023-06-06,3.60096806963568,-112.57511940499444,1.15973942625874
RIO.L/ANTO.L,2023-06-07,3.5998743739423573,-113.59468172845118,1.1441100911384128
RIO.L/ANTO.L,2023-06-08,3.5985226936978782,-139.8389740745697,0.9378342302360304
RIO.L/ANTO.L,2023-06-09,3.596964217336553,-161.12848037940057,0.7782454335853326
RIO.L/ANTO.L,2023-06-12,3.5952948042829957,-174.2411612116257,0.699415078823202
RIO.L/ANTO.L,2023-06-13,3.59310963290597,-221.28145693898568,0.3484847759788329
RIO.L/ANTO.L,2023-06-14,3.590353097768287,-270.7960365493109,-0.016462843118630582
RIO.L/ANTO.L,2023-06-15,3.587338352263761,-295.16800450548453,-0.19534010871458193
RIO.L/ANTO.L,2023-06-16,3.5846931955881804,-262.27497634388965,0.08460282503235467
RIO.L/ANTO.L,2023-06-19,3.582454701446416,-226.47464067884903,0.3698594688324761
RIO.L/ANTO.L,2023-06-20,3.580866767495917,-163.2599796824743,0.854164552143549
RIO.L/ANTO.L,2023-06-21,3.579095085024943,-183.49765227442458,0.6646706393280964
RIO.L/ANTO.L,2023-06-22,3.576502548359475,-267.17915396058197,-0.05455566838324798
RIO.L/ANTO.L,2023-06-23,3.574348606277409,-227.5605698875388,0.26024018166464896
RIO.L/ANTO.L,2023-06-26,3.571966323615238,-248.73216383295676,0.05461563198868761
RIO.L/ANTO.L,2023-06-27,3.5694669521949893,-258.92749429363903,-0.05018299339315181
RIO.L/ANTO.L,2023-06-28,3.5674542427866167,-211.0743562286625,0.3486764614220435
RIO.L/ANTO.L,2023-06-29,3.565930413762832,-160.38063238003087,0.7730151863979229
RIO.L/ANTO.L,2023-06-30,3.563749858652429,-228.47850438452042,0.13562515249965404
RIO.L/ANTO.L,2023-07-03,3.561328942561434,-247.79680530289988,-0.05974988221897646
RIO.L/ANTO.L,2023-07-04,3.5583594910545226,-303.83228366492494,-0.5848726101832299
RIO.L/ANTO.L,2023-07-05,3.5562633877598953,-218.10083956832204,0.21094203275941364
RIO.L/ANTO.L,2023-07-06,3.5556984576926545,-59.04970963258893,1.6367922823390262
RIO.L/ANTO.L,2023-07-07,3.5545344090405493,-123.73300610892875,1.0332307578375657
RIO.L/ANTO.L,2023-07-10,3.552933415525604,-171.42500446643226,0.5811620799023945
RIO.L/ANTO.L,2023-07-11,3.551429505517995,-158.39553974901628,0.6743840817366585
RIO.L/ANTO.L,2023-07-12,3.5489840439962013,-246.0477847408465,-0.19472370728829413
RIO.L/ANTO.L,2023-07-13,3.5462925973335975,-265.79854887462807,-0.4125825186536331
RIO.L/ANTO.L,2023-07-14,3.543851665232799,-242.5703703809213,-0.212130173485678
RIO.L/ANTO.L,2023-07-17,3.5415914531544903,-230.3343356308833,-0.11711084293454486
RIO.L/ANTO.L,2023-07-18,3.539310804371888,-231.2664953081703,-0.14647396303999738
RIO.L/ANTO.L,2023-07-19,3.5376448062366657,-170.24511735578017,0.48910463509840413
RIO.L/ANTO.L,2023-07-20,3.5353627601564166,-228.58489509956235,-0.22945174593824416
RIO.L/ANTO.L,2023-07-21,3.532447147193583,-291.61156564454086,-1.066961374864483
RIO.L/ANTO.L,2023-07-24,3.5292471942590686,-316.7947748598999,-1.5041756060860114
RIO.L/ANTO.L,2023-07-25,3.524387353955995,-453.7425714973151,-3.194476600273093
RIO.L/ANTO.L,2023-07-26,3.5186748484084274,-542.1288225539611,-3.7502205172136103
RIO.L/ANTO.L,2023-07-27,3.5122935636898602,-602.0618519184882,-3.8460079552955864
RIO.L/ANTO.L,2023-07-28,3.5055159568358185,-645.3973952291517,-3.7082989804054765
RIO.L/ANTO.L,2023-07-31,3.4977756785085643,-724.8437795866957,-3.7804752001435036
RIO.L/ANTO.L,2023-08-01,3.490677846092724,-677.1222503293611,-3.1044796801169725
RIO.L/ANTO.L,2023-08-02,3.4841438268141594,-642.1100820845049,-2.6445576014952366
RIO.L/ANTO.L,2023-08-03,3.4773820128376287,-658.3806069344228,-2.5495970582511105
RIO.L/ANTO.L,2023-08-04,3.470518204362272,-666.2374998990326,-2.4217621489365078
RIO.L/ANTO.L,2023-08-07,3.4642145833200617,-621.4547300020786,-2.0408610327526455
RIO.L/ANTO.L,2023-08-08,3.458505160307838,-573.6241395610477,-1.6907736030815501
RIO.L/ANTO.L,2023-08-09,3.4524471397220373,-600.1816914504743,-1.7551227772028186
RIO.L/ANTO.L,2023-08-10,3.445846087155959,-665.5435681209374,-1.9988306729648566
RIO.L/ANTO.L,2023-08-11,3.4411253740402525,-496.24514192733295,-1.073168976278641
RIO.L/ANTO.L,2023-08-14,3.4361935038683677,-522.9881196390461,-1.1721385651245129
RIO.L/ANTO.L,2023-08-15,3.4325002349598654,-404.0856404774722,-0.5407434964766972
RIO.L/ANTO.L,2023-08-16,3.4296599582846263,-316.50855876889545,-0.07262622782900094
RIO.L/ANTO.L,2023-08-17,3.427444154883672,-245.06072990408757,0.31035918658108225
RIO.L/ANTO.L,2023-08-18,3.4263912468650686,-118.04626130601082,0.9744539033382149
RIO.L/ANTO.L,2023-08-21,3.425055474748492,-148.87752718213687,0.8217138262395416
RIO.L/ANTO.L,2023-08-22,3.4233366569229893,-188.31327286107535,0.6289640634327446
RIO.L/ANTO.L,2023-08-23,3.4221685840052616,-125.74822111307276,0.9753090660714688
RIO.L/ANTO.L,2023-08-24,3.4214979955001805,-71.22391761020754,1.2609260038847496
RIO.L/ANTO.L,2023-08-25,3.420975253271422,-54.75150022030812,1.3215900790442638
RIO.L/ANTO.L,2023-08-29,3.4192780579905007,-179.060750577034,0.671472554797671
RIO.L/ANTO.L,2023-08-30,3.4183517253493787,-96.80037748746508,1.1026648025333314
RIO.L/ANTO.L,2023-08-31,3.417556003795878,-82.33776577808203,1.1725691192732686
RIO.L/ANTO.L,2023-09-01,3.416953825516225,-60.19285628088346,1.2722852860166185
RIO.L/ANTO.L,2023-09-04,3.416927976295778,1.4502403307715213,1.5538810900436126
RIO.L/ANTO.L,2023-09-05,3.4161322314673237,-80.39181397223365,1.1179122022272425
RIO.L/ANTO.L,2023-09-06,3.4147936029223893,-136.35844726675714,0.8219620847333605
RIO.L/ANTO.L,2023-09-07,3.4132660929646326,-159.5833285575127,0.6920436546123927
RIO.L/ANTO.L,2023-09-08,3.4115946284080505,-174.7286804338837,0.6035116232373592
RIO.L/ANTO.L,2023-09-11,3.41008343908516,-152.86973244506498,0.7015482914918437
RIO.L/ANTO.L,2023-09-12,3.4105399215266354,53.68231430254673,1.6735691930919958
RIO.L/ANTO.L,2023-09-13,3.411233982112225,80.03257804733948,1.7411519633063894
RIO.L/ANTO.L,2023-09-14,3.4128908097440944,180.20259756772066,2.1096835588426375
RIO.L/ANTO.L,2023-09-15,3.4146521774865253,189.17127774835262,2.038793186323265
RIO.L/ANTO.L,2023-09-18,3.417022927945392,259.3895729183987,2.214980171446425
RIO.L/ANTO.L,2023-09-19,3.4204123533438953,378.81007025714644,2.52615467291919
RIO.L/ANTO.L,2023-09-20,3.423132859849715,296.4231472767133,2.0772267294149045
RIO.L/ANTO.L,2023-09-21,3.425857517274664,306.22734522960855,2.0083685261806137
RIO.L/ANTO.L,2023-09-22,3.42856175632612,300.79374202277086,1.8989372883734315
RIO.L/ANTO.L,2023-09-25,3.431209288894476,300.37569411776076,1.8121068995390517
RIO.L/ANTO.L,2023-09-26,3.433712047395482,284.8230895173283,1.6840482357604087
RIO.L/ANTO.L,2023-09-27,3.436506233711576,318.0882528667589,1.7183498483462987
RIO.L/ANTO.L,2023-09-28,3.439249000228623,304.0675874221697,1.605855953234202
RIO.L/ANTO.L,2023-09-29,3.441511659986495,249.32432821426028,1.3895002079791536
RIO.L/ANTO.L,2023-10-02,3.4436735229038313,240.51983597055732,1.3219066351620343
RIO.L/ANTO.L,2023-10-03,3.4463715640006614,308.58935994495823,1.4826067001941527
RIO.L/ANTO.L,2023-10-04,3.4485227142872286,248.8579904562348,1.2591103849492966
RIO.L/ANTO.L,2023-10-05,3.450907131010998,275.031419088049,1.294138334177431
RIO.L/ANTO.L,2023-10-06,3.4528317682904093,217.57394747962826,1.0867172309261606
RIO.L/ANTO.L,2023-10-09,3.454244228432643,160.86011847988175,0.8919464717420598
RIO.L/ANTO.L,2023-10-10,3.4548107213009964,64.26991992826879,0.5896495086768874
RIO.L/ANTO.L,2023-10-11,3.455501358973514,77.7367814288209,0.6126817875120871
RIO.L/ANTO.L,2023-10-12,3.4573944520319224,210.28861137942295,0.9769588524781807
RIO.L/ANTO.L,2023-10-13,3.4594891119865987,233.4747077657612,1.0139907637458643
RIO.L/ANTO.L,2023-10-16,3.4625082681085724,331.47640948940716,1.2537775560464453
RIO.L/ANTO.L,2023-10-17,3.465905162599839,375.9271188502016,1.3316409458359444
RIO.L/ANTO.L,2023-10-18,3.4692690032905724,382.90403446910113,1.3042562493997378
RIO.L/ANTO.L,2023-10-19,3.4724886253018625,367.9045309733392,1.2214610406979358
RIO.L/ANTO.L,2023-10-20,3.475265679831361,322.7716775911931,1.0615667039894057
RIO.L/ANTO.L,2023-10-23,3.4784181078183516,372.54316246858616,1.1709117855612305
RIO.L/ANTO.L,2023-10-24,3.482150473122643,429.0121706456357,1.3055158399460656
RIO.L/ANTO.L,2023-10-25,3.486183612198574,456.02464850073284,1.3539027638878312
RIO.L/ANTO.L,2023-10-26,3.4899149937733926,419.8366003816618,1.2170410947412766
RIO.L/ANTO.L,2023-10-27,3.493468667283799,393.1185410403905,1.112446769017637
RIO.L/ANTO.L,2023-10-30,3.497477234245508,444.02428155300004,1.253267857955932
RIO.L/ANTO.L,2023-10-31,3.502257789378925,537.4701637873177,1.5306212149076848
RIO.L/ANTO.L,2023-11-01,3.5079099142436796,649.0610787498435,1.856941386964619
RIO.L/ANTO.L,2023-11-02,3.513173835185647,584.7508154168172,1.6169083893071987
RIO.L/ANTO.L,2023-11-03,3.5181095915675282,547.0726851220852,1.4869539234993876
RIO.L/ANTO.L,2023-11-06,3.5232590253619627,573.2504147468144,1.5589965008019833
RIO.L/ANTO.L,2023-11-07,3.528686732346076,624.3553754663271,1.7343109198854527
RIO.L/ANTO.L,2023-11-08,3.533915152125309,601.9555641988745,1.6184699015447626
RIO.L/ANTO.L,2023-11-09,3.5389468280532332,567.6494844050276,1.450067754033568
RIO.L/ANTO.L,2023-11-10,3.544590339180874,647.5294691649469,1.717510544025496
RIO.L/ANTO.L,2023-11-13,3.550694161456629,701.8262387071527,1.8554289303022333
RIO.L/ANTO.L,2023-11-14,3.556324043990802,621.5105869679956,1.4862681866642278
RIO.L/ANTO.L,2023-11-15,3.5611554020091845,521.0763597844061,1.0565887266351277
RIO.L/ANTO.L,2023-11-16,3.566156010981403,546.1956973791566,1.124943882961619
RIO.L/ANTO.L,2023-11-17,3.5709386640366234,514.4482031570615,0.9636452306802892
RIO.L/ANTO.L,2023-11-20,3.575422433815392,472.5096006731201,0.7627626159603059
RIO.L/ANTO.L,2023-11-21,3.579846897575804,464.5711031619985,0.7055541199575485
RIO.L/ANTO.L,2023-11-22,3.5838688397011778,421.6003185369791,0.4944822896208523
RIO.L/ANTO.L,2023-11-23,3.5875483606111414,384.2982410096829,0.3028774232481487
RIO.L/ANTO.L,2023-11-24,3.5912772731185973,391.7336981836261,0.31014104549432037
RIO.L/ANTO.L,2023-11-27,3.5948542000799413,377.0846281133554,0.2170512713809875
RIO.L/ANTO.L,2023-11-28,3.5978275904813852,312.3704854301277,-0.12521107819817
RIO.L/ANTO.L,2023-11-29,3.600536775066597,285.57555608573875,-0.30561785698454397
RIO.L/ANTO.L,2023-11-30,3.6035204836240555,316.36697221499617,-0.1998065391230386
RIO.L/ANTO.L,2023-12-01,3.605504134250487,199.6901782895584,-0.9364203613488468
RIO.L/ANTO.L,2023-12-04,3.6073232204618626,188.65782612475687,-1.1140755404432419
RIO.L/ANTO.L,2023-12-05,3.6101182282223023,295.5642073703284,-0.4786642543296872
RIO.L/ANTO.L,2023-12-06,3.6130082775634085,301.9505570810261,-0.4750128267784769
RIO.L/ANTO.L,2023-12-07,3.6159972844086146,308.47551679998105,-0.45126208062406226
RIO.L/ANTO.L,2023-12-08,3.6169739924906166,99.68869074385657,-1.8354524546570006
RIO.L/ANTO.L,2023-12-11,3.616128495628097,-77.37666516876834,-2.7923643841300936
RIO.L/ANTO.L,2023-12-12,3.6155590757089726,-50.78759629184515,-2.444187286310949
RIO.L/ANTO.L,2023-12-13,3.6137843394740345,-164.74390552576006,-2.855186342310681
RIO.L/ANTO.L,2023-12-14,3.6110559104175417,-245.58034420059175,-2.991072337616859
RIO.L/ANTO.L,2023-12-15,3.6094786570025326,-142.16597731165984,-2.3145947513340874
RIO.L/ANTO.L,2023-12-18,3.6077801578353417,-151.8737752121715,-2.224321336683229
RIO.L/ANTO.L,2023-12-19,3.604446813912552,-294.7835729641829,-2.6628734777836063
RIO.L/ANTO.L,2023-12-20,3.600326745100397,-362.81265451675154,-2.717400437032479
RIO.L/ANTO.L,2023-12-21,3.596600938207327,-329.31123213985757,-2.408546438145581
RIO.L/ANTO.L,2023-12-22,3.5934207426055687,-282.57016477581965,-2.109478006922193
RIO.L/ANTO.L,2023-12-27,3.5897940462121336,-322.6710141654803,-2.1345018624734
RIO.L/ANTO.L,2023-12-28,3.5867520174142467,-271.77517615082616,-1.8615147429883057
RIO.L/ANTO.L,2023-12-29,3.5847000842531087,-185.91615653806002,-1.5105272031125994
RIO.L/ANTO.L,2024-01-02,3.584275058315252,-35.97526847705649,-0.9790411715922711
RIO.L/ANTO.L,2024-01-03,3.584858632858625,61.66769017194565,-0.6414828892002311
RIO.L/ANTO.L,2024-01-04,3.584762908688928,-5.134433720197194,-0.8503527162076112
RIO.L/ANTO.L,2024-01-05,3.5836889492896558,-100.30289061047824,-1.1474537275883092
RIO.L/ANTO.L,2024-01-08,3.582740677203695,-88.67697073702402,-1.0917071446873015
RIO.L/ANTO.L,2024-01-09,3.581176410076504,-150.64056580687702,-1.2570011376283419
RIO.L/ANTO.L,2024-01-10,3.5794513100508576,-168.25900378246843,-1.2739721000339168
RIO.L/ANTO.L,2024-01-11,3.5770520289717003,-235.24785692533624,-1.431872542343161
RIO.L/ANTO.L,2024-01-12,3.573229225706381,-366.67609945386266,-1.7580936134142628
RIO.L/ANTO.L,2024-01-15,3.569474343504447,-363.6412885136642,-1.6731565091065579
RIO.L/ANTO.L,2024-01-16,3.5661136431802003,-326.1012236562483,-1.5004283455422909
RIO.L/ANTO.L,2024-01-17,3.5630538693380545,-302.4950385871889,-1.3796639486001079
RIO.L/ANTO.L,2024-01-18,3.560637511872027,-238.6208860685565,-1.15613810854424
RIO.L/ANTO.L,2024-01-19,3.5582050301854595,-242.64010111781135,-1.1285960976576148
RIO.L/ANTO.L,2024-01-22,3.555599205850308,-263.6240308923061,-1.1481060863298354
RIO.L/ANTO.L,2024-01-23,3.552861398588308,-270.73901652393397,-1.1290930484129311
RIO.L/ANTO.L,2024-01-24,3.5477876797016847,-480.20943518491003,-1.6437670365393022
RIO.L/ANTO.L,2024-01-25,3.543073974482186,-449.84743418564267,-1.4999933876504312
RIO.L/ANTO.L,2024-01-26,3.5380543788081016,-472.59730353019586,-1.504397476918377
RIO.L/ANTO.L,2024-01-29,3.5332012498187138,-456.5904186604421,-1.4154208756190132
RIO.L/ANTO.L,2024-01-30,3.5277688340533784,-513.211260666857,-1.514390762819523
RIO.L/ANTO.L,2024-01-31,3.521197903555257,-613.0600235217344,-1.7137171476045054
RIO.L/ANTO.L,2024-02-01,3.5140335006877894,-665.780977358274,-1.7818872541290895
RIO.L/ANTO.L,2024-02-02,3.5068228173672806,-678.4611843114535,-1.7512660919599772
RIO.L/ANTO.L,2024-02-05,3.499688416467815,-678.766901679599,-1.692118440203514
RIO.L/ANTO.L,2024-02-06,3.4913848237315253,-773.1158819195543,-1.8644276984172956
RIO.L/ANTO.L,2024-02-07,3.4857541550350297,-545.7193699641912,-1.2411862571105967
RIO.L/ANTO.L,2024-02-08,3.4818420140799766,-389.74146910456784,-0.8061999758125665
RIO.L/ANTO.L,2024-02-09,3.478111462998576,-373.7454887745598,-0.7385899800844746
RIO.L/ANTO.L,2024-02-12,3.4731977837333345,-483.14979397969546,-1.0183893880571007
RIO.L/ANTO.L,2024-02-13,3.4683429954671774,-483.214179385267,-0.9936128803944817
RIO.L/ANTO.L,2024-02-14,3.463245107121331,-503.71261989564755,-1.0286243188314856
RIO.L/ANTO.L,2024-02-15,3.4579432479448537,-520.7938602630102,-1.0539742039716944
RIO.L/ANTO.L,2024-02-16,3.4509570479419214,-651.7370243101368,-1.4242432100656666
RIO.L/ANTO.L,2024-02-19,3.444015253295227,-657.3514145593099,-1.4079854819647755
RIO.L/ANTO.L,2024-02-20,3.434746060103045,-876.4191071287023,-2.0296450691296646
RIO.L/ANTO.L,2024-02-21,3.4252888516858455,-902.5434243656155,-2.040276720070478
RIO.L/ANTO.L,2024-02-22,3.4153354471404502,-941.1142668443308,-2.086605836040474
RIO.L/ANTO.L,2024-02-23,3.4055107050026785,-927.2439361265469,-1.970510765373652
RIO.L/ANTO.L,2024-02-26,3.395493953569954,-960.9697726800478,-1.9999973922249028
RIO.L/ANTO.L,2024-02-27,3.3851402054429505,-982.2837878005093,-1.9985355883337013
RIO.L/ANTO.L,2024-02-28,3.375294452762098,-950.1189870332528,-1.8301844931857243
RIO.L/ANTO.L,2024-02-29,3.364265523742587,-1041.5921466081236,-2.0289039421777035
RIO.L/ANTO.L,2024-03-01,3.35399373348087,-973.3386680477197,-1.7733885356464725
RIO.L/ANTO.L,2024-03-04,3.342719012078105,-1059.961442457282,-1.9884070616278475
RIO.L/ANTO.L,2024-03-05,3.333433952403789,-905.2129477672406,-1.4813567706726134
RIO.L/ANTO.L,2024-03-06,3.3261686447898016,-723.7033226903741,-0.8689135276917467
RIO.L/ANTO.L,2024-03-07,3.315952852427232,-988.8611779547409,-1.6750587397886314
RIO.L/ANTO.L,2024-03-08,3.3059677186742866,-984.2537741068018,-1.6000523638742519
RIO.L/ANTO.L,2024-03-11,3.293396694850435,-1204.638193851889,-2.1849878316909366
RIO.L/ANTO.L,2024-03-12,3.282431801853169,-1057.3104069348447,-1.6500249868816972
RIO.L/ANTO.L,2024-03-13,3.267705044296348,-1353.5919845812323,-2.4017396622296605
RIO.L/ANTO.L,2024-03-14,3.252849187778914,-1374.581625537463,-2.3164715232671003
RIO.L/ANTO.L,2024-03-15,3.2369674188614788,-1447.2361249973928,-2.3593643375100934
RIO.L/ANTO.L,2024-03-18,3.222435371429423,-1341.8270626924505,-1.9649794266534257
RIO.L/ANTO.L,2024-03-19,3.209383957319125,-1219.184282112953,-1.5741038659320175
RIO.L/ANTO.L,2024-03-20,3.196320318887949,-1219.410434852496,-1.5131929150038919
RIO.L/ANTO.L,2024-03-21,3.181975147128648,-1299.1234463764213,-1.644791375483962
RIO.L/ANTO.L,2024-03-22,3.166906789577617,-1362.7641552373634,-1.7263761219842055
RIO.L/ANTO.L,2024-03-25,3.153584338938821,-1228.6478019131991,-1.3475353489913289
RIO.L/ANTO.L,2024-03-26,3.139664041353074,-1290.7918716830663,-1.4539507311348756
RIO.L/ANTO.L,2024-03-27,3.1263794529740974,-1231.6886751123166,-1.2768459348268548
RIO.L/ANTO.L,2024-03-28,3.1116946148158857,-1331.5594421439291,-1.4857363332006945
RIO.L/ANTO.L,2024-04-02,3.097397218337915,-1286.1446600288455,-1.3312818941587272
RIO.L/ANTO.L,2024-04-03,3.0817007096942084,-1397.4087820791074,-1.5669641662880747
RIO.L/ANTO.L,2024-04-04,3.062533075644839,-1641.1866804759811,-2.0948892699613233
RIO.L/ANTO.L,2024-04-05,3.0428176203254043,-1705.0448530136428,-2.1515814058964247
RIO.L/ANTO.L,2024-04-08,3.0251956253838985,-1520.6835137066946,-1.634965622140332
RIO.L/ANTO.L,2024-04-09,3.006646350119641,-1574.9886658126252,-1.6977212746364785
RIO.L/ANTO.L,2024-04-10,2.9896227503886297,-1474.6647165756413,-1.4031480139598682
RIO.L/ANTO.L,2024-04-11,2.974094641887873,-1370.5261223240668,-1.1146449335233242
RIO.L/ANTO.L,2024-04-12,2.9587610853940345,-1333.6808455483197,-0.9935555821856396
RIO.L/ANTO.L,2024-04-15,2.9439627507106825,-1291.6942968712465,-0.8630941824340063
RIO.L/ANTO.L,2024-04-16,2.9304893828980494,-1220.5938906173587,-0.6587536048528905
RIO.L/ANTO.L,2024-04-17,2.9165734009818594,-1233.8903249017158,-0.6679841152199366
RIO.L/ANTO.L,2024-04-18,2.9030877024405335,-1206.3399193079922,-0.5698906710040472
RIO.L/ANTO.L,2024-04-19,2.8906249687801404,-1128.692640658077,-0.3343866966851894
RIO.L/ANTO.L,2024-04-22,2.8803257511143743,-958.4538583091198,0.16386121114299418
RIO.L/ANTO.L,2024-04-23,2.8711562085829136,-875.1618687263654,0.42643838654496136
RIO.L/ANTO.L,2024-04-24,2.8632087745385313,-756.704870413284,0.7964904236376291
RIO.L/ANTO.L,2024-04-25,2.852689951866898,-978.7830317197713,0.17091670287051114
RIO.L/ANTO.L,2024-04-26,2.842277024200372,-961.2551603548809,0.24402249525633773
RIO.L/ANTO.L,2024-04-29,2.8312748735507562,-1008.8753574431785,0.1182129661587268
RIO.L/ANTO.L,2024-04-30,2.8231528228800027,-772.1772986810374,0.853363357434333
RIO.L/ANTO.L,2024-05-01,2.8161124257854846,-684.3302885192188,1.1248594703496404
RIO.L/ANTO.L,2024-05-02,2.810503801635954,-555.0564277383064,1.4923762002478356
RIO.L/ANTO.L,2024-05-03,2.8034298147108214,-683.1563559512406,1.119982096450143
RIO.L/ANTO.L,2024-05-07,2.7975905484183907,-563.3066914030733,1.521451495726418
RIO.L/ANTO.L,2024-05-08,2.7912656950966945,-612.325394943512,1.4123234944851257
RIO.L/ANTO.L,2024-05-09,2.7846732214018037,-630.9926672536712,1.3782590045552567
RIO.L/ANTO.L,2024-05-10,2.777685399803157,-663.8601521354358,1.3020690747408794
RIO.L/ANTO.L,2024-05-13,2.770372313562731,-696.6275740204374,1.2250800296301612
RIO.L/ANTO.L,2024-05-14,2.7624697672492404,-748.5304756181768,1.0846516933564203
RIO.L/ANTO.L,2024-05-15,2.7541596795792453,-787.3248287844408,0.9692960970313163
RIO.L/ANTO.L,2024-05-16,2.747525277031916,-631.5825133879634,1.499848359005948
RIO.L/ANTO.L,2024-05-17,2.7399408991635728,-700.2998198567211,1.2419936691207254
RIO.L/ANTO.L,2024-05-20,2.7317943863346303,-747.5159435961641,1.0651370478107482
RIO.L/ANTO.L,2024-05-21,2.7236686756960378,-744.4040005934612,1.0558456461398595
RIO.L/ANTO.L,2024-05-22,2.7190833158114094,-449.59361327667375,1.951280630514848
RIO.L/ANTO.L,2024-05-23,2.714425304848878,-457.2158518297165,1.844274587210207
RIO.L/ANTO.L,2024-05-24,2.7100069695844264,-436.98753015237435,1.8251413021184373
RIO.L/ANTO.L,2024-05-28,2.703143624986676,-663.1293375786563,1.1086617187361751
RIO.L/ANTO.L,2024-05-29,2.696572236542334,-648.2804829610668,1.1213911656317377
RIO.L/ANTO.L,2024-05-30,2.692106554183072,-453.24013748316156,1.6396179932718737
RIO.L/ANTO.L,2024-05-31,2.6876792308162467,-450.092207528417,1.5839681755289854
RIO.L/ANTO.L,2024-06-03,2.682614598008121,-513.0612865996482,1.3639381478792152
RIO.L/ANTO.L,2024-06-04,2.6790595359883023,-372.8349409118591,1.7064268613199554
RIO.L/ANTO.L,2024-06-05,2.6747670855425905,-447.4003908749064,1.449130941135015
RIO.L/ANTO.L,2024-06-06,2.6697654621014957,-506.90878387924204,1.2494672222656802
RIO.L/ANTO.L,2024-06-07,2.6662015156911707,-372.04494237213476,1.544662501412296
RIO.L/ANTO.L,2024-06-10,2.662383235597025,-396.12451060354033,1.4276802613991666
RIO.L/ANTO.L,2024-06-11,2.660040642624485,-252.2943235400462,1.7217575352008767
RIO.L/ANTO.L,2024-06-12,2.6575693783435357,-265.12429115859686,1.6224008082143047
RIO.L/ANTO.L,2024-06-13,2.655273613869467,-246.80733884028177,1.6066728584038434
RIO.L/ANTO.L,2024-06-14,2.6534082943118884,-201.58423041104743,1.6498867578461434
RIO.L/ANTO.L,2024-06-17,2.651431516043415,-214.29667054509446,1.5540603984095043
RIO.L/ANTO.L,2024-06-18,2.649382642311074,-220.2472642376306,1.4806342483096173
RIO.L/ANTO.L,2024-06-19,2.6473716876475577,-214.63400022853784,1.4396526346936247
RIO.L/ANTO.L,2024-06-20,2.6434262413669636,-406.7446494388123,0.9533069638562293
RIO.L/ANTO.L,2024-06-21,2.641480343619224,-207.15730144470035,1.3773132846015623
RIO.L/ANTO.L,2024-06-24,2.6379065543756424,-371.92367043223294,0.9558070482138873
RIO.L/ANTO.L,2024-06-25,2.6346090023202082,-343.4116082972487,0.9900506484222334
RIO.L/ANTO.L,2024-06-26,2.631790070102904,-293.69944524629955,1.0737025180665343
RIO.L/ANTO.L,2024-06-27,2.6286472468439976,-330.64605849040436,0.9537684553095702
RIO.L/ANTO.L,2024-06-28,2.625355737410896,-343.40807033871715,0.8949824496162995
RIO.L/ANTO.L,2024-07-01,2.6223562418479545,-311.9904451118018,0.9542554155583017
RIO.L/ANTO.L,2024-07-02,2.6195899986432023,-291.50285416947736,0.9978201511685537
RIO.L/ANTO.L,2024-07-03,2.616554320893375,-309.4868599379706,0.9322015410689704
RIO.L/ANTO.L,2024-07-04,2.613394571480598,-319.7491026888001,0.8930411050687923
RIO.L/ANTO.L,2024-07-05,2.608456001808283,-494.9437728999801,0.3466827562736959
RIO.L/ANTO.L,2024-07-08,2.6037989132439514,-472.5424099931806,0.38907799272643834
RIO.L/ANTO.L,2024-07-09,2.5994107181109505,-445.80281849200765,0.45139379682325625
RIO.L/ANTO.L,2024-07-10,2.594933303116271,-453.412331366063,0.39777674279325675
RIO.L/ANTO.L,2024-07-11,2.5909083295025486,-408.29347195644914,0.5397212452092176
RIO.L/ANTO.L,2024-07-12,2.5859099643976493,-498.5556461757551,0.15491856239928223
RIO.L/ANTO.L,2024-07-15,2.58249785761792,-352.352964294123,0.742507811843052
RIO.L/ANTO.L,2024-07-16,2.5784638027231326,-420.72304070354585,0.41741241714969596
RIO.L/ANTO.L,2024-07-17,2.5776764510500345,-84.07642270105953,1.9292963322118315
RIO.L/ANTO.L,2024-07-18,2.5785009198935156,101.25417354341698,2.627169342946685
RIO.L/ANTO.L,2024-07-19,2.5780859403823895,-43.82555212677744,1.8832685130486457
RIO.L/ANTO.L,2024-07-22,2.5776303511674046,-47.98444346850738,1.8265795352041965
RIO.L/ANTO.L,2024-07-23,2.5770520273353563,-62.59505830470425,1.7294662977606254
RIO.L/ANTO.L,2024-07-24,2.5763014098938024,-80.73356441627675,1.6390229113375263
RIO.L/ANTO.L,2024-07-25,2.576139510076065,-14.143225974996312,1.8860775919040704
RIO.L/ANTO.L,2024-07-26,2.5757920974417314,-34.44716968988632,1.7183745750744748
RIO.L/ANTO.L,2024-07-29,2.575579493306926,-19.674841354532873,1.7095771584331119
RIO.L/ANTO.L,2024-07-30,2.5751592609635163,-43.1830406341096,1.5440746774602405
RIO.L/ANTO.L,2024-07-31,2.5734729577937108,-177.2156565425421,0.8967559093300923
RIO.L/ANTO.L,2024-08-01,2.5738300652892327,44.51466643801905,1.8311090302727706
RIO.L/ANTO.L,2024-08-02,2.5745252705299317,83.97206155285494,1.9171208342320598
RIO.L/ANTO.L,2024-08-05,2.5762876522268012,211.8816987883356,2.340908877772403
RIO.L/ANTO.L,2024-08-06,2.5780603690727095,213.5148256139737,2.229604285965798
RIO.L/ANTO.L,2024-08-07,2.5799893291166023,231.5953749406799,2.2032979111980335
RIO.L/ANTO.L,2024-08-08,2.582010765293403,241.86818048424811,2.1610002473145418
RIO.L/ANTO.L,2024-08-09,2.5831894790058167,139.82966534823117,1.6783049672907038
RIO.L/ANTO.L,2024-08-12,2.583869163388114,80.80184759619533,1.3987688433490286
RIO.L/ANTO.L,2024-08-13,2.58532140629838,171.0493700047191,1.722416089290441
RIO.L/ANTO.L,2024-08-14,2.586037364910917,86.08052514898282,1.3431105218311699
RIO.L/ANTO.L,2024-08-15,2.5848203642060805,-131.08691943999474,0.40314929051401627
RIO.L/ANTO.L,2024-08-16,2.583810801106735,-108.4695316594416,0.47785605714849505
RIO.L/ANTO.L,2024-08-19,2.5834513852807417,-35.713431746647075,0.7631395338543789
RIO.L/ANTO.L,2024-08-20,2.582664892733318,-82.97593034045894,0.5345878601261547
RIO.L/ANTO.L,2024-08-21,2.5831242622969404,55.93650701136539,1.1249195501716884
RIO.L/ANTO.L,2024-08-22,2.5835742937137396,55.31181858771379,1.0857992036746456
RIO.L/ANTO.L,2024-08-23,2.5827006002798547,-92.07208010188424,0.39249555012063403
RIO.L/ANTO.L,2024-08-27,2.5815397840150234,-121.3175654594861,0.2325493931108015
RIO.L/ANTO.L,2024-08-28,2.582501291073925,114.70103228384232,1.2944959682898884
RIO.L/ANTO.L,2024-08-29,2.583039028797835,64.69597866599997,1.027720702268395
RIO.L/ANTO.L,2024-08-30,2.582826813779773,-19.271589113131995,0.6078850005256021
RIO.L/ANTO.L,2024-09-02,2.5822532764378296,-59.53272277925498,0.39329818458005966
RIO.L/ANTO.L,2024-09-03,2.582693916330889,55.50556278851218,0.9190177887053248
RIO.L/ANTO.L,2024-09-04,2.583901054637202,147.67666427851782,1.3188984675648896
RIO.L/ANTO.L,2024-09-05,2.585425442848781,185.91019534717998,1.4454764118721302
RIO.L/ANTO.L,2024-09-06,2.587603375736876,272.83367458626617,1.7721284438356504
RIO.L/ANTO.L,2024-09-09,2.5898441822161105,275.73114457177235,1.7068831416631505
RIO.L/ANTO.L,2024-09-10,2.5918538604297465,246.04988016821517,1.5110521818051195
RIO.L/ANTO.L,2024-09-11,2.5939635769947103,253.6240819779232,1.484625117216629
RIO.L/ANTO.L,2024-09-12,2.5959916986558205,237.60170046411622,1.3632478362170772
RIO.L/ANTO.L,2024-09-13,2.5977548956163754,203.50279401718672,1.1790360056687264
RIO.L/ANTO.L,2024-09-16,2.5994261467907545,191.57314636580668,1.0907530590700476
RIO.L/ANTO.L,2024-09-17,2.600734981303618,148.85603689979143,0.8777999410932643
RIO.L/ANTO.L,2024-09-18,2.6019353747318315,137.04692575241734,0.798523594857773
RIO.L/ANTO.L,2024-09-19,2.602579694996724,72.31025995619348,0.4932679054477744
RIO.L/ANTO.L,2024-09-20,2.6038578875516363,144.56239351804197,0.7834068681349075
RIO.L/ANTO.L,2024-09-23,2.6044961317980264,72.75756995441952,0.4403455013400215
RIO.L/ANTO.L,2024-09-24,2.604383073824679,-7.173181867873609,0.05793853869893903
RIO.L/ANTO.L,2024-09-25,2.6050429041208267,71.60044619237851,0.3953835601188364
RIO.L/ANTO.L,2024-09-26,2.6046181980597707,-36.790981475133776,-0.1296595726852524
RIO.L/ANTO.L,2024-09-27,2.6044646374217177,-10.570125681384525,-0.031081293746880456
RIO.L/ANTO.L,2024-09-30,2.6049453494161625,51.37348264730281,0.2336386621340834
RIO.L/ANTO.L,2024-10-01,2.6059278051399146,101.8005158322585,0.46242911140906967
RIO.L/ANTO.L,2024-10-02,2.6075827672777327,168.8196864194024,0.8015150343482409
RIO.L/ANTO.L,2024-10-03,2.6099137368754977,242.15183094224267,1.2068391259981666
RIO.L/ANTO.L,2024-10-04,2.6112813740823633,142.04023615300775,0.6003043256291686
RIO.L/ANTO.L,2024-10-07,2.6122040982857038,96.51992984364551,0.2847554185655662
RIO.L/ANTO.L,2024-10-08,2.613173516395824,106.62376754852085,0.3248178446922086
RIO.L/ANTO.L,2024-10-09,2.613960190422832,86.92380140733621,0.12990043947278393
RIO.L/ANTO.L,2024-10-10,2.614457735304525,55.99288616780268,-0.15488759595371449
RIO.L/ANTO.L,2024-10-11,2.615183120593624,79.65109035241403,0.05218446155101718
RIO.L/ANTO.L,2024-10-14,2.6170882774352173,206.14433521377396,1.1052730133816822
RIO.L/ANTO.L,2024-10-15,2.620027601185846,330.34185949491075,2.062030490036302
RIO.L/ANTO.L,2024-10-16,2.6224015716678166,263.7856712022749,1.4514560275673842
RIO.L/ANTO.L,2024-10-17,2.624287369616576,212.05225426785455,0.9889396967890365
RIO.L/ANTO.L,2024-10-18,2.625990323975974,188.8662827586313,0.7672517441053707
RIO.L/ANTO.L,2024-10-21,2.6276932142792893,190.06197364172294,0.7502422121459578
RIO.L/ANTO.L,2024-10-22,2.6293823472632685,186.84414521087274,0.6972659076843967
RIO.L/ANTO.L,2024-10-23,2.6309740562828425,177.83170413946118,0.5955781906860216
RIO.L/ANTO.L,2024-10-24,2.632822850482391,207.5568817495141,0.8362750908714073
RIO.L/ANTO.L,2024-10-25,2.6350474547344467,246.19302231221445,1.146055038265312
RIO.L/ANTO.L,2024-10-28,2.6378253597303005,306.652618424916,1.6185747706010207
RIO.L/ANTO.L,2024-10-29,2.6408716159186576,333.97207842714124,1.7979827455776238
RIO.L/ANTO.L,2024-10-30,2.6440316388294036,353.404774768499,1.893106307212187
RIO.L/ANTO.L,2024-10-31,2.64776319225867,426.2806692776594,2.3672557254955495
RIO.L/ANTO.L,2024-11-01,2.65087137638128,348.7396806327524,1.7019859751898745
RIO.L/ANTO.L,2024-11-04,2.653308876808072,269.83202894724946,1.0564700544946741
RIO.L/ANTO.L,2024-11-05,2.655671425335429,260.9651494090549,0.9580955215287673
RIO.L/ANTO.L,2024-11-06,2.65960410775367,447.37362057174414,2.2552525272911756
RIO.L/ANTO.L,2024-11-07,2.663113373083747,380.84664324722144,1.68827614809098
RIO.L/ANTO.L,2024-11-08,2.6668901851130418,437.8765115332808,2.0279128981058303
RIO.L/ANTO.L,2024-11-11,2.6704749166102797,422.687587029297,1.8577395026587202
RIO.L/ANTO.L,2024-11-12,2.6738330654478597,403.11783179507347,1.6544213306498525
RIO.L/ANTO.L,2024-11-13,2.676901129183157,364.1741339681075,1.340826168673084
RIO.L/ANTO.L,2024-11-14,2.6798381878560016,347.7223644638525,1.1800777996679435
RIO.L/ANTO.L,2024-11-15,2.6828255134967325,347.396827422167,1.1382852458808652
RIO.L/ANTO.L,2024-11-18,2.6858810049805055,350.0617406276515,1.1327787174450055
RIO.L/ANTO.L,2024-11-19,2.6892461501398714,385.3220619620042,1.3752576149437528
RIO.L/ANTO.L,2024-11-20,2.692814198063907,407.31879798011414,1.4829497507896174
RIO.L/ANTO.L,2024-11-21,2.6960501969658752,365.81719557378165,1.1328214960792575
RIO.L/ANTO.L,2024-11-22,2.6999634819423712,447.1623140005331,1.688036770880888
RIO.L/ANTO.L,2024-11-25,2.7043009418649815,491.9458707741478,1.9668527829796834
RIO.L/ANTO.L,2024-11-26,2.7079112762527724,410.75274666436144,1.3091345448199894
RIO.L/ANTO.L,2024-11-27,2.7114088541979404,397.2943129025316,1.1666862053262128
RIO.L/ANTO.L,2024-11-28,2.714572858997583,357.54876071447234,0.8430918611186218
RIO.L/ANTO.L,2024-11-29,2.71733496625187,306.54314342427006,0.45733066863516403
RIO.L/ANTO.L,2024-12-02,2.720073425422764,301.35673525164566,0.41503629352606847
RIO.L/ANTO.L,2024-12-03,2.7223588420787483,246.6923027025723,0.007723247585540673
RIO.L/ANTO.L,2024-12-04,2.72454769353199,236.6817799103501,-0.06474809368957585
RIO.L/ANTO.L,2024-12-05,2.7265636681137115,219.45629032612578,-0.1907646265556043
RIO.L/ANTO.L,2024-12-06,2.7283787039727914,198.89162095060783,-0.3432829450349921
RIO.L/ANTO.L,2024-12-09,2.729837131683558,153.20998175756358,-0.6769109046469294
RIO.L/ANTO.L,2024-12-10,2.732725003541884,310.0828672232965,0.4693427998602874
RIO.L/ANTO.L,2024-12-11,2.7351285820785014,257.1840061032326,0.06095424669219251
RIO.L/ANTO.L,2024-12-12,2.738159931103256,334.53278368274096,0.6147988391964312
RIO.L/ANTO.L,2024-12-13,2.7405834468354806,270.2388469966436,0.1122868587741417
RIO.L/ANTO.L,2024-12-16,2.742782606529609,247.3483549950788,-0.08583284702817845
RIO.L/ANTO.L,2024-12-17,2.7454746738042815,306.9475722801144,0.3482877690727138
RIO.L/ANTO.L,2024-12-18,2.747683453970939,252.74832523071018,-0.11438884787678537
RIO.L/ANTO.L,2024-12-19,2.7504691505781835,327.23130751381086,0.472801871580115
RIO.L/ANTO.L,2024-12-20,2.752399053759365,223.53308708186432,-0.48586992426532355
RIO.L/ANTO.L,2024-12-23,2.7543328660307633,222.36097728224922,-0.5415408633843425
RIO.L/ANTO.L,2024-12-24,2.75639355220779,236.6565708387052,-0.4374628442670341
RIO.L/ANTO.L,2024-12-27,2.758349713332139,224.24240761641795,-0.5712324178196959
RIO.L/ANTO.L,2024-12-30,2.76072059047552,275.0842257274635,-0.0795758811481239
RIO.L/ANTO.L,2024-12-31,2.7635384676471313,325.4278763895145,0.3893580295797051
RIO.L/ANTO.L,2025-01-02,2.7661422265173585,295.88139309495637,0.06455262754288202
RIO.L/ANTO.L,2025-01-03,2.768658200548403,289.5502964909456,-0.032716047878880654
RIO.L/ANTO.L,2025-01-06,2.770080999957684,160.15865670021776,-1.450445685043204
RIO.L/ANTO.L,2025-01-07,2.7712710400518117,135.18941804992573,-1.7928969815911167
RIO.L/ANTO.L,2025-01-08,2.7722059567663164,105.07917311105211,-2.158923634130586
RIO.L/ANTO.L,2025-01-09,2.7725415495095587,39.26461533632937,-2.709370008729051
RIO.L/ANTO.L,2025-01-10,2.773521443213639,107.79334664758062,-1.8801340233401729
RIO.L/ANTO.L,2025-01-13,2.7752585790860547,188.42059048418923,-1.0223535623696614
RIO.L/ANTO.L,2025-01-14,2.7773244006526565,223.44660611048766,-0.6651431810865375
RIO.L/ANTO.L,2025-01-15,2.7793099394512124,213.8495739042164,-0.771257577296796
RIO.L/ANTO.L,2025-01-16,2.780199351217081,95.89371091840803,-1.9273085493302855
RIO.L/ANTO.L,2025-01-17,2.7814453916489295,130.8194817292997,-1.5465029441711065
RIO.L/ANTO.L,2025-01-20,2.7827196918990955,132.6187382315793,-1.5061780152632063
RIO.L/ANTO.L,2025-01-21,2.783772724741635,111.5169138124993,-1.6659969499802283
RIO.L/ANTO.L,2025-01-22,2.7851553611958773,146.96437024203078,-1.2894177955265773
RIO.L/ANTO.L,2025-01-23,2.7863030593192137,123.55540141998517,-1.4571648165465088
RIO.L/ANTO.L,2025-01-24,2.787171169082353,93.2491901430385,-1.6663707430860273
RIO.L/ANTO.L,2025-01-27,2.788684998642179,164.8770895427524,-0.9767110227938268
RIO.L/ANTO.L,2025-01-28,2.790308311885601,180.31700668585836,-0.807641906359031
RIO.L/ANTO.L,2025-01-29,2.7913704251141365,117.0421582320696,-1.3423821036752
RIO.L/ANTO.L,2025-01-30,2.791201313240463,-13.17747090620287,-2.3671934110211073
RIO.L/ANTO.L,2025-01-31,2.7918465564701207,71.48340995707622,-1.5692085329502947
RIO.L/ANTO.L,2025-02-03,2.793085499981751,136.76020446578514,-0.9843964220433262
RIO.L/ANTO.L,2025-02-04,2.794250747436747,127.47638910458954,-1.0299373462787165
RIO.L/ANTO.L,2025-02-05,2.795698529900171,157.6730427937191,-0.7425446786355779
RIO.L/ANTO.L,2025-02-06,2.7960105112663474,35.647656481821286,-1.75372234192513
RIO.L/ANTO.L,2025-02-07,2.7955776807523667,-38.84489106174624,-2.2787648192502385
RIO.L/ANTO.L,2025-02-10,2.794345946496332,-116.63053199991373,-2.7172435825666192
RIO.L/ANTO.L,2025-02-11,2.7935683432313367,-73.81026701814153,-2.23368126827991
RIO.L/ANTO.L,2025-02-12,2.7932173752679748,-31.020287643495067,-1.8151823494489758
RIO.L/ANTO.L,2025-02-13,2.7920789750573376,-107.63770887721967,-2.2600207151709775
RIO.L/ANTO.L,2025-02-14,2.791268578972834,-75.8157345478894,-1.9359248483164224
RIO.L/ANTO.L,2025-02-17,2.79079565763468,-42.58531405460599,-1.6373766067054834
RIO.L/ANTO.L,2025-02-18,2.7903205282881607,-42.919431316664486,-1.5796956043372674
RIO.L/ANTO.L,2025-02-19,2.788973102156487,-128.6143342011419,-2.112425961150481
RIO.L/ANTO.L,2025-02-20,2.788009926214789,-91.10544127588037,-1.810249936526033
RIO.L/ANTO.L,2025-02-21,2.7880088376857133,4.126286096570766,-1.0894806694931076
RIO.L/ANTO.L,2025-02-24,2.7886321684721103,68.84972512729291,-0.5840271037489033
RIO.L/ANTO.L,2025-02-25,2.7887055125579967,12.014823696640633,-0.9875164775656615
RIO.L/ANTO.L,2025-02-26,2.7875610803452107,-112.93001366445151,-1.8684969423617803
RIO.L/ANTO.L,2025-02-27,2.7862030114417204,-136.04169426950557,-1.950371573052748
RIO.L/ANTO.L,2025-02-28,2.7857981205883817,-38.65500925721153,-1.182478771944166
RIO.L/ANTO.L,2025-03-03,2.7849316983896624,-85.09037781070583,-1.4687613833392192
RIO.L/ANTO.L,2025-03-04,2.7856646512772922,82.9577273338491,-0.22158842149549465
RIO.L/ANTO.L,2025-03-05,2.783958931752705,-167.70771762383174,-1.9607035186618555
RIO.L/ANTO.L,2025-03-06,2.779949927941719,-391.0700573054319,-3.1756421511444963
RIO.L/ANTO.L,2025-03-07,2.7766941928865103,-320.77397756486425,-2.540892109353286
RIO.L/ANTO.L,2025-03-10,2.775863766402912,-82.36669255966444,-1.022079450295525
RIO.L/ANTO.L,2025-03-11,2.77490903317738,-96.42530994346725,-1.0774937829952709
RIO.L/ANTO.L,2025-03-12,2.7730795349101833,-187.62596257780206,-1.5899062475721526
RIO.L/ANTO.L,2025-03-13,2.7702895240194234,-280.33237506175465,-2.0581189641843642
RIO.L/ANTO.L,2025-03-14,2.767166580923706,-307.0804045331288,-2.11578606125875
RIO.L/ANTO.L,2025-03-17,2.763599421096389,-344.0613585143128,-2.207758301211766
RIO.L/ANTO.L,2025-03-18,2.7586773287983464,-464.41631256105575,-2.708443623489509
RIO.L/ANTO.L,2025-03-19,2.754154857873015,-429.9605762984629,-2.3610937917127393
RIO.L/ANTO.L,2025-03-20,2.749918657183552,-409.6158466826337,-2.1317586504115695
RIO.L/ANTO.L,2025-03-21,2.747560813075445,-238.36396473947934,-1.206699635561083
RIO.L/ANTO.L,2025-03-24,2.7445427454221063,-298.2394105554258,-1.461223365706347
RIO.L/ANTO.L,2025-03-25,2.740149944132284,-423.17532782953185,-2.0082725801214627
RIO.L/ANTO.L,2025-03-26,2.7371359561684225,-295.3858078387311,-1.327755646608819
RIO.L/ANTO.L,2025-03-27,2.7365995910941985,-52.56183000801684,-0.05988663304099379
RIO.L/ANTO.L,2025-03-28,2.736329976650278,-25.05380054000034,0.11458284459722366
RIO.L/ANTO.L,2025-03-31,2.736461210118015,19.017606699985663,0.3676603712430476
RIO.L/ANTO.L,2025-04-01,2.736721823898021,33.18621039892969,0.4569145763137061
RIO.L/ANTO.L,2025-04-02,2.7366424370192712,-4.595375770359169,0.2619058471068142
RIO.L/ANTO.L,2025-04-03,2.738395464332617,213.897151941198,1.4243678570934208
RIO.L/ANTO.L,2025-04-04,2.7410717113357053,355.95924787379545,2.099705121238943
RIO.L/ANTO.L,2025-04-07,2.74430290414652,436.42084664543154,2.402770321338934
RIO.L/ANTO.L,2025-04-08,2.7472680034942663,396.48299390515194,2.132619713670339
RIO.L/ANTO.L,2025-04-09,2.7495078362953973,299.06454451118316,1.6310998738824047
RIO.L/ANTO.L,2025-04-10,2.7510836473525475,200.80305419377783,1.1366066310158627
RIO.L/ANTO.L,2025-04-11,2.753110409879401,253.37904714210754,1.3653529271575793
RIO.L/ANTO.L,2025-04-14,2.754425285914387,160.1275268407062,0.9167952056623855
RIO.L/ANTO.L,2025-04-15,2.7553930229932004,117.19439490679815,0.711795229253172
RIO.L/ANTO.L,2025-04-16,2.755952635443569,68.62181883579433,0.48899534155241053
RIO.L/ANTO.L,2025-04-17,2.7572434740592504,153.82711705843667,0.8918838925532417
RIO.L/ANTO.L,2025-04-22,2.7584952648427667,146.38981917599267,0.8495475461742514
RIO.L/ANTO.L,2025-04-23,2.7580972751212056,-37.89394333164182,-0.010439505587008348
RIO.L/ANTO.L,2025-04-24,2.75766214131904,-41.510658377032996,-0.010148417086607762
RIO.L/ANTO.L,2025-04-25,2.7563529958958464,-132.45014589978382,-0.43114424613875285
RIO.L/ANTO.L,2025-04-28,2.755320931583439,-104.71885255217785,-0.28906921407447633
RIO.L/ANTO.L,2025-04-29,2.7541227049639785,-121.14772329982043,-0.3537492730479779
RIO.L/ANTO.L,2025-04-30,2.7536067618587388,-51.77157087584692,-0.001581712260227643
RIO.L/ANTO.L,2025-05-01,2.751863713791195,-180.0905745750515,-0.6061628234470737
RIO.L/ANTO.L,2025-05-02,2.7500849552228304,-180.77371157499692,-0.5857173799302136
RIO.L/ANTO.L,2025-05-06,2.747675352996685,-244.10997057244276,-0.8715899532069993
RIO.L/ANTO.L,2025-05-07,2.7465059321150966,-117.98926024838784,-0.24478239086131925
RIO.L/ANTO.L,2025-05-08,2.7439062072374103,-264.2536865564589,-0.9448410021415332
RIO.L/ANTO.L,2025-05-09,2.741344199886296,-257.72917406932083,-0.8918626356710635
RIO.L/ANTO.L,2025-05-12,2.7375843046589297,-359.52714822012877,-1.3380935387673465
RIO.L/ANTO.L,2025-05-13,2.734135715361752,-329.3992933457339,-1.1630297839268693
RIO.L/ANTO.L,2025-05-14,2.7295228559316316,-434.6505533892496,-1.595230776673756
RIO.L/ANTO.L,2025-05-15,2.7256517716202397,-368.9879676348419,-1.2504978214951976
RIO.L/ANTO.L,2025-05-16,2.7227241449588093,-284.2705457410493,-0.8417073991467081
RIO.L/ANTO.L,2025-05-19,2.7201546236999823,-252.46120913833965,-0.6856811619350351
RIO.L/ANTO.L,2025-05-20,2.7181818950591694,-194.25445110037617,-0.4148487112652891
RIO.L/ANTO.L,2025-05-21,2.716279576379637,-188.39307594640468,-0.3742967010660386
RIO.L/ANTO.L,2025-05-22,2.71456457366105,-172.44607548631302,-0.2856366703882686
RIO.L/ANTO.L,2025-05-23,2.7120044516519473,-256.1610957577086,-0.6437543922023607
RIO.L/ANTO.L,2025-05-27,2.708281545033368,-370.3663130792638,-1.1282701419886518
RIO.L/ANTO.L,2025-05-28,2.704774522507977,-353.39296602403283,-1.0267504201753983
RIO.L/ANTO.L,2025-05-29,2.7013569659182277,-344.08504181422086,-0.9564311879351346
RIO.L/ANTO.L,2025-05-30,2.697643245523894,-376.21431768774164,-1.0662221705560746
RIO.L/ANTO.L,2025-06-02,2.692788195579799,-483.98394352885407,-1.477706497136757
RIO.L/ANTO.L,2025-06-03,2.6879573119478017,-485.3325773307788,-1.4347188499145596
RIO.L/ANTO.L,2025-06-04,2.681591187758317,-621.8954799348476,-1.948222166999661
RIO.L/ANTO.L,2025-06-05,2.6728280078661184,-816.2645722757716,-2.568838385389652
RIO.L/ANTO.L,2025-06-06,2.6655473452230405,-698.9863892013736,-1.9995663680704132
RIO.L/ANTO.L,2025-06-09,2.658522914042378,-676.5212663418652,-1.8248447947021917
RIO.L/ANTO.L,2025-06-10,2.6520987751987106,-623.3488972530267,-1.569042027607154
RIO.L/ANTO.L,2025-06-11,2.6469602384115625,-512.124107587867,-1.1444121750633278
RIO.L/ANTO.L,2025-06-12,2.6420731749582873,-493.5044728356788,-1.0585499700327066
RIO.L/ANTO.L,2025-06-13,2.637793662818592,-437.75697776476227,-0.853567166677966
RIO.L/ANTO.L,2025-06-16,2.6334801914536228,-439.23972448024233,-0.8614010161658395
RIO.L/ANTO.L,2025-06-17,2.6295125368342305,-410.2678777831079,-0.7615645155807841
RIO.L/ANTO.L,2025-06-18,2.6258596345842906,-380.3443672761987,-0.6589565070854909
RIO.L/ANTO.L,2025-06-19,2.6228526643564796,-323.2704574619138,-0.4524989540285358
RIO.L/ANTO.L,2025-06-20,2.6200258069690134,-303.54510499276967,-0.3828594518335834
RIO.L/ANTO.L,2025-06-23,2.6176570236084693,-253.88814181555972,-0.2195054422305043
RIO.L/ANTO.L,2025-06-24,2.614391151946542,-343.10555768266295,-0.5309747367793438
RIO.L/ANTO.L,2025-06-25,2.6107562433498237,-384.06594720587236,-0.6548559066064961
RIO.L/ANTO.L,2025-06-26,2.6057195791434506,-502.9102707288157,-1.0387184270201228
RIO.L/ANTO.L,2025-06-27,2.6009852142718186,-473.75739728446115,-0.9064011016894012
RIO.L/ANTO.L,2025-06-30,2.596484228413181,-455.281881932382,-0.8140450315045907
RIO.L/ANTO.L,2025-07-01,2.591628666719266,-485.80926535350227,-0.8910307684539924
RIO.L/ANTO.L,2025-07-02,2.5856331308374254,-575.0550159383029,-1.167224825614633
RIO.L/ANTO.L,2025-07-03,2.5783750976153774,-692.4919243565264,-1.5480657115221446
RIO.L/ANTO.L,2025-07-04,2.572071051690655,-614.6366882596722,-1.2591856208633332
RIO.L/ANTO.L,2025-07-07,2.565433236895146,-644.6012944653812,-1.3626394763595113
RIO.L/ANTO.L,2025-07-08,2.559205290720702,-602.8360909435514,-1.1833192377375494
RIO.L/ANTO.L,2025-07-09,2.554326635695076,-486.7161982267962,-0.6895315488340664
RIO.L/ANTO.L,2025-07-10,2.550686534570028,-358.78005207891965,-0.11599667105969667
RIO.L/ANTO.L,2025-07-11,2.547105559944781,-352.73068848977255,-0.05367822105033902
RIO.L/ANTO.L,2025-07-14,2.5439326000500175,-316.68038554362647,0.15204753640706523
RIO.L/ANTO.L,2025-07-15,2.5406913313107737,-328.3523314542026,0.13240164779190786
RIO.L/ANTO.L,2025-07-16,2.5380882177288817,-263.49067854779514,0.5182778142401422
RIO.L/ANTO.L,2025-07-17,2.536193831712384,-192.2688911181749,0.977816512298936
RIO.L/ANTO.L,2025-07-18,2.5336922046199044,-248.81004821286388,0.6998243793089554
RIO.L/ANTO.L,2025-07-21,2.5301092067279725,-342.30352568741,0.1994790198024775
RIO.L/ANTO.L,2025-07-22,2.5266723951415746,-323.0944997925217,0.33745380207721853
RIO.L/ANTO.L,2025-07-23,2.522850653433614,-356.76704269048423,0.16422351854775344
RIO.L/ANTO.L,2025-07-24,2.5190267809443436,-358.53283351512346,0.18178137075752976
RIO.L/ANTO.L,2025-07-25,2.5149455513134784,-384.7545149649568,0.05376614638144637
RIO.L/ANTO.L,2025-07-28,2.510875163269438,-387.4096154468425,0.060021732516903056
RIO.L/ANTO.L,2025-07-29,2.50741702929419,-332.14219791282994,0.4524799264207132
RIO.L/ANTO.L,2025-07-30,2.503184430547719,-406.7207642759922,-0.03468342850274332
RIO.L/ANTO.L,2025-07-31,2.501272987548523,-193.51636131902796,1.453654373681566
RIO.L/ANTO.L,2025-08-01,2.498963468416238,-233.15296941414726,1.1703196278752916
RIO.L/ANTO.L,2025-08-04,2.4958472138211962,-310.8599871248307,0.6423651451533654
RIO.L/ANTO.L,2025-08-05,2.492636383376336,-319.8942217881013,0.5738017717444531
RIO.L/ANTO.L,2025-08-06,2.4886016381498304,-395.4048292178677,0.05777054263509503
RIO.L/ANTO.L,2025-08-07,2.484440776638627,-407.3629642917267,-0.02853406915649065
RIO.L/ANTO.L,2025-08-08,2.4797614908574364,-448.1403058091337,-0.3028593075448434
RIO.L/ANTO.L,2025-08-11,2.4749778866070167,-456.6377013823476,-0.3436949293973009
RIO.L/ANTO.L,2025-08-12,2.469850883382317,-481.48449996405816,-0.49463470321671543
RIO.L/ANTO.L,2025-08-13,2.4640872419269524,-535.3173253929144,-0.8458731463980002
RIO.L/ANTO.L,2025-08-14,2.4569694081774824,-669.7751071267166,-1.7435355531587808
RIO.L/ANTO.L,2025-08-15,2.449628045745207,-685.082082463502,-1.7920868257864482
RIO.L/ANTO.L,2025-08-18,2.4423735981173738,-686.3247116524008,-1.7281726506749466
RIO.L/ANTO.L,2025-08-19,2.4353288475097026,-664.6901908914224,-1.513894002364427
RIO.L/ANTO.L,2025-08-20,2.4284759811723564,-648.6294822966411,-1.3519205303529034
RIO.L/ANTO.L,2025-08-21,2.421646999014815,-642.6233635457775,-1.2650108155629622
RIO.L/ANTO.L,2025-08-22,2.414848839598737,-632.9821894688421,-1.16012125432624
RIO.L/ANTO.L,2025-08-26,2.408179748625837,-625.669155811469,-1.084412733343482
RIO.L/ANTO.L,2025-08-27,2.4022182026185828,-566.9546312243665,-0.6834281781611647
RIO.L/ANTO.L,2025-08-28,2.396548879775717,-535.7885367753834,-0.490677334331454
RIO.L/ANTO.L,2025-08-29,2.3914246941866852,-488.65347578845194,-0.2242485425648301
RIO.L/ANTO.L,2025-09-01,2.3860016355554374,-518.8905022746076,-0.46764328703789654
RIO.L/ANTO.L,2025-09-02,2.3808970814966766,-493.2235152747926,-0.31237743414382
RIO.L/ANTO.L,2025-09-03,2.374477819120704,-604.2424620908532,-1.130421065877689
RIO.L/ANTO.L,2025-09-04,2.369458388896455,-484.5501023873894,-0.25563007871632804
RIO.L/ANTO.L,2025-09-05,2.3656879639407884,-366.3796268995293,0.5958642466195122
RIO.L/ANTO.L,2025-09-08,2.3616800037666974,-387.20384671783904,0.4362969992818616
RIO.L/ANTO.L,2025-09-09,2.3557708963313075,-563.3717589979333,-0.8332208592686801
RIO.L/ANTO.L,2025-09-10,2.3497369952118246,-576.8248465345569,-0.9050798967707615
RIO.L/ANTO.L,2025-09-11,2.343822251704184,-566.2146900229218,-0.8033139856085435
RIO.L/ANTO.L,2025-09-12,2.337370652493318,-611.6376812464487,-1.0931640964349423
RIO.L/ANTO.L,2025-09-15,2.330017631142862,-684.5678050291144,-1.5555454206964499
RIO.L/ANTO.L,2025-09-16,2.3229770029451533,-657.4874423772008,-1.3212747098516986
RIO.L/ANTO.L,2025-09-17,2.316075004472242,-651.1035113388198,-1.2317795002488117
RIO.L/ANTO.L,2025-09-18,2.308622676685706,-702.1706134261531,-1.5310704182247015
RIO.L/ANTO.L,2025-09-19,2.3005998266435013,-746.570944138507,-1.7639574787318
RIO.L/ANTO.L,2025-09-22,2.292787870206623,-718.7898785442858,-1.5164435220743762
RIO.L/ANTO.L,2025-09-23,2.283579672187255,-831.9865619363627,-2.1401370638129524
RIO.L/ANTO.L,2025-09-24,2.2686198868349607,-1246.9322865520626,-4.008449589312656
RIO.L/ANTO.L,2025-09-25,2.257517361748986,-950.3697496622544,-2.2572958366907208
RIO.L/ANTO.L,2025-09-26,2.2438475413546795,-1151.8774266855135,-3.0199411226673094
RIO.L/ANTO.L,2025-09-29,2.227306422047688,-1338.322747898067,-3.44674872809149
RIO.L/ANTO.L,2025-09-30,2.212935714746778,-1201.5745008409249,-2.648350270408199
RIO.L/ANTO.L,2025-10-01,2.200720213411167,-1051.7593830655314,-1.9474446794956048
RIO.L/ANTO.L,2025-10-02,2.189514921248106,-983.0842057629543,-1.6107288442462906
RIO.L/ANTO.L,2025-10-03,2.178219718046741,-984.2048400125386,-1.550239472289578
RIO.L/ANTO.L,2025-10-06,2.1684812980760473,-860.9405368496555,-1.0513247344299037
RIO.L/ANTO.L,2025-10-07,2.1592001649689943,-832.5279189950361,-0.91388414720798
RIO.L/ANTO.L,2025-10-08,2.1481998475341975,-954.30067613956,-1.3218391739614492
RIO.L/ANTO.L,2025-10-09,2.1383875037455904,-867.1743713021488,-0.9654837673605827
RIO.L/ANTO.L,2025-10-10,2.1301389491383906,-754.3573491818379,-0.5180628157863703
RIO.L/ANTO.L,2025-10-13,2.1197466797334297,-911.9210358527444,-1.0846774626844575
RIO.L/ANTO.L,2025-10-14,2.1115486861032475,-743.0771241041593,-0.41411040092516554
RIO.L/ANTO.L,2025-10-15,2.103843792485295,-698.6176445490592,-0.22019761731776546
RIO.L/ANTO.L,2025-10-16,2.0960859458314136,-705.2402325758321,-0.22575951572741584
RIO.L/ANTO.L,2025-10-17,2.0906571460521977,-518.8736626225009,0.5289859394738182
RIO.L/ANTO.L,2025-10-20,2.0854212869754645,-495.86312515940153,0.6325750134193128
RIO.L/ANTO.L,2025-10-21,2.0813940741247845,-391.04476168059773,1.0554404842370961
RIO.L/ANTO.L,2025-10-22,2.0785081626165662,-279.64605996929913,1.4934273335300956
RIO.L/ANTO.L,2025-10-23,2.0765678962880703,-186.8791734750912,1.8127639539278366
RIO.L/ANTO.L,2025-10-24,2.0741953462033895,-227.13416608172702,1.6632657563506061
RIO.L/ANTO.L,2025-10-28,2.0706212206326033,-333.35674613485116,1.263280470372915
RIO.L/ANTO.L,2025-10-29,2.0667349641556885,-354.0948065885377,1.1879764903970336
RIO.L/ANTO.L,2025-10-30,2.063218880632389,-326.57988527643465,1.299164148497716
RIO.L/ANTO.L,2025-10-31,2.0604065011001804,-264.1637454411748,1.5227590782090639
RIO.L/ANTO.L,2025-11-03,2.057395702571892,-289.1382510196081,1.4030831018244276
RIO.L/ANTO.L,2025-11-04,2.0553400212968107,-202.94557948699094,1.6906153020457155
RIO.L/ANTO.L,2025-11-05,2.053602935026695,-171.7904118669867,1.751753464282743
RIO.L/ANTO.L,2025-11-06,2.0497733256674153,-371.2202969770469,0.9907371401692903
RIO.L/ANTO.L,2025-11-07,2.046227615291121,-347.41406043964435,1.0588540316572532
RIO.L/ANTO.L,2025-11-10,2.042947682767752,-318.67007462748734,1.1310847971269113
RIO.L/ANTO.L,2025-11-11,2.0396309412726152,-321.23006189655916,1.0886390547497529
RIO.L/ANTO.L,2025-11-12,2.0364148444577803,-307.816319724363,1.1031680271364948
RIO.L/ANTO.L,2025-11-13,2.0335657575062855,-274.4214717464065,1.1853626436413052
RIO.L/ANTO.L,2025-11-14,2.030993606598703,-249.7047758351182,1.2331519084194582
RIO.L/ANTO.L,2025-11-17,2.029358517188865,-160.00475290010127,1.4898141610150082
RIO.L/ANTO.L,2025-11-18,2.0287120101742357,-63.316932862016074,1.7419435465397728
RIO.L/ANTO.L,2025-11-19,2.0281054157047858,-58.948771376544755,1.6826334382442183
RIO.L/ANTO.L,2025-11-20,2.0277563728370667,-32.095375743063414,1.6973421525420236
RIO.L/ANTO.L,2025-11-21,2.0284558761666998,79.03515829476692,1.9507905344844083
RIO.L/ANTO.L,2025-11-24,2.029258998377773,89.45194451544921,1.8926320588234735
RIO.L/ANTO.L,2025-11-25,2.0290125416716736,-21.138050986484814,1.5083368215907607
RIO.L/ANTO.L,2025-11-26,2.0282399749975903,-73.69354852375,1.3147329368197467
RIO.L/ANTO.L,2025-11-27,2.027224155253084,-99.85092637440721,1.2006353925256208
RIO.L/ANTO.L,2025-11-28,2.02552207366502,-166.01710077624466,0.9893038710757214
RIO.L/ANTO.L,2025-12-01,2.0230150911659566,-241.5302215011825,0.7680593350390859
RIO.L/ANTO.L,2025-12-02,2.021122776694562,-185.1531179149888,0.9112405832690995
RIO.L/ANTO.L,2025-12-03,2.017292983875182,-361.88961725322406,0.40842768756601183
RIO.L/ANTO.L,2025-12-04,2.0118563655481254,-504.9359754711668,0.006628321553605035
RIO.L/ANTO.L,2025-12-05,2.006025857567183,-539.7255754012031,-0.09155515267304841
RIO.L/ANTO.L,2025-12-08,2.001317421086652,-445.49343858107113,0.1634232328290036
RIO.L/ANTO.L,2025-12-09,1.998083572604291,-310.03685443153154,0.5236140437354914
RIO.L/ANTO.L,2025-12-10,1.9957620101494025,-222.2990439725363,0.7456678252649209
RIO.L/ANTO.L,2025-12-11,1.9934056068602366,-223.15846397050245,0.7214430439779732
RIO.L/ANTO.L,2025-12-12,1.9908122397013424,-249.72523569782425,0.6267790146603421
RIO.L/ANTO.L,2025-12-15,1.9864570164164799,-408.47889443840177,0.17208715409383965
RIO.L/ANTO.L,2025-12-16,1.9823591536300118,-384.85932993712595,0.22316893614790842
RIO.L/ANTO.L,2025-12-17,1.9785128865917079,-358.3436165144958,0.2775438794334647
RIO.L/ANTO.L,2025-12-18,1.974554938246378,-367.3676537629535,0.2203432271608274
RIO.L/ANTO.L,2025-12-19,1.9707359528083523,-353.8037601321121,0.23548891081490383
RIO.L/ANTO.L,2025-12-22,1.9674439012955889,-303.6214726572698,0.3580332223410383
RIO.L/ANTO.L,2025-12-23,1.9635262246101162,-356.77735444748487,0.15185611450451272
RIO.L/ANTO.L,2025-12-24,1.9598480969504826,-338.3192929528359,0.17706653239116207
RIO.L/ANTO.L,2025-12-29,1.9562618728875594,-333.31702515093457,0.16000240897272724
RIO.L/ANTO.L,2025-12-30,1.951346467195297,-446.4285809568073,-0.31905472496567494
RIO.L/ANTO.L,2025-12-31,1.947102246883577,-392.3120617406239,-0.1506247297161166
RIO.L/ANTO.L,2026-01-02,1.9434295286846905,-343.57557918790826,0.019193455687097384
RIO.L/ANTO.L,2026-01-05,1.936584301763035,-609.401542162319,-1.1969148934101446
RIO.L/ANTO.L,2026-01-06,1.9303343300509368,-548.0716988015865,-1.0105985474422345
RIO.L/ANTO.L,2026-01-07,1.927377634478118,-271.8925207376569,0.283050629601273
RIO.L/ANTO.L,2026-01-08,1.924929750008937,-229.4181698992552,0.4733574591048031
RIO.L/ANTO.L,2026-01-09,1.9177649802578483,-656.1200501422054,-1.9218047913427816
RIO.L/ANTO.L,2026-01-12,1.9114076164314437,-579.6384916357238,-1.5550688201476217
RIO.L/ANTO.L,2026-01-13,1.905725183877395,-518.8307611734072,-1.258606520010979
RIO.L/ANTO.L,2026-01-14,1.9008308785772394,-444.2365382222897,-0.8757912677343339
RIO.L/ANTO.L,2026-01-15,1.895451027378725,-480.721151630446,-1.1139142193633271
RIO.L/ANTO.L,2026-01-16,1.8912666709570243,-387.78114976001507,-0.5455645508679979
RIO.L/ANTO.L,2026-01-19,1.8861063355986656,-475.4705453878605,-1.0862531328857437
RIO.L/ANTO.L,2026-01-20,1.8822428582149435,-364.18117824400997,-0.3743226195766754
RIO.L/ANTO.L,2026-01-21,1.8808996580345674,-122.8414467948869,1.1338693343898028
RIO.L/ANTO.L,2026-01-22,1.879557437522682,-126.36255102414088,1.0920717117435084
RIO.L/ANTO.L,2026-01-23,1.8778830213740811,-156.31372303751414,0.8819148008095659
RIO.L/ANTO.L,2026-01-26,1.873483446553204,-398.37067795506664,-0.6068704599991372
RIO.L/ANTO.L,2026-01-27,1.8702197795781859,-298.54908740213614,0.0052899065996063815
RIO.L/ANTO.L,2026-01-28,1.8682886299169266,-178.64485989815148,0.7323428851488955
RIO.L/ANTO.L,2026-01-29,1.8659137659251241,-217.40341937500307,0.48617333434393684
RIO.L/ANTO.L,2026-01-30,1.8651714405141886,-68.19122934383995,1.3676222942422025
RIO.L/ANTO.L,2026-02-02,1.865234876772471,10.46672310957274,1.782341510578258
RIO.L/ANTO.L,2026-02-03,1.8633398245108332,-171.51790960431754,0.6870581882456451
RIO.L/ANTO.L,2026-02-04,1.8656651607958947,236.05362297620104,2.8181333439689316
RIO.L/ANTO.L,2026-02-05,1.8677813074393173,221.2713181656536,2.5356275651677773
RIO.L/ANTO.L,2026-02-06,1.8691932677744807,147.304785260284,2.037347716843896
RIO.L/ANTO.L,2026-02-09,1.8682644700731854,-84.17180688612461,0.8604286339376557
RIO.L/ANTO.L,2026-02-10,1.8707784596565034,256.19425940177916,2.377362965551411
RIO.L/ANTO.L,2026-02-11,1.871109421673486,35.57791071283191,1.297698626245766
RIO.L/ANTO.L,2026-02-12,1.8733226340131792,223.14058598378233,2.0606999394693664
RIO.L/ANTO.L,2026-02-13,1.8755332700216616,224.664345570558,1.9857534885574124
RIO.L/ANTO.L,2026-02-16,1.8763001465008573,80.1950831612412,1.3347464320146973
RIO.L/ANTO.L,2026-02-17,1.8793319622955593,316.23040400324317,2.234657770426421
RIO.L/ANTO.L,2026-02-18,1.8779437871583007,-125.01030347096821,0.4321269943674873
RIO.L/ANTO.L,2026-02-19,1.8763017638765078,-154.8165507567328,0.32931601083709094
RIO.L/ANTO.L,2026-02-20,1.872498154449236,-355.126814719446,-0.49887010690585926
RIO.L/ANTO.L,2026-02-23,1.867494192428265,-461.3526015371681,-0.9210752621386247
RIO.L/ANTO.L,2026-02-24,1.8611290031019991,-574.0577337891609,-1.3490273314356085
RIO.L/ANTO.L,2026-02-25,1.8519585215075285,-791.6192661320692,-2.1315727931282336
RIO.L/ANTO.L,2026-02-26,1.8455870148906335,-582.324966255369,-1.2479768598179408
RIO.L/ANTO.L,2026-02-27,1.8387051978909765,-625.0500935852178,-1.3674643828827129
RIO.L/ANTO.L,2026-03-02,1.8355561051011178,-298.4310650046509,-0.09266141882776385
RIO.L/ANTO.L,2026-03-03,1.834687267676564,-84.95388797130636,0.7184903957226897
RIO.L/ANTO.L,2026-03-04,1.8323899693083254,-224.1744453336887,0.15220510024025136
RIO.L/ANTO.L,2026-03-05,1.8297621065484277,-270.6087699857417,-0.043818304124438066
RIO.L/ANTO.L,2026-03-06,1.828909581668148,-87.70970031274646,0.6681379203396252
RIO.L/ANTO.L,2026-03-09,1.8283195111945958,-60.551839829453456,0.7615893290029787
RIO.L/ANTO.L,2026-03-10,1.8258621838922804,-249.3926873344326,0.016840332274999856
RIO.L/ANTO.L,2026-03-11,1.824044307317614,-186.19986861271263,0.2623276035735469
RIO.L/ANTO.L,2026-03-12,1.8247330389166572,78.61263023250558,1.263013645060457
RIO.L/ANTO.L,2026-03-13,1.82701743716058,264.65590601566055,1.8918490512344337
RIO.L/ANTO.L,2026-03-16,1.82922397015581,253.00164694442356,1.7631950291932483
RIO.L/ANTO.L,2026-03-17,1.8312933279643107,233.63298292655327,1.6205391375884513
RIO.L/ANTO.L,2026-03-18,1.8339103873848601,300.85669331856025,1.77820880626396
RIO.L/ANTO.L,2026-03-19,1.8366078182696166,326.4829150464029,1.7827215938695824
RIO.L/ANTO.L,2026-03-20,1.8403148482352198,461.5714006560165,2.11926691631299
RIO.L/ANTO.L,2026-03-23,1.8417065409648108,162.650184597539,1.092970961527036
RIO.L/ANTO.L,2026-03-24,1.8438532203993079,246.64056534915835,1.320182998089526
RIO.L/ANTO.L,2026-03-25,1.8449342180298816,122.42598535382149,0.8871075759931697
RIO.L/ANTO.L,2026-03-26,1.8485778200029332,429.19569108540236,1.7960274693250833
RIO.L/ANTO.L,2026-03-27,1.8528261683229985,493.3333237531624,1.9003710068908841
RIO.L/ANTO.L,2026-03-30,1.8603275491097,891.0918436553138,2.8792272528882505
RIO.L/ANTO.L,2026-03-31,1.8668599985867507,732.5647388807702,2.2815407917583803
RIO.L/ANTO.L,2026-04-01,1.872455033593702,597.7354667587279,1.8119712513783883
RIO.L/ANTO.L,2026-04-02,1.8781224724101013,608.9534766914458,1.7588326460985628
RIO.L/ANTO.L,2026-04-07,1.8835649729720905,581.714997314718,1.630535030214081
RIO.L/ANTO.L,2026-04-08,1.88567312333392,209.49471569433535,0.6092528969354548
RIO.L/ANTO.L,2026-04-09,1.888648446849635,303.1089716716124,0.83511304156321
RIO.L/ANTO.L,2026-04-10,1.8904832404326604,183.53497154206343,0.48321639595149185
RIO.L/ANTO.L,2026-04-13,1.892319981668956,185.42485538778237,0.4642589831846244
RIO.L/ANTO.L,2026-04-14,1.8920477693496152,-21.963574834473548,-0.13866573789291714
RIO.L/ANTO.L,2026-04-15,1.8908355215559247,-112.61020609503612,-0.4210151811466328
RIO.L/ANTO.L,2026-04-16,1.893104140874055,231.0215270401095,0.5503813386716363
RIO.L/ANTO.L,2026-04-17,1.89258095243425,-45.692885060318986,-0.2623565247719424
RIO.L/ANTO.L,2026-04-20,1.8947796664625411,225.12224350043834,0.5129331388919202
RIO.L/ANTO.L,2026-04-21,1.8972124812085576,254.16880728308115,0.5780533280547949
RIO.L/ANTO.L,2026-04-22,1.8998575106679882,270.79839639221336,0.6014921417492219
RIO.L/ANTO.L,2026-04-23,1.9012139219339612,139.4730953156759,0.19261845538283812
RIO.L/ANTO.L,2026-04-24,1.904633240929827,359.53441589006434,0.8236508378471953
RIO.L/ANTO.L,2026-04-27,1.9088817249466439,454.94592491381627,1.0722682602168943
RIO.L/ANTO.L,2026-04-28,1.9145795388613507,628.9471996393304,1.5278858315960548
RIO.L/ANTO.L,2026-04-29,1.9201570592303927,622.5117718019974,1.453029447631576
RIO.L/ANTO.L,2026-04-30,1.924928657091322,514.4702833836282,1.1043895619679858
RIO.L/ANTO.L,2026-05-01,1.9299211337398579,536.8472026076024,1.1419658878484475
RIO.L/ANTO.L,2026-05-05,1.9344622201781105,486.41603071486406,0.9789886212962033
RIO.L/ANTO.L,2026-05-06,1.9376556015501383,320.033216535654,0.5023355163774479
RIO.L/ANTO.L,2026-05-07,1.9399392857444515,226.17427855062033,0.22537551525987376
RIO.L/ANTO.L,2026-05-08,1.941076123694137,115.05906757304456,-0.08052251158971914
RIO.L/ANTO.L,2026-05-11,1.9418456870852587,77.02328020489404,-0.18959620866842472
RIO.L/ANTO.L,2026-05-12,1.9441820861713726,231.65649189928627,0.24534987225254254
RIO.L/ANTO.L,2026-05-13,1.9432127073200223,-82.94033816558112,-0.6240485971539151
RIO.L/ANTO.L,2026-05-14,1.941721452898022,-132.37563690241768,-0.7493940740937273
RIO.L/ANTO.L,2026-05-15,1.9450995592135942,354.1333311203862,0.6075607908917714
RIO.L/ANTO.L,2026-05-18,1.948409613073427,349.28932523131425,0.5729908965357027
RIO.L/ANTO.L,2026-05-19,1.9519348253881912,385.3834285576304,0.6503081702495265
RIO.L/ANTO.L,2026-05-20,1.9535688553813948,172.4527957379214,0.029343362206537365
RIO.L/ANTO.L,2026-05-21,1.9550503949847198,154.011776539498,-0.05403258758509843
RIO.L/ANTO.L,2026-05-22,1.9558795457844922,87.41954955146957,-0.29400513206963735
RIO.L/ANTO.L,2026-05-26,1.9554098627632746,-41.322580928579555,-0.7854100880781257
RIO.L/ANTO.L,2026-05-27,1.9544137219663138,-92.43630238959304,-1.0334550012574002
RIO.L/ANTO.L,2026-05-28,1.9521898522972547,-208.8370308073345,-1.5484622112052302
RIO.L/ANTO.L,2026-05-29,1.9518239913341013,-31.608214271172983,-0.93325822147933
RIO.L/ANTO.L,2026-06-01,1.9514808917172481,-29.175407416824783,-0.9310153063643534
RIO.L/ANTO.L,2026-06-02,1.9483715806587447,-281.47976429377377,-1.8715873312520706
RIO.L/ANTO.L,2026-06-03,1.9454625158365908,-273.1167906045939,-1.8393938307584305
RIO.L/ANTO.L,2026-06-04,1.942043375853063,-329.9972718944591,-1.9900151405459034
RIO.L/ANTO.L,2026-06-05,1.9410152477125053,-102.8107650116417,-1.149102612531595
RIO.L/ANTO.L,2026-06-08,1.939241516973495,-179.17926072703176,-1.4431618789005958
RIO.L/ANTO.L,2026-06-09,1.9392906354772759,9.51634243459921,-0.7693754713043728
RIO.L/ANTO.L,2026-06-10,1.9400159811304314,82.68026145251406,-0.495919539360789
RIO.L/ANTO.L,2026-06-11,1.940994335698836,108.5300231870333,-0.389047514530707
RIO.L/ANTO.L,2026-06-12,1.940609153727135,-34.836823714019374,-0.9009176722006298
RIO.L/ANTO.L,2026-06-15,1.9365473413493333,-384.78838343966163,-2.080043745280065
RIO.L/ANTO.L,2026-06-16,1.9335377527337863,-289.80119148639915,-1.6662088792872698
RIO.L/ANTO.L,2026-06-17,1.9294079386443026,-398.19362489630475,-1.940211558153956
RIO.L/ANTO.L,2026-06-18,1.9249957098569161,-437.2593130584328,-1.9688856615982735
RIO.L/ANTO.L,2026-06-19,1.9237164592388085,-132.52985867810094,-0.9418312976100776
RIO.L/ANTO.L,2026-06-22,1.92278057271418,-94.48914414713272,-0.7951727760113395
RIO.L/ANTO.L,2026-06-23,1.9233675861925899,69.65556806165205,-0.25827423192384336
RIO.L/ANTO.L,2026-06-24,1.9245402188695437,137.4862547189041,-0.022108215020928464
RIO.L/ANTO.L,2026-06-25,1.9234827494138915,-110.69559793593908,-0.8064381203146833
RIO.L/ANTO.L,2026-06-26,1.9217347105131355,-183.5527176589403,-1.0352477527142045
RIO.L/ANTO.L,2026-06-29,1.9205867043600608,-121.34885388235489,-0.7988758580809873
RIO.L/ANTO.L,2026-06-30,1.918601903285969,-207.9688484992712,-1.0795764852500935
RIO.L/ANTO.L,2026-07-01,1.917199098661957,-147.08937372207492,-0.833398182393256
RIO.L/ANTO.L,2026-07-02,1.9143720880209882,-294.05866216900085,-1.3490696348642794
RIO.L/ANTO.L,2026-07-03,1.9112483473292268,-323.602641477667,-1.406754198721256
RIO.L/ANTO.L,2026-07-06,1.9072348539431996,-412.63444087810603,-1.6667169009301972
RIO.L/ANTO.L,2026-07-07,1.9039443006882333,-349.9219734378603,-1.3833560916496745
RIO.L/ANTO.L,2026-07-08,1.901996425772764,-219.16774722565515,-0.8813512826425002
RIO.L/ANTO.L,2026-07-09,1.898439922273751,-380.44085089887085,-1.4171935184581699
RIO.L/ANTO.L,2026-07-10,1.8945770907564263,-405.55833328212066,-1.4639810002112388
RIO.L/ANTO.L,2026-07-13,1.8907138739200031,-405.28865503590987,-1.408421080551715
RIO.L/ANTO.L,2026-07-14,1.8877817821311265,-300.6262824374862,-1.0240496838613171
RIO.L/ANTO.L,2026-07-15,1.8859520163522259,-191.11006812274263,-0.6274603764856119
RIO.L/ANTO.L,2026-07-16,1.8856825767707532,-25.70343865641462,-0.04597150233068993
RIO.L/ANTO.L,2026-07-17,1.8868597440067494,138.08725994045562,0.5289610462149553
RIO.L/ANTO.L,2026-07-20,1.8875833602556327,86.65530161898914,0.35428652702217667
RIO.L/ANTO.L,2026-07-21,1.8861928536444839,-144.53826740928525,-0.42434516891755336
RIO.L/ANTO.L,2026-07-22,1.8837419847568302,-248.56234995395243,-0.7639945330676504
RIO.L/ANTO.L,2026-07-23,1.8840088876145116,33.11012905860389,0.2966957905489828
RIO.L/ANTO.L,2026-07-24,1.8842159713643964,26.516628086886158,0.3274709803045383
RIO.L/ANTO.L,2026-07-27,1.8854164807035445,135.9870825242915,0.823096780430221
RIO.L/ANTO.L,2026-07-28,1.8867120829157789,145.5146444377433,0.9346043724834803
RIO.L/ANTO.L,2026-07-29,1.8891620177231747,271.4357708812513,1.5500019748422513
RIO.L/ANTO.L,2026-07-30,1.8903983825955353,133.0259173509412,0.9578831239572178
RIO.L/ANTO.L,2026-07-31,1.8927740810873965,254.95820395001738,1.5122808339870928
RIO.L/ANTO.L,2026-08-03,1.8938839030599837,120.46972299529989,0.8941881636751648
RIO.L/ANTO.L,2026-08-04,1.8925389136052142,-127.51121486739248,-0.2289131329151825
RIO.L/ANTO.L,2026-08-05,1.8909412931971403,-148.2774349930287,-0.30047028710506646
RIO.L/ANTO.L,2026-08-06,1.8903246823408897,-56.115526069809675,0.12918866056407655
RIO.L/ANTO.L,2026-08-07,1.8902992180331932,1.7398412088305122,0.3893924667736649
RIO.L/ANTO.L,2026-08-10,1.8894468799013782,-78.98892635201264,0.04706477121158558
RIO.L/ANTO.L,2026-08-11,1.8883354523344478,-104.51697679897006,-0.04186105200704272
RIO.L/ANTO.L,2026-08-12,1.8874712826896645,-80.59378881946304,0.12499379801679217
RIO.L/ANTO.L,2026-08-13,1.8881378634418058,74.70873321573163,0.9733050180107862
RIO.L/ANTO.L,2026-08-14,1.8906449469796816,281.56776263622396,2.037281285521068
RIO.L/ANTO.L,2026-08-17,1.8931772822869022,280.8061765701141,1.9652904292680988
RIO.L/ANTO.L,2026-08-18,1.896546852481163,377.3033239179849,2.3140728109546798
RIO.L/ANTO.L,2026-08-19,1.899862242845277,355.26008358346826,2.0860635552730153
RIO.L/ANTO.L,2026-08-20,1.904064647340348,448.0882052223915,2.3586034967216056
RIO.L/ANTO.L,2026-08-21,1.9060735927993957,205.36477296616067,1.230188185521294
RIO.L/ANTO.L,2026-08-24,1.9069643412493114,92.12983837464708,0.714107447325912
RIO.L/ANTO.L,2026-08-25,1.9077608655972642,82.38472813878707,0.6466544614881757
RIO.L/ANTO.L,2026-08-26,1.9081674138271831,44.134821826901316,0.4554669133976514
RIO.L/ANTO.L,2026-08-27,1.907945068277533,-17.587376642498384,0.15776190525682654
RIO.L/ANTO.L,2026-08-28,1.9075958581743313,-30.177027357413863,0.09520538759215748
RIO.L/ANTO.L,2026-09-01,1.9101380756876503,269.56318193193056,1.4011029248203486
RIO.L/ANTO.L,2026-09-02,1.9121939707229663,217.54102562429034,1.1404662836412882
RIO.L/ANTO.L,2026-09-03,1.9129745473477824,83.4451561864762,0.5470700441500675
RIO.L/ANTO.L,2026-09-04,1.9143649340955882,146.26128301577228,0.8204997159219353
RIO.L/ANTO.L,2026-09-07,1.9160119392317327,173.38546087470604,0.9181953601125196
RIO.L/ANTO.L,2026-09-08,1.9151758477378737,-77.832634618263,-0.209514999990974
RIO.L/ANTO.L,2026-09-09,1.914610717554827,-52.61364878419863,-0.11573757111769686
RIO.L/ANTO.L,2026-09-10,1.915882801263584,140.20595643502475,0.7307313099640064
RIO.L/ANTO.L,2026-09-11,1.9168704768462963,109.06089275253726,0.5618477713224063
RIO.L/ANTO.L,2026-09-14,1.9197159126848231,322.8987371122239,1.517344991978092
RIO.L/ANTO.L,2026-09-15,1.9233017078490897,413.52072082033646,1.8479851438188002
RIO.L/ANTO.L,2026-09-16,1.9258029585211047,280.66416707514963,1.2130678440258946
RIO.L/ANTO.L,2026-09-17,1.9275527076545929,191.19987626269722,0.8048998093952117
RIO.L/ANTO.L,2026-09-18,1.929028421557357,163.5430623647453,0.659760184170589
RIO.L/ANTO.L,2026-09-21,1.9284970011985383,-51.219185522085354,-0.31290408416854865
RIO.L/ANTO.L,2026-09-22,1.9267893220478816,-170.65136463000908,-0.8444926139941911
RIO.L/ANTO.L,2026-10-05,1.9247582694581817,-204.22223818050134,-0.9957606099136488
RIO.L/ANTO.L,2026-10-06,1.9227903417381027,-198.3642185151948,-0.9624223244742273
RIO.L/ANTO.L,2026-10-07,1.9220558039726088,-74.23002826687116,-0.42980592015906227
RIO.L/ANTO.L,2026-10-08,1.9228426302276282,90.1523180293998,0.29193852172727897
RIO.L/ANTO.L,2026-10-09,1.9216616049865922,-118.66425079945293,-0.7230308600207611
PRU.L/ABDN.L,2018-01-02,3.198535049903455,11.339634779721337,
PRU.L/ABDN.L,2018-01-03,3.220334284486658,13.894088620254934,
PRU.L/ABDN.L,2018-01-04,3.2214983317215458,4.336211318468941,
PRU.L/ABDN.L,2018-01-05,3.232088730510657,18.526372568719353,
PRU.L/ABDN.L,2018-01-08,3.2260549775917613,-8.295759688506678,
PRU.L/ABDN.L,2018-01-09,3.219509629976353,-12.376502365612623,
PRU.L/ABDN.L,2018-01-10,3.226134572092667,22.102947665086504,
PRU.L/ABDN.L,2018-01-11,3.22765058270491,8.253566160412902,
PRU.L/ABDN.L,2018-01-12,3.230463973138511,13.99336441765513,
PRU.L/ABDN.L,2018-01-15,3.234008511337397,18.681524545027287,
PRU.L/ABDN.L,2018-01-16,3.2380244603950556,22.752242393108872,
PRU.L/ABDN.L,2018-01-17,3.2442292899776217,36.55255999514384,
PRU.L/ABDN.L,2018-01-18,3.247328542290611,21.19830958554394,
PRU.L/ABDN.L,2018-01-19,3.250431268831041,22.740526592984452,
PRU.L/ABDN.L,2018-01-22,3.2513578870920306,9.540294333151223,
PRU.L/ABDN.L,2018-01-23,3.2510384494504834,0.9299390168343962,
PRU.L/ABDN.L,2018-01-24,3.249797492435968,-6.353677446061283,
PRU.L/ABDN.L,2018-01-25,3.2488755438667876,-4.405401863413999,
PRU.L/ABDN.L,2018-01-26,3.247396856308259,-9.636344339148536,
PRU.L/ABDN.L,2018-01-29,3.2478270458375564,7.199552600013476,
PRU.L/ABDN.L,2018-01-30,3.246956549665958,-5.20033859016371,
PRU.L/ABDN.L,2018-01-31,3.2473463020944067,7.241737463905565,
PRU.L/ABDN.L,2018-02-01,3.2475893871450747,5.851578673236645,
PRU.L/ABDN.L,2018-02-02,3.2469417629745108,-3.9808323602337623,
PRU.L/ABDN.L,2018-02-05,3.2456682052019565,-11.751051499025834,
PRU.L/ABDN.L,2018-02-06,3.245872298793048,5.8677443562455665,
PRU.L/ABDN.L,2018-02-07,3.2478083385460814,28.36743443551336,
PRU.L/ABDN.L,2018-02-08,3.2502253072774376,36.58809848465853,
PRU.L/ABDN.L,2018-02-09,3.252796336560016,40.23884643070187,
PRU.L/ABDN.L,2018-02-12,3.255079150276439,36.28527537364994,
PRU.L/ABDN.L,2018-02-13,3.255772693704018,13.389898275534733,
PRU.L/ABDN.L,2018-02-14,3.2593705280172762,58.48066746624204,
PRU.L/ABDN.L,2018-02-15,3.26935137364607,172.72023314006105,
PRU.L/ABDN.L,2018-02-16,3.278803507098745,164.8002697448187,
PRU.L/ABDN.L,2018-02-19,3.285647802161192,119.60493545745408,
PRU.L/ABDN.L,2018-02-20,3.2912500100496573,98.03860888791337,
PRU.L/ABDN.L,2018-02-21,3.2971884652947794,105.89927119424488,
PRU.L/ABDN.L,2018-02-22,3.3015169779001465,78.5610568230934,
PRU.L/ABDN.L,2018-02-23,3.307010631173783,103.09775894737754,
PRU.L/ABDN.L,2018-02-26,3.3135022095708826,124.88069369211325,
PRU.L/ABDN.L,2018-02-27,3.31930291700335,112.78874087399527,
PRU.L/ABDN.L,2018-02-28,3.3254863044378147,123.75418468161956,
PRU.L/ABDN.L,2018-03-01,3.3319438514362134,131.98829277698155,
PRU.L/ABDN.L,2018-03-02,3.3364119159385064,93.31884730390038,
PRU.L/ABDN.L,2018-03-05,3.3416642406104353,111.71484248269917,
PRU.L/ABDN.L,2018-03-06,3.346744314968678,108.9878739940134,
PRU.L/ABDN.L,2018-03-07,3.351664875735551,105.82264469370875,
PRU.L/ABDN.L,2018-03-08,3.3564789535800403,104.01929144365886,
PRU.L/ABDN.L,2018-03-09,3.3616466156209013,113.09630694706925,
PRU.L/ABDN.L,2018-03-12,3.3664158707865783,105.42216170941879,
PRU.L/ABDN.L,2018-03-13,3.37081169628132,99.53553681569474,
PRU.L/ABDN.L,2018-03-14,3.3788391698659646,182.23247968656392,
PRU.L/ABDN.L,2018-03-15,3.386568230166259,174.347790854609,
PRU.L/ABDN.L,2018-03-16,3.3925978630908693,137.3710551759541,
PRU.L/ABDN.L,2018-03-19,3.397527780275509,114.82307000043579,
PRU.L/ABDN.L,2018-03-20,3.4028520681556302,124.32502891844842,
PRU.L/ABDN.L,2018-03-21,3.4074744080807156,108.88807247756745,
PRU.L/ABDN.L,2018-03-22,3.411174282671517,89.8769339381513,
PRU.L/ABDN.L,2018-03-23,3.414637267081177,86.27361354439313,
PRU.L/ABDN.L,2018-03-26,3.418671634390896,103.55687111840666,0.7303488607104026
PRU.L/ABDN.L,2018-03-27,3.4225112058229965,97.58942605723337,0.6032771532532734
PRU.L/ABDN.L,2018-03-28,3.4268211657085272,110.61238604810387,0.8037849485082252
PRU.L/ABDN.L,2018-03-29,3.429470550265879,70.33412897556059,0.07933794029730282
PRU.L/ABDN.L,2018-04-03,3.4316155899621275,58.603851470937116,-0.14090814782503275
PRU.L/ABDN.L,2018-04-04,3.4339909736461496,65.19215789990722,-0.04613561367672711
PRU.L/ABDN.L,2018-04-05,3.4363785198535814,64.3372600579712,-0.08627889447939241
PRU.L/ABDN.L,2018-04-06,3.4380041390244,45.019422979983574,-0.4511825570696084
PRU.L/ABDN.L,2018-04-09,3.4396038841212735,44.426046994726676,-0.4776840671849325
PRU.L/ABDN.L,2018-04-10,3.441899436693328,62.78541562476812,-0.15144482728098696
PRU.L/ABDN.L,2018-04-11,3.4445394715608386,72.48844647586179,0.014659027125669064
PRU.L/ABDN.L,2018-04-12,3.4455169097778553,28.37055685330961,-0.8269831067693585
PRU.L/ABDN.L,2018-04-13,3.447531882282623,55.39988208968862,-0.3193618112344957
PRU.L/ABDN.L,2018-04-16,3.4490534285534467,43.30000427983464,-0.5605155201704304
PRU.L/ABDN.L,2018-04-17,3.4499759841422146,27.355954479737875,-0.8693114949597721
PRU.L/ABDN.L,2018-04-18,3.4514718154741035,42.35482556267243,-0.5972375729783604
PRU.L/ABDN.L,2018-04-19,3.454775421702766,93.26183309796966,0.3670713410116054
PRU.L/ABDN.L,2018-04-20,3.458622179795826,108.62946813252324,0.6445289677524805
PRU.L/ABDN.L,2018-04-23,3.462522424706709,109.99006396944992,0.6462021645028914
PRU.L/ABDN.L,2018-04-24,3.4667636823129917,121.65189050448157,0.8596517482340246
PRU.L/ABDN.L,2018-04-25,3.470068070397888,95.95134731022472,0.29545064075285865
PRU.L/ABDN.L,2018-04-26,3.4734605114311687,99.01829703705403,0.3338125041911193
PRU.L/ABDN.L,2018-04-27,3.4769390448662594,101.80649882576608,0.36933246115939694
PRU.L/ABDN.L,2018-04-30,3.4805593381719175,106.18589632169892,0.44227652047872984
PRU.L/ABDN.L,2018-05-01,3.4848569826720968,126.75131075976606,0.8983095164420707
PRU.L/ABDN.L,2018-05-02,3.488486733456696,106.92981219478156,0.39533941065146866
PRU.L/ABDN.L,2018-05-03,3.4918428038415974,99.43139047503882,0.1734716184255583
PRU.L/ABDN.L,2018-05-04,3.4960916614213287,127.36220617550634,0.8823620410818712
PRU.L/ABDN.L,2018-05-08,3.5002359704170907,123.43446840987917,0.7502539085869854
PRU.L/ABDN.L,2018-05-09,3.504629820563296,130.2916798711267,0.9083245048024879
PRU.L/ABDN.L,2018-05-10,3.509081150241999,133.1315419965515,0.9586635117649661
PRU.L/ABDN.L,2018-05-11,3.5129578903224505,115.87014657748523,0.4471724089890533
PRU.L/ABDN.L,2018-05-14,3.516370877222217,103.40150499998595,0.056571112330515164
PRU.L/ABDN.L,2018-05-15,3.520396504931097,122.22292431578603,0.6712682810546566
PRU.L/ABDN.L,2018-05-16,3.524079385546868,112.45716022070178,0.4079287004365337
PRU.L/ABDN.L,2018-05-17,3.5278940937266063,116.98740955919334,0.5558491944382223
PRU.L/ABDN.L,2018-05-18,3.531789539496961,119.29435837254027,0.6168345834210791
PRU.L/ABDN.L,2018-05-21,3.536091571802603,131.63119918656525,0.991570646345001
PRU.L/ABDN.L,2018-05-22,3.539748008704066,112.45692702651854,0.36312240381147015
PRU.L/ABDN.L,2018-05-23,3.5435125262829748,118.64686166092406,0.5514424871987751
PRU.L/ABDN.L,2018-05-24,3.546890466261937,108.7919696777758,0.24658561368251494
PRU.L/ABDN.L,2018-05-25,3.5503973695643833,112.2161790129851,0.3566803490266554
PRU.L/ABDN.L,2018-05-29,3.5530313131038627,87.49396508393602,-0.4176803291530141
PRU.L/ABDN.L,2018-05-30,3.555624433761596,86.43223621705533,-0.4305460483510615
PRU.L/ABDN.L,2018-05-31,3.55805328975367,81.3313010950369,-0.5877501995952895
PRU.L/ABDN.L,2018-06-01,3.5603121356870426,74.50412967578586,-0.785114595106088
PRU.L/ABDN.L,2018-06-04,3.5626904597425857,77.90211549863079,-0.6572512599338024
PRU.L/ABDN.L,2018-06-05,3.5648016769873148,69.91440391634865,-0.8886594803311537
PRU.L/ABDN.L,2018-06-06,3.566876278458999,68.73828728626063,-0.9013395782875299
PRU.L/ABDN.L,2018-06-07,3.5683338575761017,48.999150284703546,-1.4678352829383068
PRU.L/ABDN.L,2018-06-08,3.571145275446179,94.76420692808051,-0.03710220825923327
PRU.L/ABDN.L,2018-06-11,3.574167114805008,100.51550078803234,0.14161503801983222
PRU.L/ABDN.L,2018-06-12,3.5771448041954694,99.63279775991327,0.16776460218147698
PRU.L/ABDN.L,2018-06-13,3.580592469927849,116.18310062675391,0.7970081019225216
PRU.L/ABDN.L,2018-06-14,3.583697975846904,104.37406277264972,0.4071084150986574
PRU.L/ABDN.L,2018-06-15,3.586727120592668,103.64143774356171,0.3889845946320382
PRU.L/ABDN.L,2018-06-18,3.589504209759333,95.49983695998594,0.11309388033388944
PRU.L/ABDN.L,2018-06-19,3.59229454013578,96.395051576382,0.1539104468742768
PRU.L/ABDN.L,2018-06-20,3.594929990925785,91.58633949409773,-0.023563146152891266
PRU.L/ABDN.L,2018-06-21,3.5974114209979837,87.86259067903848,-0.16119368885930385
PRU.L/ABDN.L,2018-06-22,3.6000965897796964,93.65014965355454,0.057341065769981665
PRU.L/ABDN.L,2018-06-25,3.6020093939570463,69.38117952148991,-0.8129202975853659
PRU.L/ABDN.L,2018-06-26,3.6044425240459548,87.80617335557167,-0.126017143294252
PRU.L/ABDN.L,2018-06-27,3.6073544808280555,105.20754071268288,0.492797389165631
PRU.L/ABDN.L,2018-06-28,3.610017851484437,98.21162561096617,0.21364648910724174
PRU.L/ABDN.L,2018-06-29,3.6126823041969853,98.07043725092262,0.1895940618618847
PRU.L/ABDN.L,2018-07-02,3.615436361304336,101.94373018737224,0.31459290237048304
PRU.L/ABDN.L,2018-07-03,3.618767464367227,122.6248101948629,1.0720140744922892
PRU.L/ABDN.L,2018-07-04,3.6224670368638696,137.31107683550772,1.5993679185317142
PRU.L/ABDN.L,2018-07-05,3.6262225924403166,138.85940403820814,1.5987150790041422
PRU.L/ABDN.L,2018-07-06,3.6302850681855,151.3978792814337,1.9818264571946993
PRU.L/ABDN.L,2018-07-09,3.63461476833856,159.37310002207528,2.2467881080381407
PRU.L/ABDN.L,2018-07-10,3.638724693975989,152.91064073298367,1.9242223852171798
PRU.L/ABDN.L,2018-07-11,3.6420944449918573,127.31246104246384,0.9218820775241033
PRU.L/ABDN.L,2018-07-12,3.6456060051810675,132.68167800442166,1.1527795890834487
PRU.L/ABDN.L,2018-07-13,3.649100866982142,131.85379278927212,1.1167053031965524
PRU.L/ABDN.L,2018-07-16,3.6528205214966034,142.22404056515643,1.5294446339389853
PRU.L/ABDN.L,2018-07-17,3.6566599236616213,144.90976808583287,1.5877523327036438
PRU.L/ABDN.L,2018-07-18,3.661100002036618,165.61073650974186,2.3418472020800065
PRU.L/ABDN.L,2018-07-19,3.6659831759872805,182.08596094550285,2.7898441975599733
PRU.L/ABDN.L,2018-07-20,3.670596276721928,171.30626948465328,2.2237935467785146
PRU.L/ABDN.L,2018-07-23,3.6750927734022736,168.13847953165623,1.993730987065796
PRU.L/ABDN.L,2018-07-24,3.6800190443855163,183.76298830926135,2.3889532843389447
PRU.L/ABDN.L,2018-07-25,3.684482028897078,169.6459720910866,1.8121258974138463
PRU.L/ABDN.L,2018-07-26,3.689380919429695,186.18280539574903,2.2344982994174973
PRU.L/ABDN.L,2018-07-27,3.6940388919890648,175.2933227616877,1.7969696822828654
PRU.L/ABDN.L,2018-07-30,3.698681117667153,172.61227466602918,1.6403398366191502
PRU.L/ABDN.L,2018-07-31,3.7035168383234396,179.12036016146772,1.7649336913419869
PRU.L/ABDN.L,2018-08-01,3.7080888243261514,170.64639446012893,1.4612557555904826
PRU.L/ABDN.L,2018-08-02,3.7119884853217218,148.65766973429345,0.8047216896238732
PRU.L/ABDN.L,2018-08-03,3.7158504366106,145.35501110470386,0.700371872942907
PRU.L/ABDN.L,2018-08-06,3.719855778992627,151.09948535430317,0.8450321841383098
PRU.L/ABDN.L,2018-08-07,3.7224624715961183,95.08591791919616,-0.7654804338941604
PRU.L/ABDN.L,2018-08-08,3.725419612013573,104.19004615178073,-0.4937394269906592
PRU.L/ABDN.L,2018-08-09,3.7284705224393204,107.65870486132599,-0.39151495894595795
PRU.L/ABDN.L,2018-08-10,3.7312973509922394,101.20971044032422,-0.5675564159691
PRU.L/ABDN.L,2018-08-13,3.734356310729922,110.9620376294697,-0.28422387111475517
PRU.L/ABDN.L,2018-08-14,3.736558959602371,80.7390223514742,-1.1133521371830044
PRU.L/ABDN.L,2018-08-15,3.7382033984594174,62.097216181036174,-1.5828711932057922
PRU.L/ABDN.L,2018-08-16,3.7406578987050034,91.21970482005622,-0.759281800710045
PRU.L/ABDN.L,2018-08-17,3.7426110243066697,73.01528497496838,-1.229335820171679
PRU.L/ABDN.L,2018-08-20,3.7447432713315805,79.192233877945,-1.0366308372318807
PRU.L/ABDN.L,2018-08-21,3.746725463288369,73.10316653102291,-1.1866628805979291
PRU.L/ABDN.L,2018-08-22,3.7490441393986793,85.23391848170195,-0.8605170956545611
PRU.L/ABDN.L,2018-08-23,3.7506613664018786,60.15784982702007,-1.5051180848388386
PRU.L/ABDN.L,2018-08-24,3.7522396945585252,58.64000852447225,-1.523928200880156
PRU.L/ABDN.L,2018-08-28,3.753593386761027,49.839554821271804,-1.7132672802292135
PRU.L/ABDN.L,2018-08-29,3.755785556555552,80.96512915178778,-0.9198780289378767
PRU.L/ABDN.L,2018-08-30,3.7579517096213038,80.366010311428,-0.9457104870944919
PRU.L/ABDN.L,2018-08-31,3.7601398303864797,81.36605907085277,-0.9522500583983489
PRU.L/ABDN.L,2018-09-03,3.7617743771069527,60.29767269985223,-1.4734127420496523
PRU.L/ABDN.L,2018-09-04,3.7631552579358956,51.8538425762963,-1.636569158105291
PRU.L/ABDN.L,2018-09-05,3.764335333375705,45.06000542458855,-1.7423645444583586
PRU.L/ABDN.L,2018-09-06,3.7654926185046604,44.495276099390594,-1.6839329248457646
PRU.L/ABDN.L,2018-09-07,3.7667315627881597,48.02932905456146,-1.5430955244134497
PRU.L/ABDN.L,2018-09-10,3.7679587881380012,47.37509101893215,-1.506594502903334
PRU.L/ABDN.L,2018-09-11,3.7687587214225124,31.94135024324919,-1.7931398442296402
PRU.L/ABDN.L,2018-09-12,3.7698410234668365,42.25606484677451,-1.508839718147009
PRU.L/ABDN.L,2018-09-13,3.7710961413648487,48.24486456858858,-1.3397660561283844
PRU.L/ABDN.L,2018-09-14,3.7723035913743233,46.16654909753879,-1.3510334558824852
PRU.L/ABDN.L,2018-09-17,3.7728833756021434,23.983638447562043,-1.7598191351855708
PRU.L/ABDN.L,2018-09-18,3.773014481487787,8.164528171877919,-2.0101650707514596
PRU.L/ABDN.L,2018-09-19,3.774341858379021,49.965666537111474,-1.1293698183993934
PRU.L/ABDN.L,2018-09-20,3.7762211163741375,68.69450888248866,-0.7335491340491695
PRU.L/ABDN.L,2018-09-21,3.779351744888699,112.29082311761658,0.1422571490322457
PRU.L/ABDN.L,2018-09-24,3.7829521687206977,131.63148767246048,0.5204680939673422
PRU.L/ABDN.L,2018-09-25,3.786735044361239,138.84322706553962,0.6510612824693214
PRU.L/ABDN.L,2018-09-26,3.790358155032777,132.24912643560265,0.5147140697848429
PRU.L/ABDN.L,2018-09-27,3.7939576049159864,132.097365072108,0.5139279229480656
PRU.L/ABDN.L,2018-09-28,3.797559144235469,135.60129447920235,0.5857560629402077
PRU.L/ABDN.L,2018-10-01,3.8009539413514895,128.47523797472354,0.4526826735748517
PRU.L/ABDN.L,2018-10-02,3.8040853731865605,120.35450722832752,0.30463893854601093
PRU.L/ABDN.L,2018-10-03,3.807513767517481,131.10032565714914,0.5341049843392661
PRU.L/ABDN.L,2018-10-04,3.810826859590348,126.66209551067072,0.4433927684664831
PRU.L/ABDN.L,2018-10-05,3.81384099514427,116.89133668378372,0.24903410160512582
PRU.L/ABDN.L,2018-10-08,3.817099427742519,129.4702582787154,0.5085359955850975
PRU.L/ABDN.L,2018-10-09,3.819925247839098,111.35443401046268,0.1474483098173421
PRU.L/ABDN.L,2018-10-10,3.8226243792953767,107.27805966550568,0.0766582402623467
PRU.L/ABDN.L,2018-10-11,3.824966646177734,96.59432982993326,-0.12325017017620012
PRU.L/ABDN.L,2018-10-12,3.8278233250497085,118.49644014310888,0.3695900908199848
PRU.L/ABDN.L,2018-10-15,3.830769902437205,124.05489171101681,0.5156851670207927
PRU.L/ABDN.L,2018-10-16,3.8334242491920323,111.48968775754702,0.2651952598124434
PRU.L/ABDN.L,2018-10-17,3.8359854229284625,107.35087199858413,0.20739518698499704
PRU.L/ABDN.L,2018-10-18,3.838701054036238,116.49726084359577,0.4490398255209821
PRU.L/ABDN.L,2018-10-19,3.8412763881626892,112.20597622490618,0.39139401691555714
PRU.L/ABDN.L,2018-10-22,3.8463087980790363,241.90711862016906,3.3045510665567552
PRU.L/ABDN.L,2018-10-23,3.8514372209820387,246.88541890198985,3.165273796939548
PRU.L/ABDN.L,2018-10-24,3.8565272896750047,246.11266330736044,2.9562265296179966
PRU.L/ABDN.L,2018-10-25,3.8616044503553835,241.27125505856998,2.6989166386204975
PRU.L/ABDN.L,2018-10-26,3.8667931104287394,249.90532402599752,2.671966417102203
PRU.L/ABDN.L,2018-10-29,3.8719363972791516,238.2197537298091,2.327711048178777
PRU.L/ABDN.L,2018-10-30,3.8771559573642067,242.17716415223992,2.2749501280822653
PRU.L/ABDN.L,2018-10-31,3.882798374917909,254.9183705059429,2.326725713404349
PRU.L/ABDN.L,2018-11-01,3.888293080942775,246.48937849620893,2.0739526453916763
PRU.L/ABDN.L,2018-11-02,3.894364587971287,266.3801996737152,2.2345213418300878
PRU.L/ABDN.L,2018-11-05,3.900351573225775,267.5390951040072,2.1238516617957357
PRU.L/ABDN.L,2018-11-06,3.9062766350678637,267.4926869225628,2.0125479081061575
PRU.L/ABDN.L,2018-11-07,3.9124595254928742,277.8687739784184,2.0363504577698595
PRU.L/ABDN.L,2018-11-08,3.9187155734810597,275.784179632361,1.9099908538045023
PRU.L/ABDN.L,2018-11-09,3.9249034771860933,272.861545601045,1.7861308296485137
PRU.L/ABDN.L,2018-11-12,3.9312067700140987,283.2284110426265,1.824107366960087
PRU.L/ABDN.L,2018-11-13,3.937611595462597,280.7432967503132,1.7145988063965816
PRU.L/ABDN.L,2018-11-14,3.9439904895609503,279.4919125168999,1.6284875604411801
PRU.L/ABDN.L,2018-11-15,3.950297391723765,280.854233482469,1.5769546216082284
PRU.L/ABDN.L,2018-11-16,3.956239927273645,268.45990076216583,1.383733942504709
PRU.L/ABDN.L,2018-11-19,3.9624925882932986,283.9388007714904,1.498622544918089
PRU.L/ABDN.L,2018-11-20,3.968092460953441,256.021325265716,1.1485210378900854
PRU.L/ABDN.L,2018-11-21,3.9739220507394566,260.0773578020005,1.153427150328742
PRU.L/ABDN.L,2018-11-22,3.9788306326934904,217.87817703122232,0.6627946779481292
PRU.L/ABDN.L,2018-11-23,3.9835972328188376,208.17841879314324,0.5338670761068859
PRU.L/ABDN.L,2018-11-26,3.9889075955246707,224.7631984481643,0.6924870501999819
PRU.L/ABDN.L,2018-11-27,3.9939670854350484,215.73907287262432,0.5668640480080428
PRU.L/ABDN.L,2018-11-28,3.999000177141855,214.67730554689706,0.5301559729048996
PRU.L/ABDN.L,2018-11-29,4.003828234907559,203.99170758863852,0.3832246473275928
PRU.L/ABDN.L,2018-11-30,4.008874098451005,216.53677911927684,0.5048551397047706
PRU.L/ABDN.L,2018-12-03,4.014617343272673,247.53683718199886,0.8443890228820581
PRU.L/ABDN.L,2018-12-04,4.020256207280348,246.66287584168822,0.8079493236661396
PRU.L/ABDN.L,2018-12-05,4.025648017810977,242.75284972563975,0.7341103500250331
PRU.L/ABDN.L,2018-12-06,4.03014030205802,212.3530826318222,0.3264936792494083
PRU.L/ABDN.L,2018-12-07,4.034983963216819,229.76329464345008,0.5248359626635234
PRU.L/ABDN.L,2018-12-10,4.039987490226153,243.27467192037318,0.6812127695634933
PRU.L/ABDN.L,2018-12-11,4.045344385752611,264.0898813907586,0.9564206284906832
PRU.L/ABDN.L,2018-12-12,4.05057795282989,248.1048297268827,0.7029613406696167
PRU.L/ABDN.L,2018-12-13,4.0549143465540896,196.36012281366516,-0.10894124963831159
PRU.L/ABDN.L,2018-12-14,4.0588770048030804,177.63062615969886,-0.4236147868765733
PRU.L/ABDN.L,2018-12-17,4.0628223587644205,180.08404245156737,-0.40167848442752857
PRU.L/ABDN.L,2018-12-18,4.0661777498413905,149.46735535662503,-0.8953480954022238
PRU.L/ABDN.L,2018-12-19,4.069582642906217,148.7908033472196,-0.9148584889618558
PRU.L/ABDN.L,2018-12-20,4.072733340910617,137.1221001240558,-1.105450767710164
PRU.L/ABDN.L,2018-12-21,4.074810382817351,90.17893103547567,-1.815618990363944
PRU.L/ABDN.L,2018-12-24,4.077406218802069,113.35646253204993,-1.4375797223143516
PRU.L/ABDN.L,2018-12-27,4.079595381537429,96.20735512480007,-1.684532910345251
PRU.L/ABDN.L,2018-12-28,4.081936733788667,99.17443895999213,-1.6113443406323367
PRU.L/ABDN.L,2018-12-31,4.084701955338838,117.12152244165418,-1.3284920744712705
PRU.L/ABDN.L,2019-01-02,4.086660648241389,83.09698384069816,-1.8167585967709299
PRU.L/ABDN.L,2019-01-03,4.0885953330408125,84.15869131002239,-1.7598056491521814
PRU.L/ABDN.L,2019-01-04,4.090497768516165,79.61924966468291,-1.7968120487953487
PRU.L/ABDN.L,2019-01-07,4.092911706327405,101.09658653441215,-1.4763298262570164
PRU.L/ABDN.L,2019-01-08,4.095558893716928,108.54905281876495,-1.3759123122648471
PRU.L/ABDN.L,2019-01-09,4.098030194834045,100.41891067622237,-1.48216760979815
PRU.L/ABDN.L,2019-01-10,4.100551163942934,100.8070143495363,-1.4598749241449658
PRU.L/ABDN.L,2019-01-11,4.103355504012376,113.07651394284494,-1.2825995690678649
PRU.L/ABDN.L,2019-01-14,4.105814089398526,98.68795509837196,-1.485189561054788
PRU.L/ABDN.L,2019-01-15,4.10879675627323,120.43969656073068,-1.1721936510138393
PRU.L/ABDN.L,2019-01-16,4.111576559789039,109.8747712401796,-1.3239628576054103
PRU.L/ABDN.L,2019-01-17,4.114672850009795,125.23661007392593,-1.065645473938295
PRU.L/ABDN.L,2019-01-18,4.118223745894813,139.0879811607092,-0.838577554465986
PRU.L/ABDN.L,2019-01-21,4.1216035064293655,131.6286675117683,-0.9155815393983006
PRU.L/ABDN.L,2019-01-22,4.125293880181511,145.1805855100065,-0.6980850897236598
PRU.L/ABDN.L,2019-01-23,4.129148685337756,154.32380617208537,-0.5459460811639997
PRU.L/ABDN.L,2019-01-24,4.133230304781603,163.1730483977267,-0.40180148691196954
PRU.L/ABDN.L,2019-01-25,4.137515658002118,171.3435579211216,-0.26823693274325716
PRU.L/ABDN.L,2019-01-28,4.1415099514324965,160.56406370620175,-0.4038787366362178
PRU.L/ABDN.L,2019-01-29,4.145411491100012,156.8650054213465,-0.4379551485680221
PRU.L/ABDN.L,2019-01-30,4.149034838350984,142.56096819861045,-0.6220881620315396
PRU.L/ABDN.L,2019-01-31,4.153646724090989,189.62992437397475,0.09201675214173285
PRU.L/ABDN.L,2019-02-01,4.1584912138096275,195.8679084244775,0.2057191760384251
PRU.L/ABDN.L,2019-02-04,4.163280847753262,192.79010100923801,0.18389589139640466
PRU.L/ABDN.L,2019-02-05,4.168303776939245,199.55313259048535,0.3132529641131808
PRU.L/ABDN.L,2019-02-06,4.173621266029748,211.63847358604198,0.527430728066643
PRU.L/ABDN.L,2019-02-07,4.178861010465593,213.72740855847928,0.5918487326339574
PRU.L/ABDN.L,2019-02-08,4.183787684000959,206.0339009841225,0.498054644883328
PRU.L/ABDN.L,2019-02-11,4.189090962705969,218.30221914588356,0.7352960907566517
PRU.L/ABDN.L,2019-02-12,4.194576351278658,225.22207054764203,0.8882363494736499
PRU.L/ABDN.L,2019-02-13,4.200075586183428,221.85320066506097,0.8578841852385211
PRU.L/ABDN.L,2019-02-14,4.20536758951999,215.69883373632615,0.7914197905010635
PRU.L/ABDN.L,2019-02-15,4.212073049181326,288.81107738353523,2.0767530275392496
PRU.L/ABDN.L,2019-02-18,4.21856297631762,275.5590281495106,1.8203359503732144
PRU.L/ABDN.L,2019-02-19,4.225195694000221,287.5901227538478,1.9565900122843338
PRU.L/ABDN.L,2019-02-20,4.231841004743787,282.90783654790766,1.8066739250270496
PRU.L/ABDN.L,2019-02-21,4.238401986960416,279.57450044244524,1.7014790082247084
PRU.L/ABDN.L,2019-02-22,4.244924787364555,275.4427480008801,1.5871798924843448
PRU.L/ABDN.L,2019-02-25,4.252093823438639,296.7653184704053,1.8583907311551182
PRU.L/ABDN.L,2019-02-26,4.258913843901295,278.52148551481764,1.5222153702738868
PRU.L/ABDN.L,2019-02-27,4.2656172015175144,273.62956116383293,1.410995316951383
PRU.L/ABDN.L,2019-02-28,4.272296053632992,267.17491669161336,1.300081064916347
PRU.L/ABDN.L,2019-03-01,4.279134605461293,271.07448992305194,1.3431447345811565
PRU.L/ABDN.L,2019-03-04,4.2861686314491125,277.51871899137586,1.4166395230681692
PRU.L/ABDN.L,2019-03-05,4.2931882606997185,274.96874974754905,1.3441036798585804
PRU.L/ABDN.L,2019-03-06,4.299851790842145,261.8700037099936,1.1358651442477208
PRU.L/ABDN.L,2019-03-07,4.306190127670981,257.60736886801214,1.0666630661783816
PRU.L/ABDN.L,2019-03-08,4.3118751578403405,233.72657868842236,0.732594870046025
PRU.L/ABDN.L,2019-03-11,4.317390598977561,220.68799667194025,0.5514887227163658
PRU.L/ABDN.L,2019-03-12,4.3227207264900365,212.7124400796381,0.42976434558200693
PRU.L/ABDN.L,2019-03-13,4.327879051143007,200.9820932251239,0.2518118158605157
PRU.L/ABDN.L,2019-03-14,4.333349032588493,208.7171731116125,0.35786871633330264
PRU.L/ABDN.L,2019-03-15,4.338838285093791,202.2046296470969,0.25000930734240934
PRU.L/ABDN.L,2019-03-18,4.344370822324386,202.54247208549714,0.24229374626406427
PRU.L/ABDN.L,2019-03-19,4.34940528486815,182.709368491531,-0.06077212945054343
PRU.L/ABDN.L,2019-03-20,4.354335083414939,180.65225771721384,-0.11545786864453138
PRU.L/ABDN.L,2019-03-21,4.359036181423381,171.17747953154117,-0.27524406744872537
PRU.L/ABDN.L,2019-03-22,4.363400079581494,164.3263152924485,-0.4030231026896413
PRU.L/ABDN.L,2019-03-25,4.367567871564898,158.03014212241897,-0.5231831617481157
PRU.L/ABDN.L,2019-03-26,4.371729705758668,157.53154726562593,-0.5465806664683497
PRU.L/ABDN.L,2019-03-27,4.37605303256275,162.5429711851275,-0.5001803882334317
PRU.L/ABDN.L,2019-03-28,4.37968901751471,137.8011426242772,-0.9342725577960237
PRU.L/ABDN.L,2019-03-29,4.382972389163573,122.03484906770836,-1.2295483503528504
PRU.L/ABDN.L,2019-04-01,4.3861414100352745,115.75646550823012,-1.3477159174013749
PRU.L/ABDN.L,2019-04-02,4.3899678936446165,136.96297017576308,-1.0064186750606732
PRU.L/ABDN.L,2019-04-03,4.394188213807935,148.518766579999,-0.8367048541203205
PRU.L/ABDN.L,2019-04-04,4.397890969550733,129.4241997410013,-1.1922105373650422
PRU.L/ABDN.L,2019-04-05,4.402253111194955,150.1670135940417,-0.8481685419709083
PRU.L/ABDN.L,2019-04-08,4.406514382824611,148.50499004873177,-0.9111922726726068
PRU.L/ABDN.L,2019-04-09,4.410609436883684,142.71661392942565,-1.032291463604456
PRU.L/ABDN.L,2019-04-10,4.414944477975481,153.4439252053894,-0.8629855589067627
PRU.L/ABDN.L,2019-04-11,4.420702298049117,209.48467984775448,0.16229883705582912
PRU.L/ABDN.L,2019-04-12,4.426221087981405,199.11381738164437,-0.054776687765862864
PRU.L/ABDN.L,2019-04-15,4.432109384293375,210.01384710451657,0.13211263767484424
PRU.L/ABDN.L,2019-04-16,4.438738754383685,233.44395085290012,0.5666904577904801
PRU.L/ABDN.L,2019-04-17,4.445755164455266,244.96166003969302,0.7669100567779633
PRU.L/ABDN.L,2019-04-18,4.452454527905643,231.40258791813721,0.4778692630625329
PRU.L/ABDN.L,2019-04-23,4.459366000012775,239.13759122972237,0.6100274928101639
PRU.L/ABDN.L,2019-04-24,4.465811079565143,224.5975413164383,0.3012859027147355
PRU.L/ABDN.L,2019-04-25,4.471778101788463,207.90324302435965,-0.051195749215197275
PRU.L/ABDN.L,2019-04-26,4.477410877538699,195.5605987270019,-0.3241601747720506
PRU.L/ABDN.L,2019-04-29,4.483054416784929,195.3210166268275,-0.33129761213929726
PRU.L/ABDN.L,2019-04-30,4.4885070075759765,190.38111633337485,-0.4308336280262682
PRU.L/ABDN.L,2019-05-01,4.494216834639377,199.81723518466765,-0.23924423490841837
PRU.L/ABDN.L,2019-05-02,4.499522678079742,184.16900536728235,-0.5550342459758445
PRU.L/ABDN.L,2019-05-03,4.504932408486869,189.16953706108802,-0.44382242600727495
PRU.L/ABDN.L,2019-05-07,4.5094022832728236,160.06723333664672,-1.0134531957014346
PRU.L/ABDN.L,2019-05-08,4.513630263794101,152.4159398638351,-1.1380028966352869
PRU.L/ABDN.L,2019-05-09,4.517371291074174,138.23814415084894,-1.3737515570277943
PRU.L/ABDN.L,2019-05-10,4.521098822138282,137.59456936444053,-1.3378746549257508
PRU.L/ABDN.L,2019-05-13,4.525178327998783,154.72727087850535,-0.9747650987254171
PRU.L/ABDN.L,2019-05-14,4.529306638836162,153.4467082846793,-0.9718151395433059
PRU.L/ABDN.L,2019-05-15,4.533560043359093,157.37584144684934,-0.8687994178485758
PRU.L/ABDN.L,2019-05-16,4.538665952050054,186.7125211980008,-0.2718260835897376
PRU.L/ABDN.L,2019-05-17,4.543726622279689,186.74311639936718,-0.2440981255740135
PRU.L/ABDN.L,2019-05-20,4.5485533781018725,180.74494417721758,-0.34012474271243304
PRU.L/ABDN.L,2019-05-21,4.553023947184439,164.28223712333534,-0.6589492618359751
PRU.L/ABDN.L,2019-05-22,4.557183058817412,152.41211027046052,-0.8859500552555161
PRU.L/ABDN.L,2019-05-23,4.56045659653177,122.93575943804899,-1.5045905179900585
PRU.L/ABDN.L,2019-05-24,4.563735071022785,121.86610094367802,-1.4928250260807294
PRU.L/ABDN.L,2019-05-28,4.567264521008421,130.90705761729782,-1.2585222131418976
PRU.L/ABDN.L,2019-05-29,4.570440450295762,117.6315239864648,-1.5265103997662919
PRU.L/ABDN.L,2019-05-30,4.573147797558887,97.99478880335914,-1.9301512735298674
PRU.L/ABDN.L,2019-05-31,4.575543023349176,88.74454406581253,-2.092693249766749
PRU.L/ABDN.L,2019-06-03,4.578117540922389,97.30033802587536,-1.85355666072846
PRU.L/ABDN.L,2019-06-04,4.580095852409921,71.90673708236432,-2.369827670415434
PRU.L/ABDN.L,2019-06-05,4.582396696477196,83.48849933736847,-2.0268772931234103
PRU.L/ABDN.L,2019-06-06,4.585098717318121,98.28713446404572,-1.6148665179549166
PRU.L/ABDN.L,2019-06-07,4.5875194461873345,87.07682571267674,-1.8068305951884909
PRU.L/ABDN.L,2019-06-10,4.589986033544559,88.15459602007968,-1.7083428512056091
PRU.L/ABDN.L,2019-06-11,4.592303181990734,82.43357958304023,-1.760828243944743
PRU.L/ABDN.L,2019-06-12,4.594547659788462,81.18940816950703,-1.7152253546030516
PRU.L/ABDN.L,2019-06-13,4.597147082612447,93.99552832952395,-1.3741884703225742
PRU.L/ABDN.L,2019-06-14,4.59936675605119,81.2278133105367,-1.595565660544049
PRU.L/ABDN.L,2019-06-17,4.601640045368286,82.32106566833704,-1.5093631848009086
PRU.L/ABDN.L,2019-06-18,4.604613355389248,105.67434058144022,-0.967615041546154
PRU.L/ABDN.L,2019-06-19,4.607274083133274,93.73804407532134,-1.1865151239206957
PRU.L/ABDN.L,2019-06-20,4.609801146924709,88.29035050234802,-1.2600476998783354
PRU.L/ABDN.L,2019-06-21,4.611911526633271,72.82164306307254,-1.5273493015670137
PRU.L/ABDN.L,2019-06-24,4.613980142561822,72.11307314682017,-1.48418669250951
PRU.L/ABDN.L,2019-06-25,4.615756598748015,62.148691011129586,-1.6176282312842385
PRU.L/ABDN.L,2019-06-26,4.61734850801947,55.994750648527315,-1.6717265714489145
PRU.L/ABDN.L,2019-06-27,4.619571195915695,77.26934050285195,-1.2277694320327353
PRU.L/ABDN.L,2019-06-28,4.621480948177029,65.64711442677776,-1.4135170610554582
PRU.L/ABDN.L,2019-07-01,4.6234901243812985,68.36191834736928,-1.320094940374245
PRU.L/ABDN.L,2019-07-02,4.625774593603495,77.00971805023937,-1.1241389740442718
PRU.L/ABDN.L,2019-07-03,4.627741291313254,65.8725574949001,-1.2916872885108688
PRU.L/ABDN.L,2019-07-04,4.630077654098724,77.37970575767486,-1.050362826842527
PRU.L/ABDN.L,2019-07-05,4.631647793386783,53.03994581338043,-1.4355403870127106
PRU.L/ABDN.L,2019-07-08,4.633519894851566,63.1130435961004,-1.2177200636833623
PRU.L/ABDN.L,2019-07-09,4.635664781173233,72.9621413564339,-1.0138058568141652
PRU.L/ABDN.L,2019-07-10,4.637010844277214,47.1436031091589,-1.4135302838443604
PRU.L/ABDN.L,2019-07-11,4.638416117112737,49.26942512897563,-1.3300919199461656
PRU.L/ABDN.L,2019-07-12,4.639623926180705,42.51576528853957,-1.4005452796305715
PRU.L/ABDN.L,2019-07-15,4.640744852277167,39.51990260776324,-1.4173095729493186
PRU.L/ABDN.L,2019-07-16,4.642127603917061,47.86520127555514,-1.2493739926031036
PRU.L/ABDN.L,2019-07-17,4.643310493570106,41.755808156681496,-1.3332593260671974
PRU.L/ABDN.L,2019-07-18,4.644264054739539,34.623830017379305,-1.446031363206936
PRU.L/ABDN.L,2019-07-19,4.644913033391649,24.655355520404783,-1.6052814806071403
PRU.L/ABDN.L,2019-07-22,4.645535050027576,23.835152793996258,-1.5812974371656994
PRU.L/ABDN.L,2019-07-23,4.645922414427102,15.998949642025082,-1.6839873948516821
PRU.L/ABDN.L,2019-07-24,4.645406166472634,-12.6856086871353,-2.161368018253906
PRU.L/ABDN.L,2019-07-25,4.645152855628065,-4.5532326714453575,-1.9309002390676795
PRU.L/ABDN.L,2019-07-26,4.644829466309298,-6.813242416392086,-1.9183405405501233
PRU.L/ABDN.L,2019-07-29,4.644530235982805,-5.985179033261147,-1.8396957878069162
PRU.L/ABDN.L,2019-07-30,4.644628428132005,6.840208208562217,-1.5499708234215999
PRU.L/ABDN.L,2019-07-31,4.645255793896094,24.395995636931957,-1.163792055354646
PRU.L/ABDN.L,2019-08-01,4.645927855128138,25.828353066733143,-1.1001355430266104
PRU.L/ABDN.L,2019-08-02,4.6451583257774,-22.50480325078206,-1.9799816535349584
PRU.L/ABDN.L,2019-08-05,4.643401003294337,-57.800701089759286,-2.5007824724779
PRU.L/ABDN.L,2019-08-06,4.642085886763323,-42.60079838455431,-2.109122783290078
PRU.L/ABDN.L,2019-08-07,4.64326134260767,48.32884259038133,-0.39391038180759635
PRU.L/ABDN.L,2019-08-08,4.645338391050494,83.92572628035145,0.31127142679866604
PRU.L/ABDN.L,2019-08-09,4.647252187154247,79.22091416199919,0.26710694548004965
PRU.L/ABDN.L,2019-08-12,4.649118503871242,78.0522624722696,0.2957721922105219
PRU.L/ABDN.L,2019-08-13,4.651024319525766,78.54974799925094,0.36280149019726865
PRU.L/ABDN.L,2019-08-14,4.6517131499620294,30.746678873783367,-0.7030820385980228
PRU.L/ABDN.L,2019-08-15,4.653585480887346,80.78746003102924,0.5346643263157809
PRU.L/ABDN.L,2019-08-16,4.654764823110931,51.38502563606471,-0.16640924728284615
PRU.L/ABDN.L,2019-08-19,4.655548387204235,35.23387284279488,-0.549094969240951
PRU.L/ABDN.L,2019-08-20,4.656920558928914,59.55096451981376,0.11224851363297121
PRU.L/ABDN.L,2019-08-21,4.6583248427119885,60.6224161138332,0.17015716434406455
PRU.L/ABDN.L,2019-08-22,4.658627810366261,15.708512592771285,-1.0215567930670095
PRU.L/ABDN.L,2019-08-23,4.658831005383751,11.824057584466345,-1.0905897702140612
PRU.L/ABDN.L,2019-08-27,4.657539886549355,-46.18521742414373,-2.4994790600202537
PRU.L/ABDN.L,2019-08-28,4.656320606576308,-44.167378734474596,-2.2919158622267464
PRU.L/ABDN.L,2019-08-29,4.655243396509704,-38.106198180284764,-2.0283533966710254
PRU.L/ABDN.L,2019-08-30,4.654568933175929,-22.41831710391375,-1.5860481615643396
PRU.L/ABDN.L,2019-09-02,4.653603412320855,-33.168787140485165,-1.7649721637148716
PRU.L/ABDN.L,2019-09-03,4.652581752907658,-35.792637536594384,-1.7492641382049425
PRU.L/ABDN.L,2019-09-04,4.652682719208708,7.543451253116473,-0.7137967287582783
PRU.L/ABDN.L,2019-09-05,4.653055630437592,17.90257531652196,-0.44993663650600657
PRU.L/ABDN.L,2019-09-06,4.6529075587846735,-1.9924360699890258,-0.8889456814324123
PRU.L/ABDN.L,2019-09-09,4.653023028145324,7.958155368748521,-0.6276718333304642
PRU.L/ABDN.L,2019-09-10,4.653045550536107,4.4541227593715575,-0.6856234851095105
PRU.L/ABDN.L,2019-09-11,4.652724689549846,-7.767382993022466,-0.9531380732640695
PRU.L/ABDN.L,2019-09-12,4.652521635053058,-3.5769476753855542,-0.8225119329678372
PRU.L/ABDN.L,2019-09-13,4.651521009410974,-30.85191830015856,-1.4545667201357304
PRU.L/ABDN.L,2019-09-16,4.650333602627363,-37.869484184708654,-1.5673816813572974
PRU.L/ABDN.L,2019-09-17,4.6492831763923155,-33.61322908273223,-1.4102847129612146
PRU.L/ABDN.L,2019-09-18,4.648293075789522,-31.42705845453156,-1.3086983881634853
PRU.L/ABDN.L,2019-09-19,4.6465672433691525,-56.16334933009398,-1.823047635789656
PRU.L/ABDN.L,2019-09-20,4.644744543420595,-59.48283199060029,-1.8232594210994006
PRU.L/ABDN.L,2019-09-23,4.642505856990157,-74.15475005837789,-2.05720188741065
PRU.L/ABDN.L,2019-09-24,4.639852376768899,-88.81333955900436,-2.2564054949811374
PRU.L/ABDN.L,2019-09-25,4.636713824473979,-104.4178398445838,-2.443433479238911
PRU.L/ABDN.L,2019-09-26,4.63364642168979,-100.67581910018885,-2.2307213779967414
PRU.L/ABDN.L,2019-09-27,4.6305678340126635,-99.08824981540533,-2.0930329122795315
PRU.L/ABDN.L,2019-09-30,4.627610747123162,-95.21136280148971,-1.9174346879572517
PRU.L/ABDN.L,2019-10-01,4.62460884398074,-97.70345331547242,-1.8784068492768715
PRU.L/ABDN.L,2019-10-02,4.6216479781242565,-100.26232316220944,-1.8488886168936272
PRU.L/ABDN.L,2019-10-03,4.618740897189478,-99.6190288986113,-1.7559211671119055
PRU.L/ABDN.L,2019-10-04,4.616292009748752,-82.7778042322268,-1.387935148809625
PRU.L/ABDN.L,2019-10-07,4.6138923768974776,-81.3097930437084,-1.3125229978490316
PRU.L/ABDN.L,2019-10-08,4.611491095519741,-81.92225134613659,-1.2775982622716935
PRU.L/ABDN.L,2019-10-09,4.609509985881712,-67.54075780477774,-0.980256629507868
PRU.L/ABDN.L,2019-10-10,4.607791183003493,-56.66290684677847,-0.7529649455234816
PRU.L/ABDN.L,2019-10-11,4.605819435352683,-62.22012068619597,-0.8272946477761497
PRU.L/ABDN.L,2019-10-14,4.603662937830965,-69.88329020216156,-0.9379108883510509
PRU.L/ABDN.L,2019-10-15,4.600461687206376,-102.22350771243782,-1.4766243141283848
PRU.L/ABDN.L,2019-10-16,4.597456885973154,-97.1761609952614,-1.3346109437437024
PRU.L/ABDN.L,2019-10-17,4.5953630016717355,-66.56134683275695,-0.7629346770609845
PRU.L/ABDN.L,2019-10-18,4.593751009991048,-50.80348771314857,-0.4660101609795891
PRU.L/ABDN.L,2019-10-21,4.593743754676918,3.3983370581361214,0.5019352340851004
PRU.L/ABDN.L,2019-10-22,4.594472588527273,27.637541832290708,0.9199732325178415
PRU.L/ABDN.L,2019-10-23,4.59507316182532,22.89851184789063,0.8281434874370053
PRU.L/ABDN.L,2019-10-24,4.595378702060376,13.467955908130989,0.6658291643435023
PRU.L/ABDN.L,2019-10-25,4.59483871493847,-13.825609232675333,0.19369409249712835
PRU.L/ABDN.L,2019-10-28,4.593584810900771,-36.29823364356821,-0.2041624515222841
PRU.L/ABDN.L,2019-10-29,4.591643390975232,-57.78683291983134,-0.5884705000061948
PRU.L/ABDN.L,2019-10-30,4.5891944903575075,-73.77304816472133,-0.8602868904559846
PRU.L/ABDN.L,2019-10-31,4.5866354664491915,-78.11491954884741,-0.9071654102422412
PRU.L/ABDN.L,2019-11-01,4.58412040840767,-76.35909542071818,-0.8524393593157639
PRU.L/ABDN.L,2019-11-04,4.581834792255768,-68.30679607420757,-0.6801196003356815
PRU.L/ABDN.L,2019-11-05,4.579581534645146,-66.68890987266332,-0.6257353225341326
PRU.L/ABDN.L,2019-11-06,4.57778386409223,-53.42148007289552,-0.33439546975336143
PRU.L/ABDN.L,2019-11-07,4.575488216897637,-68.0900333730849,-0.6122391613962932
PRU.L/ABDN.L,2019-11-08,4.572621622549019,-86.82878202385496,-0.9940950185815737
PRU.L/ABDN.L,2019-11-11,4.568861742808459,-115.1550450655161,-1.5812481397147946
PRU.L/ABDN.L,2019-11-12,4.564969419412486,-118.33933041422802,-1.604010914926911
PRU.L/ABDN.L,2019-11-13,4.561016750563711,-122.64180527279154,-1.6776504877380527
PRU.L/ABDN.L,2019-11-14,4.556699502589519,-134.14663793579598,-1.9197719824513528
PRU.L/ABDN.L,2019-11-15,4.552195044547382,-139.33109466733595,-1.9606906819155587
PRU.L/ABDN.L,2019-11-18,4.547594866361752,-143.03924096302853,-1.9633507294607764
PRU.L/ABDN.L,2019-11-19,4.5429067411712944,-144.13152085461752,-1.8910577303438
PRU.L/ABDN.L,2019-11-20,4.538510307122113,-138.11922990931453,-1.6799961060820232
PRU.L/ABDN.L,2019-11-21,4.533729298522174,-150.63419202010368,-1.860168444131481
PRU.L/ABDN.L,2019-11-22,4.529315160713624,-137.57310767696708,-1.519372336118874
PRU.L/ABDN.L,2019-11-25,4.5253182194504635,-123.16226646961559,-1.1746407685302303
PRU.L/ABDN.L,2019-11-26,4.520476261562656,-146.6485833535221,-1.596665544541599
PRU.L/ABDN.L,2019-11-27,4.516942559507679,-106.17573706296002,-0.7399013214441061
PRU.L/ABDN.L,2019-11-28,4.513914140926618,-90.67371061090876,-0.38989303318973745
PRU.L/ABDN.L,2019-11-29,4.511017966393766,-88.28374644475048,-0.31367741133357085
PRU.L/ABDN.L,2019-12-02,4.508377364497643,-82.18444395854203,-0.1514543870560733
PRU.L/ABDN.L,2019-12-03,4.505185853269466,-102.27031362490447,-0.5786057546663981
PRU.L/ABDN.L,2019-12-04,4.50238706532705,-89.35080585768355,-0.25410185517930883
PRU.L/ABDN.L,2019-12-05,4.498980676122681,-108.71144900845229,-0.6863940008920435
PRU.L/ABDN.L,2019-12-06,4.49562470737952,-106.0490044103783,-0.5972338391731908
PRU.L/ABDN.L,2019-12-09,4.492083961864691,-111.92413501776718,-0.7145558469195685
PRU.L/ABDN.L,2019-12-10,4.489331843894782,-87.70521886667757,-0.09864265653166669
PRU.L/ABDN.L,2019-12-11,4.48659339102597,-87.24285152275456,-0.06494497589875035
PRU.L/ABDN.L,2019-12-12,4.484744099409153,-56.93735797097429,0.7008201240082605
PRU.L/ABDN.L,2019-12-13,4.482779908964106,-59.771517893081636,0.629405825324098
PRU.L/ABDN.L,2019-12-16,4.480919154634087,-54.52258102893052,0.7505186823248668
PRU.L/ABDN.L,2019-12-17,4.479391251426606,-44.43789936013832,0.977525303048917
PRU.L/ABDN.L,2019-12-18,4.4776084770130415,-52.16870761237578,0.7608907761073843
PRU.L/ABDN.L,2019-12-19,4.47520531567219,-71.07694418285178,0.2784710252239677
PRU.L/ABDN.L,2019-12-20,4.472641132586312,-75.82150636879487,0.15084326776020057
PRU.L/ABDN.L,2019-12-23,4.469542316465779,-92.28484783506929,-0.2610491343648897
PRU.L/ABDN.L,2019-12-24,4.466156164175082,-100.01322192395287,-0.45271016939051206
PRU.L/ABDN.L,2019-12-27,4.462997095116512,-93.70917265403864,-0.2985374785654489
PRU.L/ABDN.L,2019-12-30,4.460200210262963,-83.01113300159932,-0.038446417029821045
PRU.L/ABDN.L,2019-12-31,4.45846953134719,-51.149492568045844,0.7415918069558131
PRU.L/ABDN.L,2020-01-02,4.45606438283603,-70.84551603826503,0.24692511524202118
PRU.L/ABDN.L,2020-01-03,4.454095716347344,-58.54089883310644,0.5419361606847425
PRU.L/ABDN.L,2020-01-06,4.452251063209184,-55.61249932443479,0.6082487531583982
PRU.L/ABDN.L,2020-01-07,4.452284621530011,4.753345504539311,2.0095254476115167
PRU.L/ABDN.L,2020-01-08,4.453212935585886,34.82867821612854,2.5405299725151496
PRU.L/ABDN.L,2020-01-09,4.453973735317496,28.8295808303958,2.2615190436614183
PRU.L/ABDN.L,2020-01-10,4.455414445927135,52.10952659511713,2.5584523205154275
PRU.L/ABDN.L,2020-01-13,4.456573351301971,42.62892142119722,2.2213439619851605
PRU.L/ABDN.L,2020-01-14,4.457209117988282,25.034736743140684,1.7955802442167652
PRU.L/ABDN.L,2020-01-15,4.456722919396307,-12.90273214751278,1.0536831067995143
PRU.L/ABDN.L,2020-01-16,4.456016656976371,-20.16878896686785,0.9322538761164662
PRU.L/ABDN.L,2020-01-17,4.455082777462358,-27.471841766657917,0.830717987715508
PRU.L/ABDN.L,2020-01-20,4.454382920279196,-19.84478663854702,1.0132880881509045
PRU.L/ABDN.L,2020-01-21,4.4531205178176645,-38.48092921671309,0.6742402478955752
PRU.L/ABDN.L,2020-01-22,4.451527704562556,-48.86650364919524,0.48025267473894545
PRU.L/ABDN.L,2020-01-23,4.4506710236816955,-25.374801197322085,0.9546933762241414
PRU.L/ABDN.L,2020-01-24,4.4500851814387365,-16.08103099045684,1.1188431532908025
PRU.L/ABDN.L,2020-01-27,4.4491976742151165,-27.545091849530536,0.8659106013635597
PRU.L/ABDN.L,2020-01-28,4.448631001393425,-16.010010198190457,1.06637832419951
PRU.L/ABDN.L,2020-01-29,4.448050416641437,-16.260121698089733,1.0320376388155121
PRU.L/ABDN.L,2020-01-30,4.447182896605506,-26.37570496509943,0.8142122709283767
PRU.L/ABDN.L,2020-01-31,4.446407970210361,-23.550550168597965,0.8501426149395406
PRU.L/ABDN.L,2020-02-03,4.44563141735491,-23.29317283901969,0.840733265671827
PRU.L/ABDN.L,2020-02-04,4.445100180696814,-14.532301494632065,0.9847807368016176
PRU.L/ABDN.L,2020-02-05,4.445226806085766,7.944878483402817,1.3655513145816225
PRU.L/ABDN.L,2020-02-06,4.446030564651419,30.989073501493067,1.7237441135291274
PRU.L/ABDN.L,2020-02-07,4.446313509462893,13.087380005593104,1.3421759152881114
PRU.L/ABDN.L,2020-02-10,4.446245322665277,1.379642546109153,1.0894578308716942
PRU.L/ABDN.L,2020-02-11,4.446112036687127,-0.7233282304455315,1.0181569357450895
PRU.L/ABDN.L,2020-02-12,4.446059097253074,1.929469514654329,1.0363670177697988
PRU.L/ABDN.L,2020-02-13,4.446528005582881,19.211830449996796,1.3250561698919205
PRU.L/ABDN.L,2020-02-14,4.4461286088538365,-9.426187653773013,0.7535039886721193
PRU.L/ABDN.L,2020-02-17,4.446615135348835,19.710793508633287,1.287639140475023
PRU.L/ABDN.L,2020-02-18,4.446687775931414,6.040220276304808,0.9951855883699904
PRU.L/ABDN.L,2020-02-19,4.4462380932713765,-10.912380876146699,0.6249220071969123
PRU.L/ABDN.L,2020-02-20,4.446582380159476,14.962464053643089,1.1373943752822473
PRU.L/ABDN.L,2020-02-21,4.4468929965047295,13.935688355710909,1.0990858160878494
PRU.L/ABDN.L,2020-02-24,4.447260654056601,16.457857368822943,1.1214059086012158
PRU.L/ABDN.L,2020-02-25,4.448585649360268,51.04827715888814,1.8154208243744119
PRU.L/ABDN.L,2020-02-26,4.449726401223241,44.195605837509675,1.6014638511744013
PRU.L/ABDN.L,2020-02-27,4.450295163332024,25.023520987993834,1.1437285495031584
PRU.L/ABDN.L,2020-02-28,4.450305401465806,4.032720239225455,0.6590193038483316
PRU.L/ABDN.L,2020-03-02,4.450469418611042,9.992137428028855,0.7646956299377846
PRU.L/ABDN.L,2020-03-03,4.449974035928884,-15.241775590505995,0.16464271788049023
PRU.L/ABDN.L,2020-03-04,4.449445800101052,-16.05826604037202,0.11439937091446269
PRU.L/ABDN.L,2020-03-05,4.449268326960092,-3.181264966324534,0.39800900074643586
PRU.L/ABDN.L,2020-03-06,4.448859820473028,-12.792498545293029,0.12781609801103136
PRU.L/ABDN.L,2020-03-09,4.448703449642616,-3.289410428221572,0.34682218599531084
PRU.L/ABDN.L,2020-03-10,4.448192179714995,-18.464679426128896,-0.07437979356868397
PRU.L/ABDN.L,2020-03-11,4.446888830465066,-52.53921477285894,-0.9961959489357234
PRU.L/ABDN.L,2020-03-12,4.445883424350831,-47.973608705312245,-0.8786300188134825
PRU.L/ABDN.L,2020-03-13,4.443995572488033,-90.22063013402294,-1.9439216473169787
PRU.L/ABDN.L,2020-03-16,4.441274553305657,-139.50562768910106,-2.970059900496908
PRU.L/ABDN.L,2020-03-17,4.43794574567181,-161.80568654884905,-3.2018672941898627
PRU.L/ABDN.L,2020-03-18,4.435654445835061,-124.68096351665747,-2.274726919994423
PRU.L/ABDN.L,2020-03-19,4.434736243008522,-49.51486832572732,-0.6685265531953695
PRU.L/ABDN.L,2020-03-20,4.433926140795622,-40.06892204525059,-0.49441315733486774
PRU.L/ABDN.L,2020-03-23,4.433932554625557,4.0108877088040344,0.4810376345058743
PRU.L/ABDN.L,2020-03-24,4.433906822116957,2.343477141786707,0.41720063554680537
PRU.L/ABDN.L,2020-03-25,4.433865517981164,1.7875155924956516,0.3850130604747299
PRU.L/ABDN.L,2020-03-26,4.431542690112826,-86.77680593970967,-1.7029904664113242
PRU.L/ABDN.L,2020-03-27,4.430771404647413,-29.483594358963956,-0.3650166306958326
PRU.L/ABDN.L,2020-03-30,4.430459509355419,-10.362215659279968,0.07271190502363808
PRU.L/ABDN.L,2020-03-31,4.4307529882339,16.701587836296767,0.7154643122484136
PRU.L/ABDN.L,2020-04-01,4.430587690854154,-4.204769190117531,0.23324210668475062
PRU.L/ABDN.L,2020-04-02,4.431747693785697,63.18323363670413,1.8136391419940991
PRU.L/ABDN.L,2020-04-03,4.432472918116645,40.677236380132626,1.29272348747353
PRU.L/ABDN.L,2020-04-06,4.433893110099064,70.56018354296623,1.958583673528655
PRU.L/ABDN.L,2020-04-07,4.435449910098453,72.44173581993425,1.9325237328456846
PRU.L/ABDN.L,2020-04-08,4.436786083487017,64.38497475443762,1.6769953915770546
PRU.L/ABDN.L,2020-04-09,4.436653438291121,-1.962720125421356,0.19267535454039958
PRU.L/ABDN.L,2020-04-14,4.436632366644944,2.715665411932946,0.28580942307257823
PRU.L/ABDN.L,2020-04-15,4.437047008811646,23.186285253996175,0.7229817433024539
PRU.L/ABDN.L,2020-04-16,4.437239641718108,12.535015324778556,0.46855142912025727
PRU.L/ABDN.L,2020-04-17,4.438294076376398,50.24151090161229,1.2612382442416576
PRU.L/ABDN.L,2020-04-20,4.4391781625785764,42.79791328439626,1.0628748870173739
PRU.L/ABDN.L,2020-04-21,4.440151831677305,49.28162351016272,1.167519786382534
PRU.L/ABDN.L,2020-04-22,4.441540599280868,66.66277886584908,1.483908747774108
PRU.L/ABDN.L,2020-04-23,4.443589781934446,97.5559365761236,2.026413201825251
PRU.L/ABDN.L,2020-04-24,4.44543438026798,88.89948875690789,1.7649451679342723
PRU.L/ABDN.L,2020-04-27,4.446802477975605,64.1250847453432,1.2267767277078787
PRU.L/ABDN.L,2020-04-28,4.448877742205934,91.06977829377331,1.6827675073078192
PRU.L/ABDN.L,2020-04-29,4.450772243575217,77.71869063947065,1.3727908338905441
PRU.L/ABDN.L,2020-04-30,4.453367993183752,113.51350049884104,1.949396406306727
PRU.L/ABDN.L,2020-05-01,4.4547459715755915,62.59996317880166,0.985508809209299
PRU.L/ABDN.L,2020-05-04,4.456389360314812,76.20988328307192,1.2068686059775493
PRU.L/ABDN.L,2020-05-05,4.458237742394871,82.71033530633736,1.284777819633717
PRU.L/ABDN.L,2020-05-06,4.460886986033686,119.35612371770503,1.8464267375101697
PRU.L/ABDN.L,2020-05-07,4.463486554472238,113.06510954358987,1.6644069800135146
PRU.L/ABDN.L,2020-05-11,4.466471762657886,131.8128117800203,1.8846290725592207
PRU.L/ABDN.L,2020-05-12,4.468862514513178,102.17738269509846,1.355122886428363
PRU.L/ABDN.L,2020-05-13,4.471129900187245,100.41299159392179,1.2809172157916477
PRU.L/ABDN.L,2020-05-14,4.4725166879224725,63.946417109787035,0.6865738224910619
PRU.L/ABDN.L,2020-05-15,4.474332715305129,82.67132302853736,0.955689615694171
PRU.L/ABDN.L,2020-05-18,4.476392674879583,88.29302661751535,1.0113617537012813
PRU.L/ABDN.L,2020-05-19,4.477482398448364,46.08835580520508,0.3439876184684556
PRU.L/ABDN.L,2020-05-20,4.478917746989187,59.78627617981806,0.5444781048159044
PRU.L/ABDN.L,2020-05-21,4.480129915424464,51.25309028699621,0.402141281239893
PRU.L/ABDN.L,2020-05-22,4.478567446996895,-57.146712393714324,-1.2397910286034513
PRU.L/ABDN.L,2020-05-26,4.475698875853683,-100.54511849894311,-1.81687032827357
PRU.L/ABDN.L,2020-05-27,4.471021413349566,-154.93357085793082,-2.4470750064422115
PRU.L/ABDN.L,2020-05-28,4.46722407453302,-126.17947067420096,-1.9440123696417062
PRU.L/ABDN.L,2020-05-29,4.463322171963637,-132.8983804600491,-1.9375337735994222
PRU.L/ABDN.L,2020-06-01,4.461021716824862,-77.80577457957224,-1.1821897199324538
PRU.L/ABDN.L,2020-06-02,4.457863797237184,-104.66384885930006,-1.4868559898259577
PRU.L/ABDN.L,2020-06-03,4.45600738068331,-58.057058346820895,-0.8709811346460166
PRU.L/ABDN.L,2020-06-04,4.454479874954904,-48.15607305807475,-0.7341968309823607
PRU.L/ABDN.L,2020-06-05,4.454144978543753,-7.180634515224483,-0.2123883390159432
PRU.L/ABDN.L,2020-06-08,4.453183012200028,-27.374106827198148,-0.46682593355921587
PRU.L/ABDN.L,2020-06-09,4.452867158559493,-7.1131639225111485,-0.22017943525082978
PRU.L/ABDN.L,2020-06-10,4.452463254866115,-10.2140956897249,-0.268905860293267
PRU.L/ABDN.L,2020-06-11,4.452039428027125,-11.74405440929445,-0.30953089798334116
PRU.L/ABDN.L,2020-06-12,4.451773464884018,-5.975622885600842,-0.27259240840702553
PRU.L/ABDN.L,2020-06-15,4.451211118430981,-16.605103964817317,-0.47049875247765116
PRU.L/ABDN.L,2020-06-16,4.451696588275527,20.824055828630208,0.02458114212818262
PRU.L/ABDN.L,2020-06-17,4.452322012200092,26.15310889259922,0.08483198450229865
PRU.L/ABDN.L,2020-06-18,4.453443638729309,43.541222758358344,0.3228215229123921
PRU.L/ABDN.L,2020-06-19,4.454357751147817,36.01049341080011,0.203141427134212
PRU.L/ABDN.L,2020-06-22,4.454922827294171,23.819017631326005,0.016782779422792948
PRU.L/ABDN.L,2020-06-23,4.45423922821587,-19.323230406908124,-0.6176545759443061
PRU.L/ABDN.L,2020-06-24,4.454481945331438,12.270693519556971,-0.17773532336345513
PRU.L/ABDN.L,2020-06-25,4.453989579049611,-13.244507740861081,-0.5704918050697374
PRU.L/ABDN.L,2020-06-26,4.453747374171041,-4.768653960036318,-0.44328923969865036
PRU.L/ABDN.L,2020-06-29,4.453574349584229,-2.2601728711770193,-0.3997890061179748
PRU.L/ABDN.L,2020-06-30,4.453308661254339,-5.364065393680676,-0.4466252202066272
PRU.L/ABDN.L,2020-07-01,4.4534049850710336,6.938154606405078,-0.24599429698783537
PRU.L/ABDN.L,2020-07-02,4.452764243973431,-17.687757878047705,-0.6049203908657435
PRU.L/ABDN.L,2020-07-03,4.451908548600676,-25.24450233702123,-0.6958704971374909
PRU.L/ABDN.L,2020-07-06,4.4524447378576895,21.58979333234356,0.02946524298333671
PRU.L/ABDN.L,2020-07-07,4.452827417989357,16.577525766265808,-0.03513505128103195
PRU.L/ABDN.L,2020-07-08,4.4538767915387645,39.71809693467981,0.30948996706462417
PRU.L/ABDN.L,2020-07-09,4.455235149256089,51.5866039750681,0.4785386556926487
PRU.L/ABDN.L,2020-07-10,4.456217961327354,37.60013480264661,0.26026431741787426
PRU.L/ABDN.L,2020-07-13,4.45736866612839,43.59115641168273,0.34383078269361367
PRU.L/ABDN.L,2020-07-14,4.458416876589296,40.00833601418731,0.29187520296192365
PRU.L/ABDN.L,2020-07-15,4.459438742443697,38.3048266178389,0.26701044984211036
PRU.L/ABDN.L,2020-07-16,4.460697461801221,47.00667233149056,0.40109252870631074
PRU.L/ABDN.L,2020-07-17,4.461615664936166,35.13772111395133,0.2280201340139966
PRU.L/ABDN.L,2020-07-20,4.4620667312624915,19.35272781330241,0.005171053101350639
PRU.L/ABDN.L,2020-07-21,4.462527091711394,19.55558092337401,0.026616193731560177
PRU.L/ABDN.L,2020-07-22,4.462865202388436,15.308010283795738,-0.027579069827170354
PRU.L/ABDN.L,2020-07-23,4.462651084667916,-3.772923229083972,-0.30780373623007556
PRU.L/ABDN.L,2020-07-24,4.4615059637147425,-36.62308146279997,-0.8051707120447925
PRU.L/ABDN.L,2020-07-27,4.460430434029042,-34.042572845829,-0.7374405559663851
PRU.L/ABDN.L,2020-07-28,4.459536369065254,-27.756827629213376,-0.6119434465950504
PRU.L/ABDN.L,2020-07-29,4.458726545980936,-24.67706454695076,-0.5381659248983565
PRU.L/ABDN.L,2020-07-30,4.457595074076016,-37.386876567967875,-0.7212915616107294
PRU.L/ABDN.L,2020-07-31,4.456411788103483,-39.39766862974261,-0.7302652959900024
PRU.L/ABDN.L,2020-08-03,4.455471935734316,-29.416619778302675,-0.5340287313113276
PRU.L/ABDN.L,2020-08-04,4.4546248376018625,-25.912306131790274,-0.44619671116937887
PRU.L/ABDN.L,2020-08-05,4.45415370207322,-12.556334098331263,-0.16987865983148395
PRU.L/ABDN.L,2020-08-06,4.453436555011476,-21.139632840810236,-0.3051734796899603
PRU.L/ABDN.L,2020-08-07,4.453090770159419,-8.235264621474016,-0.027310101242174135
PRU.L/ABDN.L,2020-08-10,4.4535050800960665,17.859394072336727,0.5314483360098793
PRU.L/ABDN.L,2020-08-11,4.453921459742336,17.53105833250629,0.566968833432105
PRU.L/ABDN.L,2020-08-12,4.45461711637246,26.64795434087273,0.7729897006497878
PRU.L/ABDN.L,2020-08-13,4.455297950232784,26.551114341121547,0.7936919914685789
PRU.L/ABDN.L,2020-08-14,4.456267214277513,36.878498177666415,1.0295053823445834
PRU.L/ABDN.L,2020-08-17,4.457054685178925,30.692137966011614,0.8646699084400271
PRU.L/ABDN.L,2020-08-18,4.458053484776555,38.486323967550106,1.0117551708767274
PRU.L/ABDN.L,2020-08-19,4.459192683848388,43.15985311402119,1.1469904547139216
PRU.L/ABDN.L,2020-08-20,4.461602334105485,93.24749832939847,2.38006391586592
PRU.L/ABDN.L,2020-08-21,4.4641848990669235,100.94340434100559,2.6059145217759956
PRU.L/ABDN.L,2020-08-24,4.466804557212891,101.51321893593718,2.507692623778969
PRU.L/ABDN.L,2020-08-25,4.469363836797819,100.76277153075239,2.4646531072945845
PRU.L/ABDN.L,2020-08-26,4.471679978632793,90.53323182837516,2.0999484799630177
PRU.L/ABDN.L,2020-08-27,4.474373799609259,107.0364928359445,2.409560293954734
PRU.L/ABDN.L,2020-08-28,4.4775788793583216,126.30075854474057,2.684911356696555
PRU.L/ABDN.L,2020-09-01,4.48097592347624,138.55350706902402,2.753205590934171
PRU.L/ABDN.L,2020-09-02,4.483592042126017,105.05810185328937,1.8737086021269578
PRU.L/ABDN.L,2020-09-03,4.486338597523538,113.06377803682483,1.9515418674124831
PRU.L/ABDN.L,2020-09-04,4.4886113487870265,94.83973252609997,1.4887169874410289
PRU.L/ABDN.L,2020-09-07,4.490816038941378,89.25128670606159,1.3179133434220724
PRU.L/ABDN.L,2020-09-08,4.492634980813128,73.36343629041562,0.9432845068624249
PRU.L/ABDN.L,2020-09-09,4.49406095070198,57.40829628605752,0.5843767142284237
PRU.L/ABDN.L,2020-09-10,4.496150689923626,83.15946004959028,1.1062326534629716
PRU.L/ABDN.L,2020-09-11,4.49832188801532,86.34192876637894,1.1462849686832666
PRU.L/ABDN.L,2020-09-14,4.5006035301450344,91.53344611341322,1.2202424819172346
PRU.L/ABDN.L,2020-09-15,4.503167639154413,101.65756864355899,1.3809026363941572
PRU.L/ABDN.L,2020-09-16,4.505818432350921,105.41800788438718,1.4055383293094805
PRU.L/ABDN.L,2020-09-17,4.5088566477694645,122.76188039872613,1.6813840027471376
PRU.L/ABDN.L,2020-09-18,4.511415478998071,102.98929677630554,1.2448148557969334
PRU.L/ABDN.L,2020-09-21,4.513522087267443,89.94627898231886,0.9548098249732441
PRU.L/ABDN.L,2020-09-22,4.515231958985849,74.27134108342807,0.6221991270008329
PRU.L/ABDN.L,2020-09-23,4.51756737029321,99.38280990596172,1.082363126518041
PRU.L/ABDN.L,2020-09-24,4.520458190536526,125.590137928447,1.5362793591209525
PRU.L/ABDN.L,2020-09-25,4.523529151565141,133.39685910251137,1.6234224678735651
PRU.L/ABDN.L,2020-09-28,4.526326461549205,115.11285744643249,1.2321050862806664
PRU.L/ABDN.L,2020-09-29,4.528529251918125,90.02699460121562,0.7235099473622415
PRU.L/ABDN.L,2020-09-30,4.529862889216179,55.448638847491,0.04329932379247694
PRU.L/ABDN.L,2020-10-01,4.530335726744842,21.415872475218066,-0.6092705399527238
PRU.L/ABDN.L,2020-10-02,4.530513360316846,10.11816176333059,-0.8098407204556107
PRU.L/ABDN.L,2020-10-05,4.530790543470167,13.710824815516844,-0.7301977315358342
PRU.L/ABDN.L,2020-10-06,4.5311379031912935,16.033360814834623,-0.6743847545246667
PRU.L/ABDN.L,2020-10-07,4.5313597890407955,11.60215308347938,-0.746623821849935
PRU.L/ABDN.L,2020-10-08,4.531596575367169,12.078559102743156,-0.7262983056200553
PRU.L/ABDN.L,2020-10-09,4.531723260509462,8.103182434170094,-0.7850934328895398
PRU.L/ABDN.L,2020-10-12,4.531429975542067,-6.544322404096874,-1.038677452345175
PRU.L/ABDN.L,2020-10-13,4.5313225862065,-0.20094352589126174,-0.9100794778240718
PRU.L/ABDN.L,2020-10-14,4.53039481168572,-29.17735539536261,-1.4120915566523504
PRU.L/ABDN.L,2020-10-15,4.528757161816906,-55.01179565650182,-1.8154016950966256
PRU.L/ABDN.L,2020-10-16,4.52724815610617,-49.687649534398815,-1.6767432890339655
PRU.L/ABDN.L,2020-10-19,4.525828785124817,-46.634905190023574,-1.6130067562112902
PRU.L/ABDN.L,2020-10-20,4.5241767088863645,-54.67749100869696,-1.730756227428365
PRU.L/ABDN.L,2020-10-21,4.522713182789119,-49.65251695987172,-1.622626457315418
PRU.L/ABDN.L,2020-10-22,4.521421583377666,-43.15211534566811,-1.4953211949282315
PRU.L/ABDN.L,2020-10-23,4.520050995302412,-45.66240340688205,-1.53029281849363
PRU.L/ABDN.L,2020-10-26,4.519272260602039,-25.50458724041573,-1.199158309409035
PRU.L/ABDN.L,2020-10-27,4.518091682230506,-42.09305813329661,-1.4705688980493994
PRU.L/ABDN.L,2020-10-28,4.5165832399221095,-56.20769217513896,-1.680040958272672
PRU.L/ABDN.L,2020-10-29,4.514613828176464,-74.8034413505145,-1.9247197243696303
PRU.L/ABDN.L,2020-10-30,4.512064243206631,-94.85872013583798,-2.1607404483460577
PRU.L/ABDN.L,2020-11-02,4.509837933728971,-82.07091028978436,-1.889024323427108
PRU.L/ABDN.L,2020-11-03,4.508203752245506,-57.56660559050056,-1.4663845047940618
PRU.L/ABDN.L,2020-11-04,4.50682105852901,-47.41658954967693,-1.2794386113984466
PRU.L/ABDN.L,2020-11-05,4.505080742740442,-59.1536198082938,-1.4087684547695851
PRU.L/ABDN.L,2020-11-06,4.503612314184873,-49.65563398041809,-1.2346433841727045
PRU.L/ABDN.L,2020-11-09,4.504735117623139,41.17821037491353,0.07833868889410808
PRU.L/ABDN.L,2020-11-10,4.505553900686437,30.117879828893592,-0.08151513161588322
PRU.L/ABDN.L,2020-11-11,4.507244569764427,59.7678418054702,0.3419104521714806
PRU.L/ABDN.L,2020-11-12,4.508995448937859,62.534847750154086,0.3768017299656596
PRU.L/ABDN.L,2020-11-13,4.510070246253887,39.31305904053329,0.05489872300704418
PRU.L/ABDN.L,2020-11-16,4.511558951570057,52.05014251977036,0.2534927469522378
PRU.L/ABDN.L,2020-11-17,4.51299509472441,49.853763345317475,0.2357983087025708
PRU.L/ABDN.L,2020-11-18,4.513872886012617,31.537885384454512,-0.01730627181204464
PRU.L/ABDN.L,2020-11-19,4.514534565944993,24.941350643650367,-0.09973902739832839
PRU.L/ABDN.L,2020-11-20,4.515253746364355,26.89062254610394,-0.05116233063593392
PRU.L/ABDN.L,2020-11-23,4.515362732490807,7.141766278312389,-0.3255112350005796
PRU.L/ABDN.L,2020-11-24,4.514058964267522,-37.10885912412368,-0.9782696536038048
PRU.L/ABDN.L,2020-11-25,4.512082164478095,-58.90122525350807,-1.2759541084071881
PRU.L/ABDN.L,2020-11-26,4.51103279303996,-30.426072929696147,-0.8024395420186335
PRU.L/ABDN.L,2020-11-27,4.5096155346896145,-42.21585405226847,-0.9570347403374585
PRU.L/ABDN.L,2020-11-30,4.506965443916368,-82.23521832082497,-1.5335267331423514
PRU.L/ABDN.L,2020-12-01,4.504464648310636,-74.74270670069745,-1.3642660316813018
PRU.L/ABDN.L,2020-12-02,4.501827946042367,-78.35544080769091,-1.3685812481224582
PRU.L/ABDN.L,2020-12-03,4.497931629333532,-115.56206244212649,-1.8547843265598332
PRU.L/ABDN.L,2020-12-04,4.494927265683378,-88.09232507226466,-1.3891942670675375
PRU.L/ABDN.L,2020-12-07,4.493201484246224,-49.98615320622821,-0.7874019775010441
PRU.L/ABDN.L,2020-12-08,4.492413492912056,-21.10195951836772,-0.32317260171186485
PRU.L/ABDN.L,2020-12-09,4.491890445595463,-12.829657984636924,-0.16822851648570744
PRU.L/ABDN.L,2020-12-10,4.492078173734315,9.626969870663288,0.22592048749297505
PRU.L/ABDN.L,2020-12-11,4.492865017235462,29.16349548526773,0.5813320163778462
PRU.L/ABDN.L,2020-12-14,4.493575986113038,26.43019228826961,0.5642753933540817
PRU.L/ABDN.L,2020-12-15,4.493461355039712,0.06604197511887833,0.13472164440120188
PRU.L/ABDN.L,2020-12-16,4.493774947367117,13.353180388064175,0.40374717063651294
PRU.L/ABDN.L,2020-12-17,4.49362753166867,-0.9520878673845345,0.1942627537504382
PRU.L/ABDN.L,2020-12-18,4.494069477417235,17.52207216474426,0.6213508356324922
PRU.L/ABDN.L,2020-12-21,4.494575826008483,19.925757080574613,0.7435867112382192
PRU.L/ABDN.L,2020-12-22,4.495004272836234,17.26261595117535,0.7421359091877817
PRU.L/ABDN.L,2020-12-23,4.49550228559202,19.191746173542015,0.812282263609502
PRU.L/ABDN.L,2020-12-24,4.495847843795869,14.431191793333255,0.7081521865449948
PRU.L/ABDN.L,2020-12-29,4.49665421011952,28.570409154658364,1.0175055918900733
PRU.L/ABDN.L,2020-12-30,4.497931862452803,44.14877936785774,1.3431113945620192
PRU.L/ABDN.L,2020-12-31,4.499219033462058,45.27054084437805,1.3419879927842264
PRU.L/ABDN.L,2021-01-04,4.500854686710425,55.57328133566307,1.5270320342986277
PRU.L/ABDN.L,2021-01-05,4.502296966529771,49.45641068894588,1.3620865335477634
PRU.L/ABDN.L,2021-01-06,4.503603013293264,42.93478095793989,1.1968865992624882
PRU.L/ABDN.L,2021-01-07,4.504227795642203,22.330573038383363,0.7454452397144747
PRU.L/ABDN.L,2021-01-08,4.504729773146482,18.76577917735426,0.661279775290054
PRU.L/ABDN.L,2021-01-11,4.50586899952285,38.820729163167016,1.0511340843570414
PRU.L/ABDN.L,2021-01-12,4.506777696820447,31.460905035876067,0.8677498767767851
PRU.L/ABDN.L,2021-01-13,4.506979586983952,9.793939581868244,0.39566636157931917
PRU.L/ABDN.L,2021-01-14,4.50706093157487,6.086406796923939,0.30068909256290544
PRU.L/ABDN.L,2021-01-15,4.5076168467167665,20.617878082312018,0.5841141216978843
PRU.L/ABDN.L,2021-01-18,4.508268764999819,23.781765891654686,0.6276317458875672
PRU.L/ABDN.L,2021-01-19,4.509774992725279,50.77826826755495,1.1621222369062023
PRU.L/ABDN.L,2021-01-20,4.5092871130697665,-11.126132297817549,-0.1616967081187484
PRU.L/ABDN.L,2021-01-21,4.508786759453193,-11.478056400845844,-0.17446140252863893
PRU.L/ABDN.L,2021-01-22,4.5076864102027425,-29.958713308282995,-0.5749945016847742
PRU.L/ABDN.L,2021-01-25,4.5061588776270805,-43.88258502742951,-0.8814774360939555
PRU.L/ABDN.L,2021-01-26,4.50437021103726,-51.193465292974,-1.0590603906260527
PRU.L/ABDN.L,2021-01-27,4.501357712595364,-88.41146842972444,-1.8796082397287448
PRU.L/ABDN.L,2021-01-28,4.49486179246332,-194.41952284407262,-3.723431121079261
PRU.L/ABDN.L,2021-01-29,4.487959364416248,-213.60256703317305,-3.601104529994978
PRU.L/ABDN.L,2021-02-01,4.480868711136555,-218.45398401181,-3.2928256545773853
PRU.L/ABDN.L,2021-02-02,4.4730077729750946,-235.6458412503639,-3.207404674949633
PRU.L/ABDN.L,2021-02-03,4.465759365838603,-218.3182030004789,-2.7304841287015607
PRU.L/ABDN.L,2021-02-04,4.458579424442939,-214.01594917469288,-2.4847341862638523
PRU.L/ABDN.L,2021-02-05,4.451670564058822,-208.06989534486297,-2.259696153755726
PRU.L/ABDN.L,2021-02-08,4.44512778341883,-195.85535354922467,-2.0034692043393014
PRU.L/ABDN.L,2021-02-09,4.439156135219311,-177.28047694056613,-1.707250810989606
PRU.L/ABDN.L,2021-02-10,4.434194194536528,-147.55037849939526,-1.309663900925291
PRU.L/ABDN.L,2021-02-11,4.429217496198749,-148.65989523783423,-1.276841680522008
PRU.L/ABDN.L,2021-02-12,4.425088541244983,-121.98731099054817,-0.936145208771148
PRU.L/ABDN.L,2021-02-15,4.420713007372676,-125.26682936432576,-0.9424293984610566
PRU.L/ABDN.L,2021-02-16,4.417238460739247,-99.33008779903366,-0.6194256068563173
PRU.L/ABDN.L,2021-02-17,4.415011251850189,-64.04418669152051,-0.19342985411298563
PRU.L/ABDN.L,2021-02-18,4.412638575777774,-69.16647370564169,-0.23910499099333068
PRU.L/ABDN.L,2021-02-19,4.410482984077972,-61.4829890973017,-0.14437099062664385
PRU.L/ABDN.L,2021-02-22,4.408732909949398,-49.422795332402075,-0.004998462434718351
PRU.L/ABDN.L,2021-02-23,4.4075334171368885,-33.3925063489221,0.18333533168991986
PRU.L/ABDN.L,2021-02-24,4.405890728550437,-46.33232975687588,0.03258227741221624
PRU.L/ABDN.L,2021-02-25,4.405570330941788,-6.279934210572264,0.48652828517517793
PRU.L/ABDN.L,2021-02-26,4.405510792659476,1.7240543604507366,0.5642221484009248
PRU.L/ABDN.L,2021-03-01,4.405803327766464,12.827317856159425,0.6743253580554631
PRU.L/ABDN.L,2021-03-02,4.40685855695948,36.73731653176492,0.9218973688170592
PRU.L/ABDN.L,2021-03-03,4.406681843278729,-1.7664645874247071,0.45755592791186406
PRU.L/ABDN.L,2021-03-04,4.407532503512665,30.480148203803992,0.8126925570473443
PRU.L/ABDN.L,2021-03-05,4.408952790999848,49.32520610636743,1.0086689636599286
PRU.L/ABDN.L,2021-03-08,4.41079530707803,61.95199264015423,1.127575664333153
PRU.L/ABDN.L,2021-03-09,4.4164612851297145,197.1764558230027,2.4898131860775186
PRU.L/ABDN.L,2021-03-10,4.421895825262973,193.31346817682083,2.313787497432095
PRU.L/ABDN.L,2021-03-11,4.427021065467686,180.3278684305326,2.07835112464376
PRU.L/ABDN.L,2021-03-12,4.432746599430257,201.87784954933227,2.167191931562307
PRU.L/ABDN.L,2021-03-15,4.439472645732581,243.70108103507982,2.402881246034125
PRU.L/ABDN.L,2021-03-16,4.446084161428065,235.60800282973764,2.19707269771808
PRU.L/ABDN.L,2021-03-17,4.452622940861922,237.99897210986796,2.1026932520507104
PRU.L/ABDN.L,2021-03-18,4.45913409778324,231.902288839648,1.9559075747267904
PRU.L/ABDN.L,2021-03-19,4.464932987296333,208.19820375524182,1.6960725843508528
PRU.L/ABDN.L,2021-03-22,4.469788587481172,170.5310325948651,1.3582368714472342
PRU.L/ABDN.L,2021-03-23,4.476009780680654,223.66024229256413,1.6991408685981484
PRU.L/ABDN.L,2021-03-24,4.4820308960220325,214.0421927820546,1.5694548031687763
PRU.L/ABDN.L,2021-03-25,4.488001571221885,210.1392645462106,1.4919656039820384
PRU.L/ABDN.L,2021-03-26,4.494375314786945,227.48631603357694,1.563014496042598
PRU.L/ABDN.L,2021-03-29,4.5003558830440324,215.2781059691738,1.432762688717508
PRU.L/ABDN.L,2021-03-30,4.506714095884225,224.8812646660583,1.4531975895858502
PRU.L/ABDN.L,2021-03-31,4.512074359733238,190.6198741559972,1.1869255416583822
PRU.L/ABDN.L,2021-04-01,4.517251996643499,181.79647506703986,1.0975116554404545
PRU.L/ABDN.L,2021-04-06,4.52209051666745,168.98887110226406,0.9863825190239393
PRU.L/ABDN.L,2021-04-07,4.527000074137409,169.6282822613814,0.9683303342785688
PRU.L/ABDN.L,2021-04-08,4.531010033886928,137.9422288104288,0.7438955146777515
PRU.L/ABDN.L,2021-04-09,4.535306188323562,148.01360516131672,0.7906988897683347
PRU.L/ABDN.L,2021-04-12,4.5400407832286485,165.7023164989273,0.8830565394458602
PRU.L/ABDN.L,2021-04-13,4.545306025299799,185.8977647058298,0.987894278611713
PRU.L/ABDN.L,2021-04-14,4.550679791320972,190.64113343479858,0.9920309159597416
PRU.L/ABDN.L,2021-04-15,4.557002186588878,228.63054524616973,1.2004909988051329
PRU.L/ABDN.L,2021-04-16,4.562290517706134,188.78868802460056,0.9222895285766568
PRU.L/ABDN.L,2021-04-19,4.5681622185360995,213.11358317033137,1.0422771685741907
PRU.L/ABDN.L,2021-04-20,4.573368072593025,194.74553063539383,0.9003228499336252
PRU.L/ABDN.L,2021-04-21,4.578517998620965,193.442294547164,0.8646851970572758
PRU.L/ABDN.L,2021-04-22,4.583681026451062,194.25504592733455,0.8423176595438439
PRU.L/ABDN.L,2021-04-23,4.58947623151965,218.8277709434135,0.9606747012336377
PRU.L/ABDN.L,2021-04-26,4.595059984340738,206.68266335893964,0.8583350822452013
PRU.L/ABDN.L,2021-04-27,4.600886856017344,218.17288633968315,0.9032431798846813
PRU.L/ABDN.L,2021-04-28,4.6072177092080135,237.48010603476382,0.9998456433950195
PRU.L/ABDN.L,2021-04-29,4.613079437731212,219.17945539933385,0.8588188566263236
PRU.L/ABDN.L,2021-04-30,4.618785037379571,210.70595505426786,0.7795540210819755
PRU.L/ABDN.L,2021-05-04,4.62475843259674,226.56427769438005,0.8691186103917256
PRU.L/ABDN.L,2021-05-05,4.630749726625472,223.906604475005,0.830764667292336
PRU.L/ABDN.L,2021-05-06,4.637022582915487,230.83913991004965,0.8648353708748504
PRU.L/ABDN.L,2021-05-07,4.643611518063249,240.95724780812384,0.9268470548495893
PRU.L/ABDN.L,2021-05-10,4.650562943771776,255.97750370028757,1.0304461014990265
PRU.L/ABDN.L,2021-05-11,4.656784108596044,238.0697813881768,0.8630834787586178
PRU.L/ABDN.L,2021-05-12,4.663256656987356,248.64915715969096,0.9392941091944204
PRU.L/ABDN.L,2021-05-13,4.66860534490386,207.17401531114547,0.5358896348554588
PRU.L/ABDN.L,2021-05-14,4.674057644761349,204.44226612807756,0.48484661681231705
PRU.L/ABDN.L,2021-05-17,4.679349146811776,200.90926222957478,0.42201270092066007
PRU.L/ABDN.L,2021-05-18,4.6846405182778295,200.12629314108835,0.3859768853104032
PRU.L/ABDN.L,2021-05-19,4.689710790107049,194.65917781217854,0.29317754204636437
PRU.L/ABDN.L,2021-05-20,4.694705694685973,188.32924857544322,0.18122603765571144
PRU.L/ABDN.L,2021-05-21,4.699953695774287,198.75456604646206,0.28195290253693045
PRU.L/ABDN.L,2021-05-24,4.705241322746938,199.02325970046354,0.25089130426757256
PRU.L/ABDN.L,2021-05-25,4.7108481919762735,211.4182778332422,0.4081187458887691
PRU.L/ABDN.L,2021-05-26,4.7161032431312755,199.9676598269109,0.18852381665312196
PRU.L/ABDN.L,2021-05-27,4.720747920675239,172.6019051208707,-0.35543834652206746
PRU.L/ABDN.L,2021-05-28,4.725105625582891,160.62523930162956,-0.6650072733712805
PRU.L/ABDN.L,2021-06-01,4.729492490624149,162.5847672795744,-0.7902925857032945
PRU.L/ABDN.L,2021-06-02,4.734222125071514,174.47210756197728,-0.6581991374730657
PRU.L/ABDN.L,2021-06-03,4.737737074242955,128.52812771600998,-2.185597916561164
PRU.L/ABDN.L,2021-06-04,4.740893491008445,115.96215097217168,-2.885445861125768
PRU.L/ABDN.L,2021-06-07,4.744341491826314,127.32789390482549,-2.341787698315415
PRU.L/ABDN.L,2021-06-08,4.747147092645855,102.80343372971743,-2.859902517909085
PRU.L/ABDN.L,2021-06-09,4.749748940258097,96.44872177203183,-2.804013641347486
PRU.L/ABDN.L,2021-06-10,4.752717613044509,108.89225306229173,-2.3013303070955846
PRU.L/ABDN.L,2021-06-11,4.755345213967485,94.78311317949579,-2.501440408112097
PRU.L/ABDN.L,2021-06-14,4.757827692666041,89.72947076563446,-2.456177095170764
PRU.L/ABDN.L,2021-06-15,4.760519737733683,96.42234250673914,-2.1682516857015472
PRU.L/ABDN.L,2021-06-16,4.763372669532318,102.29947665762847,-1.9315116668670558
PRU.L/ABDN.L,2021-06-17,4.766158885213989,101.16952274275559,-1.8624623859033747
PRU.L/ABDN.L,2021-06-18,4.768939581834125,104.32705079123457,-1.7225428320441987
PRU.L/ABDN.L,2021-06-21,4.771778559726857,105.67139969911887,-1.623279715674927
PRU.L/ABDN.L,2021-06-22,4.773823340147001,76.6711915651781,-2.1199869964127873
PRU.L/ABDN.L,2021-06-23,4.775949895078601,80.23158162737809,-1.9421265020461271
PRU.L/ABDN.L,2021-06-24,4.778204771155462,84.16929364144585,-1.7805957589978545
PRU.L/ABDN.L,2021-06-25,4.780344934272793,79.41589335907815,-1.7887117795490424
PRU.L/ABDN.L,2021-06-28,4.781479392678212,43.75539286911453,-2.324540709657445
PRU.L/ABDN.L,2021-06-29,4.783446689897861,74.33474910066275,-1.6810551027408052
PRU.L/ABDN.L,2021-06-30,4.784443433191553,39.87804714774552,-2.1701869899267336
PRU.L/ABDN.L,2021-07-01,4.785468447345058,40.3819056711809,-2.0461850854153405
PRU.L/ABDN.L,2021-07-02,4.786536133084515,41.980411016575545,-1.9199693241891749
PRU.L/ABDN.L,2021-07-05,4.787564764203701,40.057641951442065,-1.868054031931998
PRU.L/ABDN.L,2021-07-06,4.788327391364817,30.909098257413916,-1.917892321915509
PRU.L/ABDN.L,2021-07-07,4.788616328957711,13.779066436547964,-2.0606664571228706
PRU.L/ABDN.L,2021-07-08,4.787944804413643,-20.199321293753428,-2.386533063913306
PRU.L/ABDN.L,2021-07-09,4.787374392715729,-16.1269846273035,-2.1910378819404492
PRU.L/ABDN.L,2021-07-12,4.7868085353155205,-16.006507177352887,-2.0752955062839913
PRU.L/ABDN.L,2021-07-13,4.785481301146618,-42.121489330326995,-2.265043792566608
PRU.L/ABDN.L,2021-07-14,4.784269902109439,-38.686043980959994,-2.100996108675691
PRU.L/ABDN.L,2021-07-15,4.7840947515419,-2.5490090460348256,-1.5960325335521715
PRU.L/ABDN.L,2021-07-16,4.7838119138312605,-6.3553158099628035,-1.5743025280100233
PRU.L/ABDN.L,2021-07-19,4.7834138945444415,-10.957888097483192,-1.562197006854813
PRU.L/ABDN.L,2021-07-20,4.7825810352429565,-26.269165508944297,-1.6665338576773252
PRU.L/ABDN.L,2021-07-21,4.781900756956402,-20.010528461660215,-1.5336878679522643
PRU.L/ABDN.L,2021-07-22,4.780782252559529,-35.12489700651349,-1.634566195372848
PRU.L/ABDN.L,2021-07-23,4.779599972289517,-37.02502429691958,-1.5954752530959146
PRU.L/ABDN.L,2021-07-26,4.778553963140886,-32.410483886877046,-1.48901385972168
PRU.L/ABDN.L,2021-07-27,4.776865870861412,-54.81867867338269,-1.6632800745141736
PRU.L/ABDN.L,2021-07-28,4.775330169907214,-49.53063636255183,-1.549365508658902
PRU.L/ABDN.L,2021-07-29,4.774162493642137,-36.24698698939915,-1.3614282295550841
PRU.L/ABDN.L,2021-07-30,4.77303782805125,-35.30635882106549,-1.309969844566042
PRU.L/ABDN.L,2021-08-02,4.771551912068969,-47.10863662324027,-1.395170865142719
PRU.L/ABDN.L,2021-08-03,4.770669997642297,-26.628570113023443,-1.1454614902812728
PRU.L/ABDN.L,2021-08-04,4.769002316133743,-52.001920649606745,-1.387494754815387
PRU.L/ABDN.L,2021-08-05,4.76668411077125,-72.73002497660173,-1.5788443023356893
PRU.L/ABDN.L,2021-08-06,4.7655397386337635,-34.161093701448635,-1.1099974651947504
PRU.L/ABDN.L,2021-08-09,4.764421717820452,-33.42500700151186,-1.0702017362001832
PRU.L/ABDN.L,2021-08-10,4.765101595762566,26.732609227475905,-0.34754039665109193
PRU.L/ABDN.L,2021-08-11,4.766475070833581,49.86915467834001,-0.04479591731073808
PRU.L/ABDN.L,2021-08-12,4.768699414749006,79.77434587312041,0.35081645189746785
PRU.L/ABDN.L,2021-08-13,4.771897347553692,114.40118490546115,0.8139919093563072
PRU.L/ABDN.L,2021-08-16,4.774337645261927,90.29647686720455,0.5460389068824448
PRU.L/ABDN.L,2021-08-17,4.7775683673973415,120.05030022709366,0.9782896936353324
PRU.L/ABDN.L,2021-08-18,4.780969022722243,125.93782607614094,1.1127626675853475
PRU.L/ABDN.L,2021-08-19,4.784822792075457,148.3478369624438,1.4684053698065136
PRU.L/ABDN.L,2021-08-20,4.7887459343222645,150.29517311039444,1.5149014620468706
PRU.L/ABDN.L,2021-08-23,4.79372159831678,189.6671769790289,2.0456200961821485
PRU.L/ABDN.L,2021-08-24,4.799217974157448,208.1549652979254,2.248362943900864
PRU.L/ABDN.L,2021-08-25,4.804917158261391,213.12980962336087,2.2666650131890287
PRU.L/ABDN.L,2021-08-26,4.810650098352916,216.75909811167026,2.2202719101444917
PRU.L/ABDN.L,2021-08-27,4.8159380708750525,198.0530618030591,1.907074518377204
PRU.L/ABDN.L,2021-08-31,4.821065736583815,193.2227762449204,1.7950086055311874
PRU.L/ABDN.L,2021-09-01,4.826402874820396,200.35790406673482,1.8172359651585035
PRU.L/ABDN.L,2021-09-02,4.833315121273573,259.26904870211524,2.3859235679020774
PRU.L/ABDN.L,2021-09-03,4.840341839874141,264.66365695936884,2.3123839397956694
PRU.L/ABDN.L,2021-09-06,4.847541494996964,268.63522307489893,2.2262133624222877
PRU.L/ABDN.L,2021-09-07,4.854709726322528,267.6728173079123,2.101274830388097
PRU.L/ABDN.L,2021-09-08,4.861821994596006,270.94718701651345,2.030866234274277
PRU.L/ABDN.L,2021-09-09,4.867915569232089,234.5506941363576,1.6125006660643306
PRU.L/ABDN.L,2021-09-10,4.873982891481217,233.46602284718028,1.548909987064048
PRU.L/ABDN.L,2021-09-13,4.879436387875505,206.66051435185227,1.261294753986691
PRU.L/ABDN.L,2021-09-14,4.884455263885887,192.47444496997855,1.1037446003544555
PRU.L/ABDN.L,2021-09-15,4.889222159471697,181.49470816355597,0.9773188467696559
PRU.L/ABDN.L,2021-09-16,4.894119879383909,185.36416872855648,0.9884222829974635
PRU.L/ABDN.L,2021-09-17,4.899092347179558,191.4950838613463,1.0189036802331832
PRU.L/ABDN.L,2021-09-20,4.90208912999298,121.60005208056373,0.3789632018226123
PRU.L/ABDN.L,2021-09-21,4.906111235722978,162.02096709324587,0.7241748641820784
PRU.L/ABDN.L,2021-09-22,4.910842546750739,184.5581155119978,0.9043558631701674
PRU.L/ABDN.L,2021-09-23,4.914528641185493,143.35963623507837,0.5196435859123387
PRU.L/ABDN.L,2021-09-24,4.918472919815732,154.15651038728038,0.5982070157635291
PRU.L/ABDN.L,2021-09-27,4.923392263662755,191.3555084880279,0.902892759219362
PRU.L/ABDN.L,2021-09-28,4.928272602441541,190.9737016931108,0.872858026806508
PRU.L/ABDN.L,2021-09-29,4.933307598921563,193.098119651572,0.8643233026672966
PRU.L/ABDN.L,2021-09-30,4.938446075679914,196.33462752661785,0.8642330960578509
PRU.L/ABDN.L,2021-10-01,4.943732264236639,203.78856154474806,0.8989942418987066
PRU.L/ABDN.L,2021-10-04,4.949161879259432,212.62223065174248,0.9446766809149215
PRU.L/ABDN.L,2021-10-05,4.9552897940165295,237.67534522873666,1.1269804343852807
PRU.L/ABDN.L,2021-10-06,4.961828531294398,255.8791600116033,1.2460891136629895
PRU.L/ABDN.L,2021-10-07,4.968463760438411,253.9865398452639,1.1906978600344145
PRU.L/ABDN.L,2021-10-08,4.974811323758764,241.46087604310924,1.0444911866199271
PRU.L/ABDN.L,2021-10-11,4.9808938944303645,232.38811125894767,0.9325742929714993
PRU.L/ABDN.L,2021-10-12,4.986423208564405,213.44108465164732,0.7370354182813599
PRU.L/ABDN.L,2021-10-13,4.990824324037668,167.4948810195558,0.3008202200179711
PRU.L/ABDN.L,2021-10-14,4.995196983870822,163.9605913410926,0.24470424855666537
PRU.L/ABDN.L,2021-10-15,4.999799149681147,173.24288228207683,0.3052052030651696
PRU.L/ABDN.L,2021-10-18,5.003793763075047,150.74082246053422,0.06369489328175952
PRU.L/ABDN.L,2021-10-19,5.007864333455227,152.2113524443721,0.049339958964633765
PRU.L/ABDN.L,2021-10-20,5.012073114133463,158.11360611174223,0.07552739483878199
PRU.L/ABDN.L,2021-10-21,5.0165576685931565,168.95412592534103,0.1559135804789513
PRU.L/ABDN.L,2021-10-22,5.021013358715119,166.80945750834326,0.10013322255606479
PRU.L/ABDN.L,2021-10-25,5.02572484208606,176.59782767466868,0.1772173746147839
PRU.L/ABDN.L,2021-10-26,5.030591161289955,179.28416507483212,0.17356924284293818
PRU.L/ABDN.L,2021-10-27,5.035753765815655,191.4738189747561,0.2927443029484455
PRU.L/ABDN.L,2021-10-28,5.040860223272315,190.1879885343319,0.24148699673135401
PRU.L/ABDN.L,2021-10-29,5.046601643315872,216.30450775135773,0.5995717704955386
PRU.L/ABDN.L,2021-11-01,5.052160219069041,207.83454582143463,0.44885837624607317
PRU.L/ABDN.L,2021-11-02,5.057406392429343,197.05284254854564,0.22622649217981486
PRU.L/ABDN.L,2021-11-03,5.0624357562471545,188.77341957393583,0.012047836985091447
PRU.L/ABDN.L,2021-11-04,5.067465088828863,190.0981527865738,-0.010529516985697224
PRU.L/ABDN.L,2021-11-05,5.07233745496921,182.22215212715832,-0.2486757745629229
PRU.L/ABDN.L,2021-11-08,5.076550958258339,153.173028972187,-1.0087834663963395
PRU.L/ABDN.L,2021-11-09,5.081272563162503,175.33192861630073,-0.5119221153602614
PRU.L/ABDN.L,2021-11-10,5.085863525331329,167.3081522735199,-0.7727845790793239
PRU.L/ABDN.L,2021-11-11,5.090487309057622,168.6193991760731,-0.7773369422447799
PRU.L/ABDN.L,2021-11-12,5.09521960235061,171.79901288450333,-0.7059236131338427
PRU.L/ABDN.L,2021-11-15,5.100220959017962,183.78145775183225,-0.38091849346201667
PRU.L/ABDN.L,2021-11-16,5.1047613314930524,166.54170613236943,-0.8698673126054997
PRU.L/ABDN.L,2021-11-17,5.109209749348645,163.42750344197316,-0.9327954123495005
PRU.L/ABDN.L,2021-11-18,5.1133613330883305,154.0947269779274,-1.1633706011462348
PRU.L/ABDN.L,2021-11-19,5.117562630570764,158.46089359816892,-1.0049206649262008
PRU.L/ABDN.L,2021-11-22,5.121036447806579,130.3562743261466,-1.7285350703867013
PRU.L/ABDN.L,2021-11-23,5.12500392399236,150.8080826541268,-1.12794020701777
PRU.L/ABDN.L,2021-11-24,5.128495872044905,131.63465273333009,-1.5884896989103805
PRU.L/ABDN.L,2021-11-25,5.131566059113727,115.79055060927521,-1.9435343399488483
PRU.L/ABDN.L,2021-11-26,5.133642672055265,84.76674409198836,-2.6259584452157996
PRU.L/ABDN.L,2021-11-29,5.1357599621955945,87.03858574436413,-2.4570149857985304
PRU.L/ABDN.L,2021-11-30,5.1377035228198835,80.89365212651956,-2.5014893051774356
PRU.L/ABDN.L,2021-12-01,5.139911409175992,89.16254052342833,-2.224576354166736
PRU.L/ABDN.L,2021-12-02,5.142091777120529,91.2809482517946,-2.0701310896505523
PRU.L/ABDN.L,2021-12-03,5.1440610904951045,81.33701715446637,-2.202750689946352
PRU.L/ABDN.L,2021-12-06,5.146292879108421,90.40249452825924,-1.885246341623279
PRU.L/ABDN.L,2021-12-07,5.148418584399772,84.92679331322734,-1.914973830415254
PRU.L/ABDN.L,2021-12-08,5.15050466691629,82.6581035097181,-1.8719175725065935
PRU.L/ABDN.L,2021-12-09,5.152740018085465,89.67384372272886,-1.6414518141961891
PRU.L/ABDN.L,2021-12-10,5.154773791263097,82.47602018330372,-1.7197849711296995
PRU.L/ABDN.L,2021-12-13,5.1563700619721615,65.82672314243655,-1.9991017561646978
PRU.L/ABDN.L,2021-12-14,5.157948695444299,64.84334800897568,-1.921577275066445
PRU.L/ABDN.L,2021-12-15,5.159312907000078,56.66034240713793,-1.978054264865665
PRU.L/ABDN.L,2021-12-16,5.160521183548282,49.962477143051274,-2.0065992341256274
PRU.L/ABDN.L,2021-12-17,5.161877398057811,55.76723981186706,-1.8124062041511753
PRU.L/ABDN.L,2021-12-20,5.163045432419314,50.516221697255105,-1.8188668063402826
PRU.L/ABDN.L,2021-12-21,5.16423100450172,49.69325654380191,-1.7507734701610103
PRU.L/ABDN.L,2021-12-22,5.165220194649034,41.461608933343314,-1.8066027328050998
PRU.L/ABDN.L,2021-12-23,5.165980183155527,32.15854590804088,-1.8711878324541769
PRU.L/ABDN.L,2021-12-24,5.166642472531175,28.39692228687045,-1.8445295342687236
PRU.L/ABDN.L,2021-12-29,5.167487406291204,35.247579897879405,-1.6634123781076788
PRU.L/ABDN.L,2021-12-30,5.168341563678608,35.70935607431193,-1.601397634689866
PRU.L/ABDN.L,2021-12-31,5.169124620209564,32.96293290855601,-1.6030306772328833
PRU.L/ABDN.L,2022-01-04,5.170032804910949,36.64405756397423,-1.5072600354909176
PRU.L/ABDN.L,2022-01-05,5.170569404453209,23.241076647123464,-1.6788323738369766
PRU.L/ABDN.L,2022-01-06,5.171472156534086,37.20785469613338,-1.4085303802773232
PRU.L/ABDN.L,2022-01-07,5.173147561549705,65.60344962440081,-0.9031045965694429
PRU.L/ABDN.L,2022-01-10,5.174408785179992,50.597426877798625,-1.1198728319037532
PRU.L/ABDN.L,2022-01-11,5.1756233862134255,48.71111501913333,-1.113432567732724
PRU.L/ABDN.L,2022-01-12,5.176575827064325,38.636482665933045,-1.2392236844140618
PRU.L/ABDN.L,2022-01-13,5.178351217590375,68.4315180928163,-0.7159602642042818
PRU.L/ABDN.L,2022-01-14,5.179986264166481,64.0616774852906,-0.7638230355459732
PRU.L/ABDN.L,2022-01-17,5.181317576063582,52.51841833532376,-0.9259499618144538
PRU.L/ABDN.L,2022-01-18,5.182571355825852,50.23345495678177,-0.9324548059521447
PRU.L/ABDN.L,2022-01-19,5.183935455649858,54.822784135843676,-0.8269776928104435
PRU.L/ABDN.L,2022-01-20,5.185567306699203,63.62786109488866,-0.6535889903128819
PRU.L/ABDN.L,2022-01-21,5.187469602357046,75.04987030709754,-0.43641367340646886
PRU.L/ABDN.L,2022-01-24,5.188591605262997,47.29826169240482,-0.8844840731240374
PRU.L/ABDN.L,2022-01-25,5.187962734736525,-19.752987714332676,-1.9681902691081727
PRU.L/ABDN.L,2022-01-26,5.188374248205742,18.835515640660788,-1.27884345016698
PRU.L/ABDN.L,2022-01-27,5.1891506102869265,32.62235202904276,-1.0128288831691457
PRU.L/ABDN.L,2022-01-28,5.188457086662062,-21.818551299907767,-1.938411969156026
PRU.L/ABDN.L,2022-01-31,5.188072107080078,-10.546775367948158,-1.6843254580484264
PRU.L/ABDN.L,2022-02-01,5.187731588786807,-8.914907022967327,-1.613627572162749
PRU.L/ABDN.L,2022-02-02,5.187004276116588,-22.601926534418908,-1.8116734447052087
PRU.L/ABDN.L,2022-02-03,5.186286112059136,-22.516136958879542,-1.741437706853368
PRU.L/ABDN.L,2022-02-04,5.185665685625064,-19.27335934755706,-1.636250345573522
PRU.L/ABDN.L,2022-02-07,5.185298337005884,-9.737701056452352,-1.4210065929345508
PRU.L/ABDN.L,2022-02-08,5.184597341195242,-21.563887020153516,-1.6021487773007859
PRU.L/ABDN.L,2022-02-09,5.182530494996622,-68.64768686233356,-2.393414911898486
PRU.L/ABDN.L,2022-02-10,5.181283819420435,-40.68058307798083,-1.8335803458914326
PRU.L/ABDN.L,2022-02-11,5.179615474206037,-56.30900047036994,-2.0696473339779677
PRU.L/ABDN.L,2022-02-14,5.178227034916072,-48.060783945096546,-1.8637689851337906
PRU.L/ABDN.L,2022-02-15,5.177278360678816,-31.272818570547997,-1.5039316903989552
PRU.L/ABDN.L,2022-02-16,5.1763058233249915,-31.84529797922187,-1.4920108269526953
PRU.L/ABDN.L,2022-02-17,5.175891049373735,-12.143960295617944,-1.0613285484019688
PRU.L/ABDN.L,2022-02-18,5.174613041159644,-44.5888382344142,-1.709981520666466
PRU.L/ABDN.L,2022-02-21,5.172983829525975,-57.72862901251506,-1.9318153472743196
PRU.L/ABDN.L,2022-02-22,5.173267396543228,14.82462959021791,-0.34880727997633426
PRU.L/ABDN.L,2022-02-23,5.17357554536244,15.786650489307249,-0.30578425413732324
PRU.L/ABDN.L,2022-02-24,5.175089610114251,69.07502883716666,0.8960465803555888
PRU.L/ABDN.L,2022-02-25,5.177524768815455,105.56048546439843,1.6840953690120781
PRU.L/ABDN.L,2022-02-28,5.179076329685341,69.13122726355368,0.8911710970469939
PRU.L/ABDN.L,2022-03-01,5.180163176773285,51.97620014945346,0.5298272677858872
PRU.L/ABDN.L,2022-03-02,5.182334405089235,98.13335094177728,1.556673582220038
PRU.L/ABDN.L,2022-03-03,5.185077635965821,128.3264339273004,2.165644675872873
PRU.L/ABDN.L,2022-03-04,5.188306533310964,159.42868191843127,2.6748034313743205
PRU.L/ABDN.L,2022-03-07,5.19014315572415,91.88880994466183,1.2626122447189474
PRU.L/ABDN.L,2022-03-08,5.1920829521352765,96.15583729286755,1.3448319084648592
PRU.L/ABDN.L,2022-03-09,5.194855073383427,127.93325634607709,1.938976507248416
PRU.L/ABDN.L,2022-03-10,5.196917783383889,96.58373859416577,1.2830711418374723
PRU.L/ABDN.L,2022-03-11,5.198359363972349,67.14486670644249,0.6943078166470669
PRU.L/ABDN.L,2022-03-14,5.198747325278158,20.308732427682457,-0.22838127456039828
PRU.L/ABDN.L,2022-03-15,5.198260772092276,-17.34059983799284,-0.9518646545579801
PRU.L/ABDN.L,2022-03-16,5.197473171312763,-28.32229746972871,-1.131772409569825
PRU.L/ABDN.L,2022-03-17,5.19704846877608,-13.465741246866855,-0.8150968046302254
PRU.L/ABDN.L,2022-03-18,5.196589506287017,-14.832597595259358,-0.8173212168388758
PRU.L/ABDN.L,2022-03-21,5.197228199201911,30.027015292733722,0.06137383368956232
PRU.L/ABDN.L,2022-03-22,5.198510248331797,55.58438430521437,0.5511473516712848
PRU.L/ABDN.L,2022-03-23,5.199286371875721,35.49430419231771,0.15771462356917762
PRU.L/ABDN.L,2022-03-24,5.199721194166336,21.40194204039335,-0.1120850994893549
PRU.L/ABDN.L,2022-03-25,5.199890439270788,10.579354912135159,-0.3143998645776152
PRU.L/ABDN.L,2022-03-28,5.199847957214122,1.933561166347772,-0.4716783906830815
PRU.L/ABDN.L,2022-03-29,5.200229277929907,18.385634725851787,-0.146326747225816
PRU.L/ABDN.L,2022-03-30,5.200443974090208,11.956115040478608,-0.26738504494801396
PRU.L/ABDN.L,2022-03-31,5.200861855331683,19.767324255449466,-0.11016464054578032
PRU.L/ABDN.L,2022-04-01,5.2010626344598405,11.416494244444493,-0.2559711011023989
PRU.L/ABDN.L,2022-04-04,5.201255603089004,11.042600081043474,-0.25082799563540165
PRU.L/ABDN.L,2022-04-05,5.20171030063018,21.15872037877807,-0.04426893791961396
PRU.L/ABDN.L,2022-04-06,5.202019784228029,15.748052376561645,-0.14282498738973495
PRU.L/ABDN.L,2022-04-07,5.202711450033924,31.717620725755523,0.18323293565778664
PRU.L/ABDN.L,2022-04-08,5.203218293671599,23.696129572051632,0.03853406858184715
PRU.L/ABDN.L,2022-04-11,5.202919274723341,-8.299048054599325,-0.5762221819882154
PRU.L/ABDN.L,2022-04-12,5.203180430734995,14.213664137819478,-0.11792251965407048
PRU.L/ABDN.L,2022-04-13,5.204033059115295,39.025549003339506,0.38215400337850847
PRU.L/ABDN.L,2022-04-14,5.204985385503427,43.01781804152188,0.47088866772696947
PRU.L/ABDN.L,2022-04-19,5.206151675327581,52.883387771260004,0.6807095505426545
PRU.L/ABDN.L,2022-04-20,5.207504807428076,59.796998801302266,0.813665539842763
PRU.L/ABDN.L,2022-04-21,5.208219695887234,32.683418030141866,0.2515553323346066
PRU.L/ABDN.L,2022-04-22,5.209081658907747,39.810897087994476,0.3881359810648394
PRU.L/ABDN.L,2022-04-25,5.20885785656482,-5.816312662676978,-0.5195935527182172
PRU.L/ABDN.L,2022-04-26,5.20880950546521,1.570097531340707,-0.380387871791915
PRU.L/ABDN.L,2022-04-27,5.209157287866552,18.697905222479108,-0.04338011036247323
PRU.L/ABDN.L,2022-04-28,5.209814083800454,31.83008092322882,0.21037013034640192
PRU.L/ABDN.L,2022-04-29,5.210350004823878,26.36207042420176,0.08283630001697391
PRU.L/ABDN.L,2022-05-03,5.210791517845733,22.360669505230135,-0.014769191789083626
PRU.L/ABDN.L,2022-05-04,5.2109187329537034,9.04567822843046,-0.3016505896858575
PRU.L/ABDN.L,2022-05-05,5.210677625473079,-6.725073557788733,-0.6311994229930233
PRU.L/ABDN.L,2022-05-06,5.209998178299042,-26.03693292182777,-1.0300509448084079
PRU.L/ABDN.L,2022-05-09,5.208810276741796,-49.03838671285553,-1.5331851877003975
PRU.L/ABDN.L,2022-05-10,5.207357313835642,-59.75247139619046,-1.7336385243294452
PRU.L/ABDN.L,2022-05-11,5.206853506437872,-17.892511755949045,-0.8910669842285965
PRU.L/ABDN.L,2022-05-12,5.206070662706639,-30.281280399544244,-1.169869071066871
PRU.L/ABDN.L,2022-05-13,5.205437743361499,-22.668598969766208,-1.0137504890516156
PRU.L/ABDN.L,2022-05-16,5.205060859490425,-12.075252890947468,-0.7994560147886682
PRU.L/ABDN.L,2022-05-17,5.205449753051485,19.517138549142942,-0.12923515585885711
PRU.L/ABDN.L,2022-05-18,5.205823539688613,19.265449811854296,-0.16101911853917025
PRU.L/ABDN.L,2022-05-19,5.20684412208566,48.20789169504974,0.45418799383083364
PRU.L/ABDN.L,2022-05-20,5.207770580516853,42.57036047292638,0.3150183281783975
PRU.L/ABDN.L,2022-05-23,5.208255750410078,23.371761856972967,-0.12589781573034378
PRU.L/ABDN.L,2022-05-24,5.208687458121454,21.284412340740687,-0.1564684753469905
PRU.L/ABDN.L,2022-05-25,5.208624073300742,1.0529315091755507,-0.5962597006198735
PRU.L/ABDN.L,2022-05-26,5.2082663622489624,-10.49320402317585,-0.8394255600476729
PRU.L/ABDN.L,2022-05-27,5.208456937626531,11.152536497841766,-0.3125643817693982
PRU.L/ABDN.L,2022-05-30,5.208880361040238,20.114230478285208,-0.07126740103666662
PRU.L/ABDN.L,2022-05-31,5.209406043942919,24.42961150584938,0.080667773294433
PRU.L/ABDN.L,2022-06-01,5.209729472446723,16.563436039219596,-0.06922752591369412
PRU.L/ABDN.L,2022-06-06,5.210706273665573,41.84761791047663,0.7210627566936141
PRU.L/ABDN.L,2022-06-07,5.21180919803657,47.932839603823936,0.970776996159418
PRU.L/ABDN.L,2022-06-08,5.213865695150148,88.203919272843,2.4216062070460374
PRU.L/ABDN.L,2022-06-09,5.215639974452792,77.807479719507,2.1362148565675523
PRU.L/ABDN.L,2022-06-10,5.21730443635831,76.49009081498912,2.0632926319981286
PRU.L/ABDN.L,2022-06-13,5.219293232781871,92.97400886082607,2.4510317386778544
PRU.L/ABDN.L,2022-06-14,5.221249151991933,91.4665079961859,2.262652864714094
PRU.L/ABDN.L,2022-06-15,5.223705139535539,113.9160416287018,2.7524892282176485
PRU.L/ABDN.L,2022-06-16,5.225799693380506,102.18613026716741,2.2603559622950486
PRU.L/ABDN.L,2022-06-17,5.2279843613109955,104.76330772705717,2.20350541755138
PRU.L/ABDN.L,2022-06-20,5.230408600760615,115.04797947890393,2.3333666014554537
PRU.L/ABDN.L,2022-06-21,5.232841743197669,114.32800947453427,2.2013920762155452
PRU.L/ABDN.L,2022-06-22,5.234203640738026,64.96036047555981,0.9207465773133315
PRU.L/ABDN.L,2022-06-23,5.236019906033856,87.30975989573346,1.434289488316593
PRU.L/ABDN.L,2022-06-24,5.238071835409439,93.12639811180316,1.5170349670933696
PRU.L/ABDN.L,2022-06-27,5.241058564103098,136.80894759334979,2.4116626136244075
PRU.L/ABDN.L,2022-06-28,5.245014434512634,179.61393213118424,3.067119864413724
PRU.L/ABDN.L,2022-06-29,5.248663995394464,168.43402981460167,2.6105506977431325
PRU.L/ABDN.L,2022-06-30,5.252448433205101,178.5442837718473,2.598378447156188
PRU.L/ABDN.L,2022-07-01,5.257002059410361,220.82984670810208,3.060635996550338
PRU.L/ABDN.L,2022-07-04,5.261287613770272,207.4187170059455,2.6104875524447175
PRU.L/ABDN.L,2022-07-05,5.264871676389378,179.99243521828873,2.043516294342832
PRU.L/ABDN.L,2022-07-06,5.268246595159829,161.1784403274935,1.6705541650760511
PRU.L/ABDN.L,2022-07-07,5.272117047736618,178.86251060287975,1.8507763875238934
PRU.L/ABDN.L,2022-07-08,5.27552744950932,155.13024948356087,1.438038485876947
PRU.L/ABDN.L,2022-07-11,5.279260949455839,174.32830081236364,1.65054545162499
PRU.L/ABDN.L,2022-07-12,5.282629141300645,153.84742351292357,1.3044759860041228
PRU.L/ABDN.L,2022-07-13,5.286282656570216,174.80336079881397,1.5424476658651805
PRU.L/ABDN.L,2022-07-14,5.289860877524884,174.84446876076538,1.4843298599433603
PRU.L/ABDN.L,2022-07-15,5.2933536066280436,166.83448086712485,1.32699783540559
PRU.L/ABDN.L,2022-07-18,5.297399399547939,190.43395242816848,1.5840319708926158
PRU.L/ABDN.L,2022-07-19,5.301388639473026,183.3185919021214,1.4329519381524805
PRU.L/ABDN.L,2022-07-20,5.305038716584912,168.1346062074773,1.192634628611889
PRU.L/ABDN.L,2022-07-21,5.3083258375032925,148.7804304180121,0.9100926180360044
PRU.L/ABDN.L,2022-07-22,5.3115744596137615,146.37668931206736,0.8495039457235224
PRU.L/ABDN.L,2022-07-25,5.314709205290893,143.28972468281893,0.7824325921303905
PRU.L/ABDN.L,2022-07-26,5.318319567831719,169.92998687059946,1.093508924780664
PRU.L/ABDN.L,2022-07-27,5.321482958755384,145.88817569888442,0.7555210648637857
PRU.L/ABDN.L,2022-07-28,5.324278501933346,125.83293258826598,0.4746127783336178
PRU.L/ABDN.L,2022-07-29,5.327156079106927,125.60206156317236,0.449762813318622
PRU.L/ABDN.L,2022-08-01,5.329237286510162,91.55888478921952,-0.0197332217105158
PRU.L/ABDN.L,2022-08-02,5.331593406638684,106.59456141661099,0.1547643254265035
PRU.L/ABDN.L,2022-08-03,5.333910990150005,102.153194556897,0.061912503574600486
PRU.L/ABDN.L,2022-08-04,5.335945659457601,88.27133019542293,-0.17657035713904437
PRU.L/ABDN.L,2022-08-05,5.337874360362039,83.94808497963515,-0.2724893398556603
PRU.L/ABDN.L,2022-08-08,5.339810883990006,81.44133564837841,-0.3506679358169671
PRU.L/ABDN.L,2022-08-09,5.342756207111435,130.4630626457656,0.39133079703764995
PRU.L/ABDN.L,2022-08-10,5.344665989313154,80.83271525624218,-0.45301772934443985
PRU.L/ABDN.L,2022-08-11,5.346283687559047,68.36954147679478,-0.6855913545870361
PRU.L/ABDN.L,2022-08-12,5.347728217002792,60.4612736371414,-0.8435177279898588
PRU.L/ABDN.L,2022-08-15,5.349017418618096,54.30755109576512,-0.9530504445353286
PRU.L/ABDN.L,2022-08-16,5.350640599887987,68.48587194051743,-0.7208054328851097
PRU.L/ABDN.L,2022-08-17,5.352085203679374,63.5349266169834,-0.8300553451450504
PRU.L/ABDN.L,2022-08-18,5.354551911790044,108.3193014926511,-0.06724238490791294
PRU.L/ABDN.L,2022-08-19,5.357048077699045,111.61730813853546,-0.042502120630541436
PRU.L/ABDN.L,2022-08-22,5.359857422767115,130.4538327847505,0.27860993664625056
PRU.L/ABDN.L,2022-08-23,5.3629323213813915,142.04434718083894,0.4800287222972325
PRU.L/ABDN.L,2022-08-24,5.3656320480503235,126.14589861468482,0.1254039266550013
PRU.L/ABDN.L,2022-08-25,5.368110721088288,116.46686066626876,-0.11478265155109084
PRU.L/ABDN.L,2022-08-26,5.370784684422296,126.98348874014005,0.07828239479784649
PRU.L/ABDN.L,2022-08-30,5.373416225684745,125.28338366243008,0.007753319443461993
PRU.L/ABDN.L,2022-08-31,5.375858357167658,115.92068569327103,-0.24718984002897765
PRU.L/ABDN.L,2022-09-01,5.378345252370687,121.98945497116893,-0.1141631620182221
PRU.L/ABDN.L,2022-09-02,5.380978799912263,119.98368634405824,-0.1827103076653609
PRU.L/ABDN.L,2022-09-05,5.383689389535477,126.8735207286694,-0.033191512668701954
PRU.L/ABDN.L,2022-09-06,5.386276036465247,117.73115386344898,-0.27504740943272066
PRU.L/ABDN.L,2022-09-07,5.3882990590047575,91.56372879040418,-0.9369145819949215
PRU.L/ABDN.L,2022-09-08,5.39120349706787,132.999034836134,0.1031189993380103
PRU.L/ABDN.L,2022-09-09,5.394459941706208,146.75273883944124,0.43356283915245425
PRU.L/ABDN.L,2022-09-12,5.397702377386073,142.68808993830442,0.31518329368544556
PRU.L/ABDN.L,2022-09-13,5.4011131420514165,155.12650642992799,0.6134802200762065
PRU.L/ABDN.L,2022-09-14,5.404705341037144,170.58380308982896,0.9756226189879018
PRU.L/ABDN.L,2022-09-15,5.408365847564084,170.72406998075894,0.9510500087015167
PRU.L/ABDN.L,2022-09-16,5.412208131921539,179.12309998477008,1.1287564569522557
PRU.L/ABDN.L,2022-09-20,5.416122390725915,184.21177763780645,1.2171556975705013
PRU.L/ABDN.L,2022-09-21,5.4197223306850075,164.53671792834336,0.6981374262758918
PRU.L/ABDN.L,2022-09-22,5.423209801476468,163.89171452749144,0.6925478865441066
PRU.L/ABDN.L,2022-09-23,5.426996942629387,183.46784801530475,1.181034515995534
PRU.L/ABDN.L,2022-09-26,5.431089114780386,199.4084387492702,1.5603568229773572
PRU.L/ABDN.L,2022-09-27,5.434768661165636,180.47500102690196,1.1316543408511006
PRU.L/ABDN.L,2022-09-28,5.437813771628766,147.65481434494052,0.3152174975966145
PRU.L/ABDN.L,2022-09-29,5.440522589637564,134.16449602215368,-0.02483953569995562
PRU.L/ABDN.L,2022-09-30,5.443427317973749,138.29081885899427,0.09738062609149739
PRU.L/ABDN.L,2022-10-03,5.446219821216688,134.1133978380883,0.004312812728372451
PRU.L/ABDN.L,2022-10-04,5.449841427328984,165.58405668093258,0.8612700714188153
PRU.L/ABDN.L,2022-10-05,5.453626769017193,180.4509058320183,1.261332938422716
PRU.L/ABDN.L,2022-10-06,5.4577735834352366,198.60270600578872,1.6969115868919098
PRU.L/ABDN.L,2022-10-07,5.461829806655403,198.12736569826825,1.6502325789682222
PRU.L/ABDN.L,2022-10-10,5.465650030941933,183.0009337341304,1.2437594407612536
PRU.L/ABDN.L,2022-10-11,5.46890816891764,158.78311707542548,0.6146886901600498
PRU.L/ABDN.L,2022-10-12,5.471591713402406,131.26737565511758,-0.08330430734603222
PRU.L/ABDN.L,2022-10-13,5.47451377277067,137.07386048411,0.09394344181812023
PRU.L/ABDN.L,2022-10-14,5.476921477137696,112.88300497860553,-0.5403255122424712
PRU.L/ABDN.L,2022-10-17,5.479375416019526,113.13626521702793,-0.516878855078565
PRU.L/ABDN.L,2022-10-18,5.482078559437295,123.29893168880812,-0.22955539590183768
PRU.L/ABDN.L,2022-10-19,5.484358628313406,102.56731980403413,-0.773316091458417
PRU.L/ABDN.L,2022-10-20,5.486109993421424,77.25325489946658,-1.408182525872007
PRU.L/ABDN.L,2022-10-21,5.4877250130428346,71.41822092237499,-1.5043815421981197
PRU.L/ABDN.L,2022-10-24,5.486874810959834,-31.100287939793247,-3.64360611187269
PRU.L/ABDN.L,2022-10-25,5.485932099411581,-34.09971972954929,-3.292655045758326
PRU.L/ABDN.L,2022-10-26,5.485178591589596,-26.663690056553946,-2.876944274979343
PRU.L/ABDN.L,2022-10-27,5.484228087962856,-34.30834561593497,-2.7769087227061244
PRU.L/ABDN.L,2022-10-28,5.482919232415414,-48.844168886566536,-2.7892267158387143
PRU.L/ABDN.L,2022-10-31,5.481321807172494,-58.63022767690745,-2.725594043540933
PRU.L/ABDN.L,2022-11-01,5.479933119085463,-48.99951540922211,-2.4121757091566423
PRU.L/ABDN.L,2022-11-02,5.478105870907966,-64.79946478737679,-2.4755339426900216
PRU.L/ABDN.L,2022-11-03,5.476443614064274,-58.93982078749195,-2.2446984607228018
PRU.L/ABDN.L,2022-11-04,5.476011448327758,-12.114970226604669,-1.5540768740275877
PRU.L/ABDN.L,2022-11-07,5.474749536989801,-41.27178257704281,-1.8641707465433939
PRU.L/ABDN.L,2022-11-08,5.472508911587424,-73.11076221960093,-2.1612733745272097
PRU.L/ABDN.L,2022-11-09,5.470145173610738,-77.66179157146132,-2.1107739356856827
PRU.L/ABDN.L,2022-11-10,5.467103742138415,-96.26265274765342,-2.2050692360289554
PRU.L/ABDN.L,2022-11-11,5.46344869865294,-107.51630135474693,-2.2057021451384444
PRU.L/ABDN.L,2022-11-14,5.459321981062895,-121.08280077719041,-2.213876160048613
PRU.L/ABDN.L,2022-11-15,5.456832755653773,-74.58177812632948,-1.650934928647602
PRU.L/ABDN.L,2022-11-16,5.4540161075644376,-85.22574492160061,-1.684068245620217
PRU.L/ABDN.L,2022-11-17,5.451746132322424,-68.37057482839941,-1.4562793152731883
PRU.L/ABDN.L,2022-11-18,5.447663550467491,-121.85558572606942,-1.8886667680012503
PRU.L/ABDN.L,2022-11-21,5.44303031029381,-139.56100571993375,-1.953331641411962
PRU.L/ABDN.L,2022-11-22,5.438744715867031,-131.1424411428709,-1.7878714117001826
PRU.L/ABDN.L,2022-11-23,5.4331802044458115,-166.10271352004315,-1.9943506471863366
PRU.L/ABDN.L,2022-11-24,5.4263240647666455,-198.5353002303118,-2.147026203729445
PRU.L/ABDN.L,2022-11-25,5.418856755572934,-214.95265648147188,-2.1528347287042906
PRU.L/ABDN.L,2022-11-28,5.41252813826465,-188.66225883076368,-1.8460266911012495
PRU.L/ABDN.L,2022-11-29,5.40777754442278,-142.1477019345723,-1.422695242129888
PRU.L/ABDN.L,2022-11-30,5.405541311203888,-68.9067307850355,-0.8253806826061456
PRU.L/ABDN.L,2022-12-01,5.403386236919311,-64.23638477130953,-0.7661789403218305
PRU.L/ABDN.L,2022-12-02,5.401470974109899,-56.36525556975266,-0.6814639966973657
PRU.L/ABDN.L,2022-12-05,5.401767308457265,13.069326648439528,-0.12679601314912906
PRU.L/ABDN.L,2022-12-06,5.401251795715629,-12.512210445910114,-0.30809962709065686
PRU.L/ABDN.L,2022-12-07,5.401318988622974,5.835255056877031,-0.1457647475920826
PRU.L/ABDN.L,2022-12-08,5.402085117798011,29.10818901729772,0.05789692154584982
PRU.L/ABDN.L,2022-12-09,5.404656792348512,91.84081534601262,0.5765681094962211
PRU.L/ABDN.L,2022-12-12,5.406031712066677,50.25494596373221,0.2611079802401834
PRU.L/ABDN.L,2022-12-13,5.40751826645775,52.290953304880304,0.3004369927250377
PRU.L/ABDN.L,2022-12-14,5.409361743654723,65.39852579085175,0.4283794622208141
PRU.L/ABDN.L,2022-12-15,5.410659140300854,47.414788685008034,0.2970362865233109
PRU.L/ABDN.L,2022-12-16,5.412211080733844,57.01304583062256,0.40390725856564336
PRU.L/ABDN.L,2022-12-19,5.413487218086198,47.18425874018703,0.3483848879867894
PRU.L/ABDN.L,2022-12-20,5.415081453702297,58.5220866866747,0.4760363221908532
PRU.L/ABDN.L,2022-12-21,5.416772304933154,60.014224032081074,0.508923913336773
PRU.L/ABDN.L,2022-12-22,5.4194105630422795,94.05798686390779,0.8323318970602754
PRU.L/ABDN.L,2022-12-23,5.4224495882148345,107.50794047050454,0.9662573418240905
PRU.L/ABDN.L,2022-12-28,5.425526833122641,108.25158250247443,0.9815289622496745
PRU.L/ABDN.L,2022-12-29,5.428594563680603,106.80520968276346,0.9886836510818843
PRU.L/ABDN.L,2022-12-30,5.431509761224239,101.92535743183771,0.9712307859816003
PRU.L/ABDN.L,2023-01-03,5.4360559336332965,158.11406433860031,1.533539212225728
PRU.L/ABDN.L,2023-01-04,5.441895731621154,198.0424402396468,1.9206574667023295
PRU.L/ABDN.L,2023-01-05,5.447215929037366,182.14528216390272,1.7671295324751708
PRU.L/ABDN.L,2023-01-06,5.45280285217827,190.54137810229508,1.8273419442896461
PRU.L/ABDN.L,2023-01-09,5.458482414470848,190.93877611871653,1.7949360028214512
PRU.L/ABDN.L,2023-01-10,5.4635710377661555,169.25469798628455,1.572869352933965
PRU.L/ABDN.L,2023-01-11,5.468476672397579,161.9785062790454,1.4821161626860069
PRU.L/ABDN.L,2023-01-12,5.473826935612758,174.1650371724793,1.5665094769846781
PRU.L/ABDN.L,2023-01-13,5.479317214496377,176.06958511150015,1.5588823976928805
PRU.L/ABDN.L,2023-01-16,5.4852128516854,185.47111781194621,1.6061433861632877
PRU.L/ABDN.L,2023-01-17,5.490972756088635,182.06378164010516,1.5334401225113412
PRU.L/ABDN.L,2023-01-18,5.496444160842228,173.53404315856346,1.4218778194856712
PRU.L/ABDN.L,2023-01-19,5.501924827885096,179.57240867972655,1.4199898733552978
PRU.L/ABDN.L,2023-01-20,5.5074676847263895,178.78048417181526,1.3625768990687228
PRU.L/ABDN.L,2023-01-23,5.5126092172014864,164.79387861208943,1.2043344092604789
PRU.L/ABDN.L,2023-01-24,5.517762913823597,163.52278000786328,1.1549230557403363
PRU.L/ABDN.L,2023-01-25,5.52408559684526,203.51393279213607,1.4277601749909743
PRU.L/ABDN.L,2023-01-26,5.530757814852988,209.29638275387902,1.4191730273389673
PRU.L/ABDN.L,2023-01-27,5.537123660753948,198.5767035932936,1.286462826122575
PRU.L/ABDN.L,2023-01-30,5.5427110997958255,176.15323994463483,1.072575878825425
PRU.L/ABDN.L,2023-01-31,5.5478953911414886,162.66383368820493,0.9351432588501961
PRU.L/ABDN.L,2023-02-01,5.553906103735968,192.2986210729846,1.1302979953876886
PRU.L/ABDN.L,2023-02-02,5.558286745787286,134.82010655640102,0.6606438824257824
PRU.L/ABDN.L,2023-02-03,5.563165939288233,151.17891041563053,0.7610608442111648
PRU.L/ABDN.L,2023-02-06,5.566602412002928,109.84947797530936,0.41737342149365864
PRU.L/ABDN.L,2023-02-07,5.570712103363787,132.29854024342148,0.5694938946792054
PRU.L/ABDN.L,2023-02-08,5.57413481043802,109.47308669719473,0.3647783246929903
PRU.L/ABDN.L,2023-02-09,5.577264407518479,99.51892502032115,0.25986503891415547
PRU.L/ABDN.L,2023-02-10,5.581172016759111,128.5987265806366,0.4755245881890301
PRU.L/ABDN.L,2023-02-13,5.584815377786801,117.78400407792674,0.3626860714838483
PRU.L/ABDN.L,2023-02-14,5.587623256616368,90.49180317376545,0.1124193694931561
PRU.L/ABDN.L,2023-02-15,5.5905689217688685,93.62795536493991,0.11132430646024395
PRU.L/ABDN.L,2023-02-16,5.593849472705953,104.48970878782598,0.17630662083683787
PRU.L/ABDN.L,2023-02-17,5.5969892882546075,100.31645939483406,0.10743789221717691
PRU.L/ABDN.L,2023-02-20,5.599962797944948,95.76596877231873,0.025544812724048547
PRU.L/ABDN.L,2023-02-21,5.602564799684579,86.57504008499836,-0.12018267562781013
PRU.L/ABDN.L,2023-02-22,5.6049377309311685,79.79465049176383,-0.27094771886093016
PRU.L/ABDN.L,2023-02-23,5.60685916607158,64.83956662465653,-0.5546112123692397
PRU.L/ABDN.L,2023-02-24,5.607879074673654,35.995197920952705,-1.066546587673176
PRU.L/ABDN.L,2023-02-27,5.609584373494435,57.187769275693654,-0.8360524625843415
PRU.L/ABDN.L,2023-02-28,5.6098800189086235,12.478047598818193,-1.60436503720193
PRU.L/ABDN.L,2023-03-01,5.609680611381895,-2.14064551262004,-1.9158912735820752
PRU.L/ABDN.L,2023-03-02,5.608609491893387,-27.491693146051148,-2.271211514176267
PRU.L/ABDN.L,2023-03-03,5.607388675196677,-31.88408954514307,-2.310203757669953
PRU.L/ABDN.L,2023-03-06,5.6052830108179785,-56.74481769470481,-2.594583168941442
PRU.L/ABDN.L,2023-03-07,5.604135300975194,-29.868819617511008,-2.1118228169409696
PRU.L/ABDN.L,2023-03-08,5.603187979604689,-24.09485625466118,-1.932601794483369
PRU.L/ABDN.L,2023-03-09,5.603671705902341,18.274256348726112,-1.3002619053853908
PRU.L/ABDN.L,2023-03-10,5.6035460904765335,-0.258718250262973,-1.5308449817563086
PRU.L/ABDN.L,2023-03-13,5.602770107139768,-21.500898033707927,-1.7670172761684366
PRU.L/ABDN.L,2023-03-14,5.6018581854832465,-25.249225100185868,-1.7632342348757881
PRU.L/ABDN.L,2023-03-15,5.599411069649443,-80.34211023762214,-2.3629994331109847
PRU.L/ABDN.L,2023-03-16,5.595354979672609,-128.23616922674773,-2.755617217683404
PRU.L/ABDN.L,2023-03-17,5.592235733789375,-103.82378041822221,-2.3181404162864947
PRU.L/ABDN.L,2023-03-20,5.588549577592289,-120.87876526792934,-2.361490327606913
PRU.L/ABDN.L,2023-03-21,5.585134640401559,-107.81494665303421,-2.0969482320592707
PRU.L/ABDN.L,2023-03-22,5.582291998324451,-89.87880144492328,-1.8193167202246552
PRU.L/ABDN.L,2023-03-23,5.579303990966151,-94.92163756766081,-1.7857907687512518
PRU.L/ABDN.L,2023-03-24,5.576187343492921,-102.33639969713704,-1.7754389872280907
PRU.L/ABDN.L,2023-03-27,5.572787484665953,-110.81780883126248,-1.7737937789645921
PRU.L/ABDN.L,2023-03-28,5.569744004662855,-98.31685905816903,-1.588070166557301
PRU.L/ABDN.L,2023-03-29,5.567513567473491,-70.0408716714503,-1.281163290547723
PRU.L/ABDN.L,2023-03-30,5.567000684663981,-13.770268791300623,-0.7343501570425547
PRU.L/ABDN.L,2023-03-31,5.566058697198141,-28.290597487029117,-0.8401412533700676
PRU.L/ABDN.L,2023-04-03,5.565343159082454,-20.53854903592378,-0.7406692774125102
PRU.L/ABDN.L,2023-04-04,5.564577435443408,-22.270588778222418,-0.7305004339949764
PRU.L/ABDN.L,2023-04-05,5.564375090700127,-3.367773119538924,-0.5289272073944329
PRU.L/ABDN.L,2023-04-06,5.564473030037269,7.001442606937644,-0.4077913833158926
PRU.L/ABDN.L,2023-04-11,5.564625253653586,8.80820991579867,-0.3678864934566806
PRU.L/ABDN.L,2023-04-12,5.56482536088892,10.381306151912213,-0.3290679492117851
PRU.L/ABDN.L,2023-04-13,5.565340846005525,21.04505059293706,-0.2002667623501537
PRU.L/ABDN.L,2023-04-14,5.565694452875614,15.425543246851703,-0.23375143814398805
PRU.L/ABDN.L,2023-04-17,5.566162907478516,19.65318867988958,-0.1663966439652789
PRU.L/ABDN.L,2023-04-18,5.567600355258009,53.117083837779546,0.20684168732676192
PRU.L/ABDN.L,2023-04-19,5.56858935567959,37.37160221967656,0.06370088760356234
PRU.L/ABDN.L,2023-04-20,5.569367451439941,30.332257379098564,0.012022124961080011
PRU.L/ABDN.L,2023-04-21,5.570050104700324,27.02966022861483,0.008329824722650273
PRU.L/ABDN.L,2023-04-24,5.569894129113367,-1.5957292673883785,-0.2865557511351153
PRU.L/ABDN.L,2023-04-25,5.569260770198338,-17.620951107984183,-0.448671955964141
PRU.L/ABDN.L,2023-04-26,5.567950575467252,-39.94773567391758,-0.6965062195387468
PRU.L/ABDN.L,2023-04-27,5.567826971747779,-0.4504381033939353,-0.17199980243229354
PRU.L/ABDN.L,2023-04-28,5.568619394882774,29.52487215488395,0.26288427008829657
PRU.L/ABDN.L,2023-05-02,5.569562201326977,35.05211269493225,0.3691933065531854
PRU.L/ABDN.L,2023-05-03,5.570759862533659,43.970343075343635,0.5350937436595786
PRU.L/ABDN.L,2023-05-04,5.571601160066861,32.54448626104522,0.3966153770706643
PRU.L/ABDN.L,2023-05-05,5.572540176653819,35.16111423465372,0.4718291841980979
PRU.L/ABDN.L,2023-05-09,5.573427355286033,33.77006759036908,0.4795071607147705
PRU.L/ABDN.L,2023-05-10,5.5743796669598416,35.96135150490136,0.5384479677317257
PRU.L/ABDN.L,2023-05-11,5.574980555993843,23.76949741652561,0.38834280453062997
PRU.L/ABDN.L,2023-05-12,5.5749536134351905,2.7408739971288014,0.08239182109058833
PRU.L/ABDN.L,2023-05-15,5.575498849619415,22.06533211585611,0.43196363426039014
PRU.L/ABDN.L,2023-05-16,5.57520111966559,-6.409606966549518,-0.02441472798841031
PRU.L/ABDN.L,2023-05-17,5.575120686516482,0.9330339669768364,0.13788757292853718
PRU.L/ABDN.L,2023-05-18,5.574698035811809,-10.336478430740726,-0.03269056034135898
PRU.L/ABDN.L,2023-05-19,5.574564260578877,-0.7651628713713308,0.18105447990002205
PRU.L/ABDN.L,2023-05-22,5.574615269280465,5.332240475595881,0.3340444637793618
PRU.L/ABDN.L,2023-05-23,5.5744063320403505,-3.2799556898496576,0.19650923616905797
PRU.L/ABDN.L,2023-05-24,5.573715504960488,-20.339335161528197,-0.12483936445992039
PRU.L/ABDN.L,2023-05-25,5.5737190642562435,3.772462120321279,0.39171591539896317
PRU.L/ABDN.L,2023-05-26,5.573688701467642,2.5933381710092362,0.39339038229694884
PRU.L/ABDN.L,2023-05-30,5.573189810796201,-13.422988688437272,0.0601132472591073
PRU.L/ABDN.L,2023-05-31,5.571736967560038,-47.62969382063807,-0.6559049930247973
PRU.L/ABDN.L,2023-06-01,5.571269670437309,-12.840035923756659,0.08344382759451198
PRU.L/ABDN.L,2023-06-02,5.571788650588874,21.510502279061257,0.7961544856342518
PRU.L/ABDN.L,2023-06-05,5.570768704452417,-30.379417419027504,-0.3208808554002453
PRU.L/ABDN.L,2023-06-06,5.568516289825584,-68.61304883245612,-1.1152936099027055
PRU.L/ABDN.L,2023-06-07,5.566604182562444,-58.76114134266936,-0.8881030829317808
PRU.L/ABDN.L,2023-06-08,5.564119628339587,-76.98827329000619,-1.2283967711038273
PRU.L/ABDN.L,2023-06-09,5.561712462843382,-75.31484807549873,-1.1551730816909929
PRU.L/ABDN.L,2023-06-12,5.558992457859288,-84.82080019258638,-1.310175708488554
PRU.L/ABDN.L,2023-06-13,5.556398520806145,-80.99143534337873,-1.1982016692635198
PRU.L/ABDN.L,2023-06-14,5.5542865826006285,-65.03628940663225,-0.887031397927317
PRU.L/ABDN.L,2023-06-15,5.552249117561838,-62.82703398109925,-0.895354173719857
PRU.L/ABDN.L,2023-06-16,5.550139107162069,-65.66955923129217,-0.9866398856690082
PRU.L/ABDN.L,2023-06-19,5.548127308508841,-62.401534003008464,-0.970063470728977
PRU.L/ABDN.L,2023-06-20,5.545519996302536,-82.57989144070848,-1.448670078916797
PRU.L/ABDN.L,2023-06-21,5.542852467500206,-84.79687321278698,-1.5049028464018228
PRU.L/ABDN.L,2023-06-22,5.540939812648901,-61.67722834283404,-1.014284731778356
PRU.L/ABDN.L,2023-06-23,5.538986306163964,-63.34998446339341,-1.0927782504052947
PRU.L/ABDN.L,2023-06-26,5.536882412927827,-68.28063983121069,-1.2623442577510695
PRU.L/ABDN.L,2023-06-27,5.5348801411189195,-64.07317068003294,-1.201368297849201
PRU.L/ABDN.L,2023-06-28,5.532309300257515,-81.23094230693209,-1.6100296794431217
PRU.L/ABDN.L,2023-06-29,5.528980813111285,-105.91414796773392,-2.0947413126669487
PRU.L/ABDN.L,2023-06-30,5.525959018563543,-94.66101408077316,-1.755311699888661
PRU.L/ABDN.L,2023-07-03,5.521944594913913,-123.97096842443852,-2.280208423503559
PRU.L/ABDN.L,2023-07-04,5.517859196231495,-126.2101317261181,-2.1942396693925494
PRU.L/ABDN.L,2023-07-05,5.51325505582292,-145.6111555274697,-2.422715488515153
PRU.L/ABDN.L,2023-07-06,5.509456861435861,-124.56146794038841,-1.9032603091301337
PRU.L/ABDN.L,2023-07-07,5.505231943013581,-137.09382412427976,-2.031159507290318
PRU.L/ABDN.L,2023-07-10,5.501042414804012,-135.54259428884552,-1.9032660597992332
PRU.L/ABDN.L,2023-07-11,5.496549393604513,-144.7519562195837,-1.9677513194580116
PRU.L/ABDN.L,2023-07-12,5.491674583699504,-153.69037705380356,-2.0158579235650227
PRU.L/ABDN.L,2023-07-13,5.487067772508451,-143.72593435999602,-1.7627241023888798
PRU.L/ABDN.L,2023-07-14,5.48242836094599,-145.67140793926296,-1.7311058266612942
PRU.L/ABDN.L,2023-07-17,5.477784714722516,-147.2533209302353,-1.6901773758243315
PRU.L/ABDN.L,2023-07-18,5.473003776553341,-149.36039742349158,-1.658454634384198
PRU.L/ABDN.L,2023-07-19,5.46656381249303,-196.52624839491637,-2.2964516940829847
PRU.L/ABDN.L,2023-07-20,5.459407256493933,-213.87206286281753,-2.4021627801498946
PRU.L/ABDN.L,2023-07-21,5.451945473645286,-226.690992303774,-2.41975106035927
PRU.L/ABDN.L,2023-07-24,5.444933694988043,-213.43653655439175,-2.102409061160417
PRU.L/ABDN.L,2023-07-25,5.439061214919639,-178.22307984089161,-1.5477215733808345
PRU.L/ABDN.L,2023-07-26,5.432967006040281,-184.3469379132639,-1.572035458351211
PRU.L/ABDN.L,2023-07-27,5.426858063398696,-183.99731104149964,-1.5137516907075708
PRU.L/ABDN.L,2023-07-28,5.421138347462829,-172.8702751844953,-1.3223095599938612
PRU.L/ABDN.L,2023-07-31,5.415587402109514,-170.6121584602363,-1.2522985650101253
PRU.L/ABDN.L,2023-08-01,5.410097209012414,-171.82552214031466,-1.2323015007997042
PRU.L/ABDN.L,2023-08-02,5.404502606423498,-180.8725165938697,-1.3189668764469593
PRU.L/ABDN.L,2023-08-03,5.399681685405145,-157.6594975536891,-0.9657117611254764
PRU.L/ABDN.L,2023-08-04,5.394975767167527,-152.75164319651435,-0.8680750132767308
PRU.L/ABDN.L,2023-08-07,5.390423109688053,-148.7248555840331,-0.7820275616755678
PRU.L/ABDN.L,2023-08-08,5.3896019343207575,-27.48594591938786,1.0272616214790664
PRU.L/ABDN.L,2023-08-09,5.388682079293949,-30.910142141160122,0.9893811611525872
PRU.L/ABDN.L,2023-08-10,5.38852573541461,-2.254021179005804,1.4228963063475222
PRU.L/ABDN.L,2023-08-11,5.3885082995584845,2.9661702183526586,1.4911019597850186
PRU.L/ABDN.L,2023-08-14,5.388919565699134,20.07622976097514,1.727877315623353
PRU.L/ABDN.L,2023-08-15,5.389461828238523,25.90181079275544,1.7940152303673578
PRU.L/ABDN.L,2023-08-16,5.390438824718223,44.47378002640335,2.0153011577990725
PRU.L/ABDN.L,2023-08-17,5.3923009967199675,85.06371049146378,2.462748218223269
PRU.L/ABDN.L,2023-08-18,5.393900229581928,75.14511116028314,2.242017185977013
PRU.L/ABDN.L,2023-08-21,5.395380430233128,70.25008259931144,2.106437351031278
PRU.L/ABDN.L,2023-08-22,5.397142244633645,83.28534450555685,2.1806602702305833
PRU.L/ABDN.L,2023-08-23,5.399172186222975,94.11344675865007,2.195746532194634
PRU.L/ABDN.L,2023-08-24,5.401148412501301,91.60588514649771,2.0774601883390726
PRU.L/ABDN.L,2023-08-25,5.402817992243005,77.81660832338332,1.8716029420742228
PRU.L/ABDN.L,2023-08-29,5.405031669134884,100.06643586848008,2.033805637116362
PRU.L/ABDN.L,2023-08-30,5.407601305359,115.44482375433756,2.0884297196714896
PRU.L/ABDN.L,2023-08-31,5.409248058248283,74.58441907076894,1.5906489751002524
PRU.L/ABDN.L,2023-09-01,5.411009411314352,79.51116633420122,1.5798805964105638
PRU.L/ABDN.L,2023-09-04,5.412865303792897,83.86599590166702,1.5633618344053943
PRU.L/ABDN.L,2023-09-05,5.414699469609993,84.17157868417519,1.507897077077218
PRU.L/ABDN.L,2023-09-06,5.416415200433217,80.41277733442075,1.4191977707066172
PRU.L/ABDN.L,2023-09-07,5.417589588422768,56.44434012611271,1.1538927926383034
PRU.L/ABDN.L,2023-09-08,5.418622899813325,50.027767857092726,1.0638995733545067
PRU.L/ABDN.L,2023-09-11,5.419484282152655,42.040860790812644,0.9633490167185484
PRU.L/ABDN.L,2023-09-12,5.420210943961688,35.80233516925159,0.8832721774597434
PRU.L/ABDN.L,2023-09-13,5.421217644898451,47.9181025670315,0.9686408093582054
PRU.L/ABDN.L,2023-09-14,5.4223487101694,52.27327271500417,0.9802041433203802
PRU.L/ABDN.L,2023-09-15,5.42357634322,55.809673470980556,0.9863871787392738
PRU.L/ABDN.L,2023-09-18,5.4249003881979245,62.03606450113023,1.0150776702732003
PRU.L/ABDN.L,2023-09-19,5.426308447415388,65.61252183250929,1.0182518042570181
PRU.L/ABDN.L,2023-09-20,5.427593269043849,59.29500903757241,0.9362149717158061
PRU.L/ABDN.L,2023-09-21,5.429011750109499,66.54249861908227,0.971611487784731
PRU.L/ABDN.L,2023-09-22,5.4302562912271135,58.76764663454878,0.875185859482644
PRU.L/ABDN.L,2023-09-25,5.431112553700056,41.83610012304712,0.7045853592892481
PRU.L/ABDN.L,2023-09-26,5.432230606498493,53.56789057539106,0.781248272816481
PRU.L/ABDN.L,2023-09-27,5.433362570267319,53.868707441430956,0.7579474991391991
PRU.L/ABDN.L,2023-09-28,5.434347713931724,47.348944520927375,0.6756166321840583
PRU.L/ABDN.L,2023-09-29,5.435263689694463,43.70151592929574,0.6204614037862312
PRU.L/ABDN.L,2023-10-02,5.435640953994409,20.213143873730246,0.39234067353961083
PRU.L/ABDN.L,2023-10-03,5.436149487613652,26.114040549228662,0.42386610249765583
PRU.L/ABDN.L,2023-10-04,5.436863814279422,35.610032161196614,0.4862478606836128
PRU.L/ABDN.L,2023-10-05,5.4371236649710335,14.987526305048505,0.2777437721062814
PRU.L/ABDN.L,2023-10-06,5.437384986715981,14.862904506242671,0.2553155010740736
PRU.L/ABDN.L,2023-10-09,5.4379054296362614,26.230765398916674,0.3382039997460783
PRU.L/ABDN.L,2023-10-10,5.438356342206319,22.490055569760898,0.28044942716142884
PRU.L/ABDN.L,2023-10-11,5.438686001992725,17.12423264219842,0.20625294559730467
PRU.L/ABDN.L,2023-10-12,5.438778711342916,7.385378507267319,0.08182699936578694
PRU.L/ABDN.L,2023-10-13,5.439351800669937,27.959561308913294,0.25659863942276095
PRU.L/ABDN.L,2023-10-16,5.439434100103883,6.993858113835017,-0.0010943925961949747
PRU.L/ABDN.L,2023-10-17,5.439604602529609,10.681941598366848,-0.0016965263926170691
PRU.L/ABDN.L,2023-10-18,5.439714603982721,8.225793775663533,-0.06852454214457408
PRU.L/ABDN.L,2023-10-19,5.440229898355273,25.960246695963974,0.10757612434632012
PRU.L/ABDN.L,2023-10-20,5.440389539667077,10.666261455012886,-0.13423386533350304
PRU.L/ABDN.L,2023-10-23,5.440107746338858,-8.429119185291142,-0.45306136628552457
PRU.L/ABDN.L,2023-10-24,5.440040064455892,0.7341972944465169,-0.3893316965482454
PRU.L/ABDN.L,2023-10-25,5.440114209644558,6.864846382826954,-0.3712950339975919
PRU.L/ABDN.L,2023-10-26,5.439999923895391,-1.271502055728547,-0.62291627831227
PRU.L/ABDN.L,2023-10-27,5.440050404343002,5.799563141286399,-0.6097954534996967
PRU.L/ABDN.L,2023-10-30,5.440467581980626,21.33810534731674,-0.4027541220257392
PRU.L/ABDN.L,2023-10-31,5.440548127781078,7.016025804304832,-1.0060882735753607
PRU.L/ABDN.L,2023-11-01,5.440678304562162,9.095172155267619,-0.9900395746667658
PRU.L/ABDN.L,2023-11-02,5.440213136801011,-14.960153227237925,-1.7724203113890928
PRU.L/ABDN.L,2023-11-03,5.439709070750738,-15.857904924536683,-1.7732840656666842
PRU.L/ABDN.L,2023-11-06,5.439884560885418,10.632948847447324,-0.9570230055174859
PRU.L/ABDN.L,2023-11-07,5.440025056556573,9.209550225993667,-0.9911331410292883
PRU.L/ABDN.L,2023-11-08,5.439863938247688,-2.713832673581237,-1.3290854406197867
PRU.L/ABDN.L,2023-11-09,5.439643822323318,-4.908733698535798,-1.3496537736463232
PRU.L/ABDN.L,2023-11-10,5.439102171948078,-17.55153617457404,-1.6663030044408933
PRU.L/ABDN.L,2023-11-13,5.438843718721223,-6.402605622540932,-1.2867311376645896
PRU.L/ABDN.L,2023-11-14,5.43844707414123,-11.264288016708178,-1.3802517337177276
PRU.L/ABDN.L,2023-11-15,5.43799893192425,-12.886126546021387,-1.3821136506258507
PRU.L/ABDN.L,2023-11-16,5.437823292097826,-3.0487253364231037,-1.0620565215664335
PRU.L/ABDN.L,2023-11-17,5.437997912029526,10.199042068355197,-0.636818956140524
PRU.L/ABDN.L,2023-11-20,5.438075081556075,6.545097697073857,-0.7233160167446874
PRU.L/ABDN.L,2023-11-21,5.4381017987009805,4.67057091216293,-0.7614558833135057
PRU.L/ABDN.L,2023-11-22,5.437741768196998,-9.972831861908048,-1.2465814695955129
PRU.L/ABDN.L,2023-11-23,5.437796980881849,5.763945827829389,-0.6740647204095002
PRU.L/ABDN.L,2023-11-24,5.437839943979887,5.2856664684826455,-0.6667267021524622
PRU.L/ABDN.L,2023-11-27,5.437936745185519,7.396507840969662,-0.5656753545520709
PRU.L/ABDN.L,2023-11-28,5.437755052460592,-3.481199098203547,-0.9646490247125401
PRU.L/ABDN.L,2023-11-29,5.4362759011178055,-53.129452846604636,-2.7909309318413893
PRU.L/ABDN.L,2023-11-30,5.435644892887661,-21.183842348852636,-1.495916203251032
PRU.L/ABDN.L,2023-12-01,5.4349930640695145,-21.788144281338077,-1.466009036143403
PRU.L/ABDN.L,2023-12-04,5.4340529051856645,-32.736329604647494,-1.805150324448326
PRU.L/ABDN.L,2023-12-05,5.432518185695144,-54.92812457028947,-2.4644060651621875
PRU.L/ABDN.L,2023-12-06,5.430866660660993,-57.121092533924866,-2.3877452177799556
PRU.L/ABDN.L,2023-12-07,5.428625116829663,-77.82842546127176,-2.860276769494407
PRU.L/ABDN.L,2023-12-08,5.426280111474592,-79.96226937642416,-2.7223466294143317
PRU.L/ABDN.L,2023-12-11,5.4238124228563995,-83.3478866079081,-2.6488030416082915
PRU.L/ABDN.L,2023-12-12,5.4224178003729335,-48.178110339489876,-1.5471530172375265
PRU.L/ABDN.L,2023-12-13,5.420474845238677,-68.21977597468947,-2.0655597454890935
PRU.L/ABDN.L,2023-12-14,5.417469446865636,-101.53884316313952,-2.860200966796741
PRU.L/ABDN.L,2023-12-15,5.414060018180307,-114.86602353656554,-2.9872733615697675
PRU.L/ABDN.L,2023-12-18,5.4102291686273185,-129.12604825227174,-3.0624679750709043
PRU.L/ABDN.L,2023-12-19,5.406634097262587,-121.85438311673283,-2.6816202435803507
PRU.L/ABDN.L,2023-12-20,5.403035087478966,-121.1409218038832,-2.5030507412343175
PRU.L/ABDN.L,2023-12-21,5.399921739606826,-105.58996144725154,-2.041131722389082
PRU.L/ABDN.L,2023-12-22,5.396334975955011,-121.57714019287312,-2.2737173840207863
PRU.L/ABDN.L,2023-12-27,5.393385204973561,-100.42373768077016,-1.725710003802462
PRU.L/ABDN.L,2023-12-28,5.3908210188334085,-87.44289042352511,-1.3914869957995688
PRU.L/ABDN.L,2023-12-29,5.388651403294257,-73.75982755384064,-1.0614655708025513
PRU.L/ABDN.L,2024-01-02,5.386265547721029,-83.35818577516977,-1.2255771162455393
PRU.L/ABDN.L,2024-01-03,5.383719044657694,-90.91097175278935,-1.3382178084858265
PRU.L/ABDN.L,2024-01-04,5.381010940302884,-95.78167603319616,-1.391377881463781
PRU.L/ABDN.L,2024-01-05,5.378316188657079,-96.69218692479069,-1.3612432845412186
PRU.L/ABDN.L,2024-01-08,5.375896963250297,-85.4149461131044,-1.086356981422931
PRU.L/ABDN.L,2024-01-09,5.373930007595649,-69.62025090964278,-0.7278508477062063
PRU.L/ABDN.L,2024-01-10,5.371783771478704,-76.25041649251204,-0.8390734761588848
PRU.L/ABDN.L,2024-01-11,5.36957091459332,-79.68288879214174,-0.8821982534900221
PRU.L/ABDN.L,2024-01-12,5.367337480295801,-80.37437835559888,-0.8671639965631806
PRU.L/ABDN.L,2024-01-15,5.364664867812834,-95.882730529328,-1.1590049086715994
PRU.L/ABDN.L,2024-01-16,5.361123351603011,-125.39554385405563,-1.72138756323269
PRU.L/ABDN.L,2024-01-17,5.356933080228776,-150.0348987680992,-2.1244734528827176
PRU.L/ABDN.L,2024-01-18,5.351893605132722,-173.7500611782723,-2.434777277001414
PRU.L/ABDN.L,2024-01-19,5.347138119591633,-164.96271084346836,-2.1376075760741986
PRU.L/ABDN.L,2024-01-22,5.342745895627301,-152.58801110522802,-1.8186665550124734
PRU.L/ABDN.L,2024-01-23,5.339859084605497,-102.39025133258008,-0.8541483775072469
PRU.L/ABDN.L,2024-01-24,5.337027995564748,-98.69077495322699,-0.7577465611968162
PRU.L/ABDN.L,2024-01-25,5.3347533293431235,-80.1314338974122,-0.38401936210880794
PRU.L/ABDN.L,2024-01-26,5.332566242807686,-75.18980745154283,-0.2667934260995541
PRU.L/ABDN.L,2024-01-29,5.330782889324201,-63.370447741398266,-0.014038479951816946
PRU.L/ABDN.L,2024-01-30,5.329034293124942,-61.94198961382699,0.029848848587087286
PRU.L/ABDN.L,2024-01-31,5.326865835184436,-77.56491321406008,-0.26237587137668106
PRU.L/ABDN.L,2024-02-01,5.324513363411945,-84.84636250274104,-0.383474994715163
PRU.L/ABDN.L,2024-02-02,5.322526317678757,-71.47499769289061,-0.08478768777730335
PRU.L/ABDN.L,2024-02-05,5.3210726920038205,-52.24138517471954,0.3382976538072203
PRU.L/ABDN.L,2024-02-06,5.3205008629246535,-18.380185276342445,1.0655924157450065
PRU.L/ABDN.L,2024-02-07,5.319688714022396,-27.948172863736318,0.8688609300941468
PRU.L/ABDN.L,2024-02-08,5.318333901971769,-48.4760247675415,0.4515592776644638
PRU.L/ABDN.L,2024-02-09,5.316534880554609,-65.71792604500752,0.09924163572841231
PRU.L/ABDN.L,2024-02-12,5.314729178803458,-64.81959046103213,0.13986173058515144
PRU.L/ABDN.L,2024-02-13,5.313318205141819,-51.98349675936413,0.45190237222812274
PRU.L/ABDN.L,2024-02-14,5.311582853231988,-63.765936952555876,0.21933444412496964
PRU.L/ABDN.L,2024-02-15,5.310039694829495,-55.59935380445893,0.4471780625060928
PRU.L/ABDN.L,2024-02-16,5.308988384144027,-36.32579577275794,0.9499493723249706
PRU.L/ABDN.L,2024-02-19,5.308121245008886,-30.046771250877214,1.1258140494208098
PRU.L/ABDN.L,2024-02-20,5.307295293619203,-28.697937758965395,1.20202914924681
PRU.L/ABDN.L,2024-02-21,5.3060176910285985,-44.98997372022143,0.834006848873246
PRU.L/ABDN.L,2024-02-22,5.304714234706468,-45.82988450315668,0.8673140379906271
PRU.L/ABDN.L,2024-02-23,5.303329333695601,-48.86590619995343,0.8300296285935445
PRU.L/ABDN.L,2024-02-26,5.302190424975594,-40.18802074900509,1.063127409487391
PRU.L/ABDN.L,2024-02-27,5.301629352391618,-18.6618594818666,1.6631820578653433
PRU.L/ABDN.L,2024-02-28,5.300920031271197,-24.89919224300388,1.493209050077615
PRU.L/ABDN.L,2024-02-29,5.299429100030656,-55.04314496229506,0.6637322595224331
PRU.L/ABDN.L,2024-03-01,5.298338741901946,-39.768052800642295,1.0831933587656353
PRU.L/ABDN.L,2024-03-04,5.297371627066953,-35.471766846695004,1.1832871123905493
PRU.L/ABDN.L,2024-03-05,5.296160730143915,-45.59329183755676,0.8795011895654181
PRU.L/ABDN.L,2024-03-06,5.294835958156918,-49.73254722958552,0.7470333096438037
PRU.L/ABDN.L,2024-03-07,5.294045246191139,-28.15420538487706,1.2988129843883074
PRU.L/ABDN.L,2024-03-08,5.293310664138825,-26.016255538778296,1.332729703381339
PRU.L/ABDN.L,2024-03-11,5.2928717048870455,-14.115495051149992,1.5935328674930054
PRU.L/ABDN.L,2024-03-12,5.292715214167004,-2.5796419425809063,1.8089200676571817
PRU.L/ABDN.L,2024-03-13,5.293139793929801,21.13679820402035,2.2755460186214447
PRU.L/ABDN.L,2024-03-14,5.294327031057466,55.31143514924406,2.873778803262852
PRU.L/ABDN.L,2024-03-15,5.295560769035761,57.62560523459695,2.7089370805236217
PRU.L/ABDN.L,2024-03-18,5.29674381858135,55.74544841568468,2.4926227926845828
PRU.L/ABDN.L,2024-03-19,5.297419160000783,32.723912848159785,1.9069789461484086
PRU.L/ABDN.L,2024-03-20,5.297136061148934,-8.428686288571157,1.0211309940577842
PRU.L/ABDN.L,2024-03-21,5.296609731145357,-18.088102435112205,0.7925844440001182
PRU.L/ABDN.L,2024-03-22,5.296718124114022,8.155970894200436,1.2925347005055168
PRU.L/ABDN.L,2024-03-25,5.296862515970479,9.688745855840807,1.2788165033083772
PRU.L/ABDN.L,2024-03-26,5.296692024781867,-3.4780627867673957,0.9786149085867749
PRU.L/ABDN.L,2024-03-27,5.296621149580869,0.6515699370166885,1.0275271339108927
PRU.L/ABDN.L,2024-03-28,5.296458801010314,-3.2830594409779223,0.9170085602045541
PRU.L/ABDN.L,2024-04-02,5.296400286790329,1.127714912754982,0.9730680916843031
PRU.L/ABDN.L,2024-04-03,5.295467840066787,-35.510025621482214,0.21773088248571923
PRU.L/ABDN.L,2024-04-04,5.295020370766455,-15.430333120955538,0.6059436997326475
PRU.L/ABDN.L,2024-04-05,5.294552687099265,-16.511702790794516,0.5642277774110325
PRU.L/ABDN.L,2024-04-08,5.2938029600091445,-28.010805901302433,0.31479779800534213
PRU.L/ABDN.L,2024-04-09,5.29300534082061,-29.87569070776908,0.26085318289711956
PRU.L/ABDN.L,2024-04-10,5.292062678057647,-36.02498928935813,0.11600688601352459
PRU.L/ABDN.L,2024-04-11,5.291322175608218,-27.625849027559184,0.26243273335068107
PRU.L/ABDN.L,2024-04-12,5.290524772239885,-30.315977852820197,0.17136564621492142
PRU.L/ABDN.L,2024-04-15,5.289595188848939,-35.43561364524817,0.006774654564062453
PRU.L/ABDN.L,2024-04-16,5.288700879411849,-35.064223857273305,-0.04023366355470143
PRU.L/ABDN.L,2024-04-17,5.287790243528476,-35.420185835525785,-0.11166525047021324
PRU.L/ABDN.L,2024-04-18,5.287543019243843,-6.912316887485417,0.697973851286563
PRU.L/ABDN.L,2024-04-19,5.287524514735608,2.8454120297119516,0.970808146618967
PRU.L/ABDN.L,2024-04-22,5.2877550646404465,13.568526003082752,1.267527458122202
PRU.L/ABDN.L,2024-04-23,5.287891054596219,9.398931536248597,1.102885992119079
PRU.L/ABDN.L,2024-04-24,5.287839788472525,1.4821094090522138,0.8228665092066346
PRU.L/ABDN.L,2024-04-25,5.286999936022688,-31.200025486909112,-0.24107078082479483
PRU.L/ABDN.L,2024-04-26,5.285733236855673,-47.07738892493899,-0.7879477240760909
PRU.L/ABDN.L,2024-04-29,5.28477694094549,-34.35786872228584,-0.4096403471564982
PRU.L/ABDN.L,2024-04-30,5.282882368433362,-71.82303081717339,-1.6922640429417621
PRU.L/ABDN.L,2024-05-01,5.281128797980822,-66.25085165607504,-1.4784126720107218
PRU.L/ABDN.L,2024-05-02,5.27948445516387,-60.33878899748504,-1.237840435058562
PRU.L/ABDN.L,2024-05-03,5.277740530180997,-61.727934635130055,-1.2486159631793434
PRU.L/ABDN.L,2024-05-07,5.276230017768522,-53.292782599470684,-0.9652211175476721
PRU.L/ABDN.L,2024-05-08,5.275218904585737,-34.492893843365096,-0.36890724194763946
PRU.L/ABDN.L,2024-05-09,5.27455380786527,-21.49030983719581,0.04245818610584972
PRU.L/ABDN.L,2024-05-10,5.273586221203409,-31.82439464706647,-0.3228527926994998
PRU.L/ABDN.L,2024-05-13,5.27277955370305,-26.513483696420735,-0.1649795731784905
PRU.L/ABDN.L,2024-05-14,5.27181142629093,-32.19420377441293,-0.38078059537136094
PRU.L/ABDN.L,2024-05-15,5.271107800796711,-22.331429405744643,-0.04143685637309203
PRU.L/ABDN.L,2024-05-16,5.271177774979698,6.243733588949453,0.9404237585037011
PRU.L/ABDN.L,2024-05-17,5.2714322132962295,13.266258458610878,1.1498146765764836
PRU.L/ABDN.L,2024-05-20,5.271316959808915,-0.709049731149662,0.6409823189994163
PRU.L/ABDN.L,2024-05-21,5.271001739044774,-8.257011636504785,0.35863053688459795
PRU.L/ABDN.L,2024-05-22,5.270434441536054,-17.902292993245965,0.002544223859313942
PRU.L/ABDN.L,2024-05-23,5.268931451440332,-51.97688031709026,-1.1882044586454872
PRU.L/ABDN.L,2024-05-24,5.266960852805144,-68.07387684583875,-1.6824258274396033
PRU.L/ABDN.L,2024-05-28,5.265542150931474,-49.20339940142128,-1.0129530767616084
PRU.L/ABDN.L,2024-05-29,5.264415444563782,-39.67444249876678,-0.7037712142818269
PRU.L/ABDN.L,2024-05-30,5.262588816270598,-64.26462452614601,-1.5088186448722145
PRU.L/ABDN.L,2024-05-31,5.2606731384876175,-67.49196540340154,-1.569302213517309
PRU.L/ABDN.L,2024-06-03,5.2588087050178105,-65.04375745378104,-1.4591573333502075
PRU.L/ABDN.L,2024-06-04,5.257519630774293,-45.31427800065251,-0.8183638904267879
PRU.L/ABDN.L,2024-06-05,5.256173106002154,-47.2589438999305,-0.8664759100593085
PRU.L/ABDN.L,2024-06-06,5.25482277941872,-46.673863346799635,-0.8314297096162173
PRU.L/ABDN.L,2024-06-07,5.252941587093063,-67.26964572819952,-1.4436569395662124
PRU.L/ABDN.L,2024-06-10,5.251135212326695,-65.47274996276587,-1.3365135093050744
PRU.L/ABDN.L,2024-06-11,5.2493055182587085,-67.16253276971213,-1.3446690286738243
PRU.L/ABDN.L,2024-06-12,5.247466783844976,-66.08733557788548,-1.3013926255592005
PRU.L/ABDN.L,2024-06-13,5.246177541197768,-47.55429297672697,-0.6792962319454382
PRU.L/ABDN.L,2024-06-14,5.244841631557401,-49.723380540974404,-0.7484707597513023
PRU.L/ABDN.L,2024-06-17,5.243219328845883,-60.401658773461236,-1.1379505642919006
PRU.L/ABDN.L,2024-06-18,5.241242844245924,-72.74984130705059,-1.5593886808219752
PRU.L/ABDN.L,2024-06-19,5.239766517367867,-54.67438093520332,-0.8316251728130369
PRU.L/ABDN.L,2024-06-20,5.238038974174895,-62.75939373504093,-1.1115993463366405
PRU.L/ABDN.L,2024-06-21,5.235691225741711,-84.5932091592299,-1.8938504139999364
PRU.L/ABDN.L,2024-06-24,5.234490153032701,-40.99702989289358,-0.17540471969209026
PRU.L/ABDN.L,2024-06-25,5.233726388249889,-25.836061860319546,0.4477285257991978
PRU.L/ABDN.L,2024-06-26,5.232940899134321,-26.516858603856008,0.44224279056354876
PRU.L/ABDN.L,2024-06-27,5.231388102753308,-55.57450183414619,-0.7144985035841188
PRU.L/ABDN.L,2024-06-28,5.229841618974503,-55.54990923740752,-0.6967935861964717
PRU.L/ABDN.L,2024-07-01,5.228027806586775,-65.21940454841342,-1.059538089619931
PRU.L/ABDN.L,2024-07-02,5.225617055517529,-86.37327424431612,-1.8410846719504645
PRU.L/ABDN.L,2024-07-03,5.222980646339981,-92.15527927126789,-1.9664168109202247
PRU.L/ABDN.L,2024-07-04,5.219981818011695,-103.90809276273421,-2.27249744677962
PRU.L/ABDN.L,2024-07-05,5.216330554695246,-125.60025326905395,-2.8132709878203257
PRU.L/ABDN.L,2024-07-08,5.21287299835202,-118.23576264263397,-2.3864626687532198
PRU.L/ABDN.L,2024-07-09,5.209625206076271,-111.91477562750867,-2.058242188033941
PRU.L/ABDN.L,2024-07-10,5.205945068150025,-122.51714944563116,-2.2479369850448028
PRU.L/ABDN.L,2024-07-11,5.201794709080655,-135.66721189312727,-2.461935725728293
PRU.L/ABDN.L,2024-07-12,5.19775578566474,-133.4456360919487,-2.2493795779588663
PRU.L/ABDN.L,2024-07-15,5.19374221561223,-134.99511795839726,-2.170012366769224
PRU.L/ABDN.L,2024-07-16,5.189791971245007,-133.78933884856133,-2.042201666318883
PRU.L/ABDN.L,2024-07-17,5.185359399841343,-146.83364599589777,-2.2784519334556936
PRU.L/ABDN.L,2024-07-18,5.1800127234616085,-172.42844708837742,-2.7481836495246497
PRU.L/ABDN.L,2024-07-19,5.175108768320689,-162.58538778517334,-2.3661311142463615
PRU.L/ABDN.L,2024-07-22,5.170137163614982,-164.47754675154033,-2.264594485552773
PRU.L/ABDN.L,2024-07-23,5.165127982153715,-167.69526170394306,-2.199186606755934
PRU.L/ABDN.L,2024-07-24,5.160428298556963,-159.1574461096983,-1.9095008147483852
PRU.L/ABDN.L,2024-07-25,5.155194771837338,-175.04864695859624,-2.128921211216866
PRU.L/ABDN.L,2024-07-26,5.149763713115928,-179.63031238612018,-2.100672974857685
PRU.L/ABDN.L,2024-07-29,5.144866018310765,-162.67885096134478,-1.6850676775429048
PRU.L/ABDN.L,2024-07-30,5.1392689174218305,-184.5147919281327,-2.000944840999988
PRU.L/ABDN.L,2024-07-31,5.133994766620765,-172.52714917188143,-1.6966293591136703
PRU.L/ABDN.L,2024-08-01,5.127683890998189,-206.51046957114215,-2.1887844123663593
PRU.L/ABDN.L,2024-08-02,5.122047233559297,-192.06462099197006,-1.844674434874979
PRU.L/ABDN.L,2024-08-05,5.116874644715664,-180.1190150718777,-1.5712231579066978
PRU.L/ABDN.L,2024-08-06,5.111714778178498,-181.20253969271175,-1.5292356240027596
PRU.L/ABDN.L,2024-08-07,5.108180971531987,-128.94146700559043,-0.6157265973407071
PRU.L/ABDN.L,2024-08-08,5.105007900727758,-118.43981605589397,-0.413221874875874
PRU.L/ABDN.L,2024-08-09,5.1015680783344335,-127.2246848879139,-0.5398003931077926
PRU.L/ABDN.L,2024-08-12,5.09761079968485,-143.11630970354975,-0.7978106163031037
PRU.L/ABDN.L,2024-08-13,5.093742796907532,-139.45336981482285,-0.7058189060476339
PRU.L/ABDN.L,2024-08-14,5.089524555385283,-149.48758784060078,-0.8670480336568546
PRU.L/ABDN.L,2024-08-15,5.086326560194608,-115.76399842727744,-0.1967946739733653
PRU.L/ABDN.L,2024-08-16,5.083216879223125,-112.44076527462141,-0.11322670723826175
PRU.L/ABDN.L,2024-08-19,5.079944193030654,-117.30159918182756,-0.1938459427195031
PRU.L/ABDN.L,2024-08-20,5.076894839527573,-110.90452055330297,-0.047210729874009205
PRU.L/ABDN.L,2024-08-21,5.074008861927754,-104.12942866698097,0.11203848129707165
PRU.L/ABDN.L,2024-08-22,5.071209315622022,-100.9478750040663,0.19072433496878416
PRU.L/ABDN.L,2024-08-23,5.068338730076757,-101.86669567971023,0.18479829295845532
PRU.L/ABDN.L,2024-08-27,5.065464511402935,-103.49114629481278,0.1657133746079968
PRU.L/ABDN.L,2024-08-28,5.0625800691281695,-104.31412810824963,0.17184100480039854
PRU.L/ABDN.L,2024-08-29,5.059828464468683,-100.3193072588424,0.2795500981231635
PRU.L/ABDN.L,2024-08-30,5.056944666855483,-104.77135818998727,0.208268131083078
PRU.L/ABDN.L,2024-09-02,5.054115744571897,-102.92896436710873,0.2638714133344474
PRU.L/ABDN.L,2024-09-03,5.051565073548348,-94.22178842165965,0.47066245180403193
PRU.L/ABDN.L,2024-09-04,5.048251362203165,-120.85362389171542,-0.10344537570599785
PRU.L/ABDN.L,2024-09-05,5.04498375362909,-119.25379817273813,-0.048067769293009904
PRU.L/ABDN.L,2024-09-06,5.0418518774643015,-116.57367204940647,0.039905460985281825
PRU.L/ABDN.L,2024-09-09,5.038370611580794,-128.75149836155822,-0.21729240017464913
PRU.L/ABDN.L,2024-09-10,5.034612189739848,-139.38738078794438,-0.4456694693387344
PRU.L/ABDN.L,2024-09-11,5.031336226841569,-121.83508564368833,-0.0022749017204292126
PRU.L/ABDN.L,2024-09-12,5.028066695233534,-121.06926358354758,0.044497352754543334
PRU.L/ABDN.L,2024-09-13,5.02484825147066,-118.12038184139237,0.14412850255359072
PRU.L/ABDN.L,2024-09-16,5.021317541779393,-129.3530265570265,-0.12439990310018643
PRU.L/ABDN.L,2024-09-17,5.0177081675618025,-129.40784679551757,-0.09161854115069064
PRU.L/ABDN.L,2024-09-18,5.014341886330564,-121.34082728385943,0.17878075216204414
PRU.L/ABDN.L,2024-09-19,5.010730641894375,-126.22326101047076,0.09354328592039118
PRU.L/ABDN.L,2024-09-20,5.006832967123799,-138.46008594393697,-0.25411839496942407
PRU.L/ABDN.L,2024-09-23,5.003009221895446,-134.2738509369566,-0.07996754040076277
PRU.L/ABDN.L,2024-09-24,4.999548409073434,-119.28262610044999,0.48543108930040757
PRU.L/ABDN.L,2024-09-25,4.995226942721196,-148.4281446822621,-0.5327934256184678
PRU.L/ABDN.L,2024-09-26,4.991075035302799,-137.294587139722,-0.09972433300127426
PRU.L/ABDN.L,2024-09-27,4.987135784382097,-128.4651780497004,0.24814184465912095
PRU.L/ABDN.L,2024-09-30,4.98355716723472,-118.58833622689997,0.6154530876295419
PRU.L/ABDN.L,2024-10-01,4.980635219144909,-98.978395448622,1.3264643749099294
PRU.L/ABDN.L,2024-10-02,4.978672641947721,-65.65339925458284,2.421978330431575
PRU.L/ABDN.L,2024-10-03,4.976767290967557,-65.15166257639578,2.2970271261759736
PRU.L/ABDN.L,2024-10-04,4.974321150447167,-82.07401668947216,1.6525247878560996
PRU.L/ABDN.L,2024-10-07,4.971971281913661,-78.00736663508815,1.711700043546231
PRU.L/ABDN.L,2024-10-08,4.969128810524662,-96.78873458212627,1.0744017728210127
PRU.L/ABDN.L,2024-10-09,4.96650062921226,-89.12171823120559,1.2773609707178146
PRU.L/ABDN.L,2024-10-10,4.963864433216698,-90.05024413046556,1.2059733085005324
PRU.L/ABDN.L,2024-10-11,4.960956192294279,-99.90331266069666,0.869439058615947
PRU.L/ABDN.L,2024-10-14,4.958037477364816,-99.43812124507019,0.8546029601086208
PRU.L/ABDN.L,2024-10-15,4.954177591814949,-130.75160727796026,-0.15528166751675423
PRU.L/ABDN.L,2024-10-16,4.9490894456192915,-165.49772943125572,-1.270886714942266
PRU.L/ABDN.L,2024-10-17,4.942945013274666,-195.4292601230386,-2.1431225910109517
PRU.L/ABDN.L,2024-10-18,4.937444627856877,-174.90518731422083,-1.5055240267007008
PRU.L/ABDN.L,2024-10-21,4.931972306340315,-176.90755265335497,-1.5728088950244115
PRU.L/ABDN.L,2024-10-22,4.926983014708416,-163.13314369711156,-1.1431407965083464
PRU.L/ABDN.L,2024-10-23,4.922486350543009,-149.75974589955672,-0.7627499733560128
PRU.L/ABDN.L,2024-10-24,4.9206400929909275,-66.74330682018262,1.8117892613522764
PRU.L/ABDN.L,2024-10-25,4.91939536498928,-45.71178111470249,2.4138064365976946
PRU.L/ABDN.L,2024-10-28,4.918916239558922,-16.041518753262494,3.119499402419884
PRU.L/ABDN.L,2024-10-29,4.918469469722454,-14.804996882784394,2.9275076713202632
PRU.L/ABDN.L,2024-10-30,4.917857130008144,-21.628234875018848,2.5773933491825165
PRU.L/ABDN.L,2024-10-31,4.917661190835056,-4.607848463065011,2.794496894590784
PRU.L/ABDN.L,2024-11-01,4.917421821820041,-6.4035473585613545,2.544145982526901
PRU.L/ABDN.L,2024-11-04,4.917123218276185,-8.71375025781549,2.3256174684647473
PRU.L/ABDN.L,2024-11-05,4.916825241514836,-8.708995261819723,2.190470016768288
PRU.L/ABDN.L,2024-11-06,4.916632980911997,-4.182119142897022,2.1615904800176122
PRU.L/ABDN.L,2024-11-07,4.916474320971605,-2.7460847093669827,2.077337163498394
PRU.L/ABDN.L,2024-11-08,4.915591367337967,-31.858316769288876,1.4038762670031215
PRU.L/ABDN.L,2024-11-11,4.914486148807667,-40.267351618117345,1.1884266553987792
PRU.L/ABDN.L,2024-11-12,4.912849457648931,-62.38819376032893,0.708872435929296
PRU.L/ABDN.L,2024-11-13,4.911519942698165,-50.75326202523013,0.9224702476675544
PRU.L/ABDN.L,2024-11-14,4.910274391594872,-46.020536799030424,0.9915034551869145
PRU.L/ABDN.L,2024-11-15,4.909148574023683,-40.79799058101537,1.0669544628328766
PRU.L/ABDN.L,2024-11-18,4.90807732913663,-38.817537950928795,1.0750805031911765
PRU.L/ABDN.L,2024-11-19,4.906805351467892,-47.22086626929945,0.8829386444230322
PRU.L/ABDN.L,2024-11-20,4.905887726247696,-33.30996003115331,1.123628687335704
PRU.L/ABDN.L,2024-11-21,4.904839712268469,-38.070287380650825,1.0013535945701628
PRU.L/ABDN.L,2024-11-22,4.903764660428382,-39.0571370399291,0.9539787020974225
PRU.L/ABDN.L,2024-11-25,4.90274499671666,-35.729789435618045,0.9888841568352591
PRU.L/ABDN.L,2024-11-26,4.901817901382368,-32.99574103779855,1.0128317601396888
PRU.L/ABDN.L,2024-11-27,4.90074128614262,-38.30211811200775,0.883110297206428
PRU.L/ABDN.L,2024-11-28,4.8995276031494255,-42.98545934332412,0.7691242802704485
PRU.L/ABDN.L,2024-11-29,4.898199882650422,-47.63623420024646,0.6590913647559181
PRU.L/ABDN.L,2024-12-02,4.89713745801639,-37.48950314011313,0.8229301822722501
PRU.L/ABDN.L,2024-12-03,4.895959808256356,-42.07684515591143,0.7098214835744611
PRU.L/ABDN.L,2024-12-04,4.894818176759804,-40.29685617119617,0.7187155201553678
PRU.L/ABDN.L,2024-12-05,4.893854457027701,-33.40830798156276,0.822258515410796
PRU.L/ABDN.L,2024-12-06,4.89307035671092,-26.523103356275215,0.9227030043987766
PRU.L/ABDN.L,2024-12-09,4.892531705889344,-16.7821210638931,1.0717296767227098
PRU.L/ABDN.L,2024-12-10,4.891922990868062,-19.65229195149061,0.9838605216809131
PRU.L/ABDN.L,2024-12-11,4.891476595038825,-13.617712273673305,1.062608505629125
PRU.L/ABDN.L,2024-12-12,4.890806628874611,-22.186246380914667,0.8697494898688122
PRU.L/ABDN.L,2024-12-13,4.8897236271337485,-37.91449408650351,0.5447626210475983
PRU.L/ABDN.L,2024-12-16,4.888471881215596,-44.628925178068016,0.391361220762613
PRU.L/ABDN.L,2024-12-17,4.887496356733127,-34.646166851485646,0.5636169398165471
PRU.L/ABDN.L,2024-12-18,4.886330485114265,-41.696843723585744,0.398472671277078
PRU.L/ABDN.L,2024-12-19,4.885038032865284,-46.55989932986813,0.2749384747417882
PRU.L/ABDN.L,2024-12-20,4.88363203598208,-50.690547969530485,0.16574394152620256
PRU.L/ABDN.L,2024-12-23,4.882680526979914,-33.77120826833038,0.4972938570270822
PRU.L/ABDN.L,2024-12-24,4.88138428836588,-46.31148225462846,0.21345344723760068
PRU.L/ABDN.L,2024-12-27,4.880006634054521,-48.8997528718769,0.1521288894173261
PRU.L/ABDN.L,2024-12-30,4.878812487668033,-42.54322701233946,0.27997996530986535
PRU.L/ABDN.L,2024-12-31,4.87738039225451,-50.72245179814388,0.0941057011418125
PRU.L/ABDN.L,2025-01-02,4.876115594634479,-44.51129351020484,0.2157065649323156
PRU.L/ABDN.L,2025-01-03,4.874425352060564,-60.597392166719715,-0.14383244840352952
PRU.L/ABDN.L,2025-01-06,4.873265619037805,-40.89662110775464,0.26614538181657266
PRU.L/ABDN.L,2025-01-07,4.872485535214262,-27.04427454361246,0.5459590418067766
PRU.L/ABDN.L,2025-01-08,4.871667607538283,-29.342059563005023,0.47379351513406043
PRU.L/ABDN.L,2025-01-09,4.870398921628588,-45.74860149868732,0.09480770718295042
PRU.L/ABDN.L,2025-01-10,4.869018066320345,-51.11066910298621,-0.05506918334149899
PRU.L/ABDN.L,2025-01-13,4.867487888252041,-57.087069635029934,-0.2481876220264944
PRU.L/ABDN.L,2025-01-14,4.866473983957748,-37.29180647262888,0.19246581607577096
PRU.L/ABDN.L,2025-01-15,4.865028462810125,-52.48181404223237,-0.32209659298654936
PRU.L/ABDN.L,2025-01-16,4.8639133918023125,-39.64887157668181,0.010457189927739882
PRU.L/ABDN.L,2025-01-17,4.86339951800244,-16.076274444629462,1.009017088588023
PRU.L/ABDN.L,2025-01-20,4.862601451063304,-26.23497491735884,0.6003337642362205
PRU.L/ABDN.L,2025-01-21,4.8607369832680325,-63.14717582589253,-1.8312360723106837
PRU.L/ABDN.L,2025-01-22,4.858705448237368,-68.7995909463815,-2.1021872483626844
PRU.L/ABDN.L,2025-01-23,4.8567729542480444,-65.56039503267539,-1.8153153704112635
PRU.L/ABDN.L,2025-01-24,4.85519130432108,-53.469059336983264,-1.0251948376264814
PRU.L/ABDN.L,2025-01-27,4.85310847792221,-69.62258399350333,-1.9436170510924233
PRU.L/ABDN.L,2025-01-28,4.850569443322837,-84.26425151781564,-2.6844176816466288
PRU.L/ABDN.L,2025-01-29,4.848669917039594,-62.759766617048626,-1.367951940401295
PRU.L/ABDN.L,2025-01-30,4.847008648961459,-53.71220634115309,-0.7932360704209581
PRU.L/ABDN.L,2025-01-31,4.844834530183894,-70.74781028746543,-1.8074772010703397
PRU.L/ABDN.L,2025-02-03,4.842458477531057,-78.25597889665187,-2.218980127436994
PRU.L/ABDN.L,2025-02-04,4.840394212543219,-68.17369488086422,-1.5697413155165374
PRU.L/ABDN.L,2025-02-05,4.837694693229857,-89.21171079245823,-2.7201695425116785
PRU.L/ABDN.L,2025-02-06,4.835013477782849,-86.20387857127787,-2.3652987160732946
PRU.L/ABDN.L,2025-02-07,4.8321601266117185,-92.83370296730482,-2.585252134989377
PRU.L/ABDN.L,2025-02-10,4.8296909057475075,-79.39492372404698,-1.7588186023294354
PRU.L/ABDN.L,2025-02-11,4.827564478646902,-68.74276175663852,-1.1450634202222234
PRU.L/ABDN.L,2025-02-12,4.826548087343246,-30.887956147566,0.8789349203399719
PRU.L/ABDN.L,2025-02-13,4.825728395610366,-24.27565324290697,1.206676702821393
PRU.L/ABDN.L,2025-02-14,4.8248614241415195,-25.826927227898864,1.0941881515471037
PRU.L/ABDN.L,2025-02-17,4.823958720867122,-26.86388153769917,1.0291180974865182
PRU.L/ABDN.L,2025-02-18,4.822967802989146,-29.866196295034683,0.8613569092581694
PRU.L/ABDN.L,2025-02-19,4.82166317200778,-41.10067245210405,0.280255466066469
PRU.L/ABDN.L,2025-02-20,4.82055385820246,-34.299040580377664,0.6317392639102193
PRU.L/ABDN.L,2025-02-21,4.819123675121321,-44.508344123809024,0.11240579720915288
PRU.L/ABDN.L,2025-02-24,4.817420573529966,-53.445459189091025,-0.3403177326873049
PRU.L/ABDN.L,2025-02-25,4.815955698650589,-46.07532966618248,0.04663963392721231
PRU.L/ABDN.L,2025-02-26,4.814951099643966,-30.139980455212594,0.8570689407266802
PRU.L/ABDN.L,2025-02-27,4.814052206625345,-26.86648204532753,1.0105220280374525
PRU.L/ABDN.L,2025-02-28,4.81290433670312,-34.89713396631282,0.5895418768526721
PRU.L/ABDN.L,2025-03-03,4.811604889280234,-39.072934621120794,0.37399184422381515
PRU.L/ABDN.L,2025-03-04,4.807472821839602,-122.56113677878852,-3.4351375233307504
PRU.L/ABDN.L,2025-03-05,4.804659136561571,-83.20789860353659,-1.5617329397709112
PRU.L/ABDN.L,2025-03-06,4.801482830000147,-92.76468049350149,-1.9110154285516405
PRU.L/ABDN.L,2025-03-07,4.79852246767479,-86.8530335887292,-1.5868605509312723
PRU.L/ABDN.L,2025-03-10,4.795385913447603,-92.42318341250154,-1.7706628844606898
PRU.L/ABDN.L,2025-03-11,4.791899213466207,-103.16691423960572,-2.1331500515122173
PRU.L/ABDN.L,2025-03-12,4.789203885266214,-79.89343870719836,-1.089595580040859
PRU.L/ABDN.L,2025-03-13,4.786949627101527,-67.89712419785656,-0.5567398801221263
PRU.L/ABDN.L,2025-03-14,4.784340552821269,-76.74410177458446,-0.905920569446742
PRU.L/ABDN.L,2025-03-17,4.782016016311702,-67.6803909206061,-0.4989199344816599
PRU.L/ABDN.L,2025-03-18,4.77995161907821,-60.01777474397568,-0.1604000534773102
PRU.L/ABDN.L,2025-03-19,4.77798825650454,-57.25703443008592,-0.03700408278785545
PRU.L/ABDN.L,2025-03-20,4.776880881102358,-30.896516201495956,1.0925891038281401
PRU.L/ABDN.L,2025-03-21,4.776329606230306,-13.900790152137006,1.753461533094268
PRU.L/ABDN.L,2025-03-24,4.77637040369195,4.937073881163997,2.380398732558801
PRU.L/ABDN.L,2025-03-25,4.7768379420755345,18.616602508183973,2.702023309501107
PRU.L/ABDN.L,2025-03-26,4.777728548994922,32.285115122814545,2.918942837735809
PRU.L/ABDN.L,2025-03-27,4.779737848768164,71.97314276246959,3.692056222787393
PRU.L/ABDN.L,2025-03-28,4.7815612871596285,65.45589522618366,3.1313871436207235
PRU.L/ABDN.L,2025-03-31,4.783929444640842,86.88026468830253,3.3011912368801437
PRU.L/ABDN.L,2025-04-01,4.786424895197564,90.98441757669332,3.0747735813813284
PRU.L/ABDN.L,2025-04-02,4.789305634149735,106.25486994945175,3.0846761762621533
PRU.L/ABDN.L,2025-04-03,4.791780961047818,95.41015895032331,2.636670676765907
PRU.L/ABDN.L,2025-04-04,4.794125559854798,97.64216000419549,2.4884800622691308
PRU.L/ABDN.L,2025-04-07,4.79649891176313,104.90071402174078,2.4398223987339462
PRU.L/ABDN.L,2025-04-08,4.798780177980751,98.22909488108405,2.1874550228707466
PRU.L/ABDN.L,2025-04-09,4.801190273026185,109.09524505436616,2.2251931251880013
PRU.L/ABDN.L,2025-04-10,4.803637287051126,105.75288174745663,2.0541453895151034
PRU.L/ABDN.L,2025-04-11,4.806127643576078,106.94861352170437,1.9718654704407856
PRU.L/ABDN.L,2025-04-14,4.808347467563254,89.7821917114045,1.6468660098922119
PRU.L/ABDN.L,2025-04-15,4.810247080415338,75.13429728257734,1.3806481636208159
PRU.L/ABDN.L,2025-04-16,4.812870712103611,104.9456003845878,1.7285035395709256
PRU.L/ABDN.L,2025-04-17,4.815899180117274,121.33154810362043,1.8640128579757325
PRU.L/ABDN.L,2025-04-22,4.818708533628148,112.25633615614038,1.6648938483377753
PRU.L/ABDN.L,2025-04-23,4.821789859909285,120.98946733992,1.7038935143805334
PRU.L/ABDN.L,2025-04-24,4.8249005010426185,120.86225775759453,1.6326516163154832
PRU.L/ABDN.L,2025-04-25,4.827787264056987,111.98086767192729,1.4597728529845255
PRU.L/ABDN.L,2025-04-28,4.830559550943104,106.5458432552673,1.3402638518476753
PRU.L/ABDN.L,2025-04-29,4.833131360748178,97.88380019650504,1.1893879937183691
PRU.L/ABDN.L,2025-04-30,4.835197927693357,78.62291733291761,0.9171309581723024
PRU.L/ABDN.L,2025-05-01,4.836722302293851,55.78886921049809,0.6075366041981841
PRU.L/ABDN.L,2025-05-02,4.838417056257348,61.55531834721069,0.6545176386371587
PRU.L/ABDN.L,2025-05-06,4.839994507879605,57.59296552573858,0.5795776987895607
PRU.L/ABDN.L,2025-05-07,4.8421630222113,78.58962811278343,0.8206916649748286
PRU.L/ABDN.L,2025-05-08,4.8441510492885955,71.57049226745198,0.7032748481437076
PRU.L/ABDN.L,2025-05-09,4.846249630204709,75.27222253508353,0.7250859458149939
PRU.L/ABDN.L,2025-05-12,4.8489271409803685,93.0037794674979,0.9280866725136849
PRU.L/ABDN.L,2025-05-13,4.851317476120925,82.13415435707782,0.7608225184284263
PRU.L/ABDN.L,2025-05-14,4.853289597092397,67.77180721530794,0.5528437332924926
PRU.L/ABDN.L,2025-05-15,4.8552240615178155,66.0610324104332,0.5110436739535101
PRU.L/ABDN.L,2025-05-16,4.856909099930473,57.72961290728608,0.38379451936385983
PRU.L/ABDN.L,2025-05-19,4.858592608574976,58.01751702205206,0.3680734985814722
PRU.L/ABDN.L,2025-05-20,4.85973968338171,40.0630875405252,0.11417427723645675
PRU.L/ABDN.L,2025-05-21,4.860777208708254,36.83116872126345,0.053412099928247005
PRU.L/ABDN.L,2025-05-22,4.861684172278714,32.67968804614247,-0.02209182250262362
PRU.L/ABDN.L,2025-05-23,4.861843337748505,8.745295654462211,-0.36408673365392397
PRU.L/ABDN.L,2025-05-27,4.861947338891719,6.924745867226761,-0.3998721985070032
PRU.L/ABDN.L,2025-05-28,4.861831900441749,0.003107104581886233,-0.503990995170247
PRU.L/ABDN.L,2025-05-29,4.862059836396796,10.817711939755213,-0.36701300430431083
PRU.L/ABDN.L,2025-05-30,4.86198713680197,1.3734088792547254,-0.5125061230419042
PRU.L/ABDN.L,2025-06-02,4.860766332643488,-32.97737745204097,-1.0557041684629627
PRU.L/ABDN.L,2025-06-03,4.860118852521247,-15.951654099476627,-0.8416405662829944
PRU.L/ABDN.L,2025-06-04,4.860275694554567,8.525966249203748,-0.5176731250092343
PRU.L/ABDN.L,2025-06-05,4.86001341380211,-4.307151997600727,-0.7600626933133817
PRU.L/ABDN.L,2025-06-06,4.859418202700483,-14.049897379412982,-0.9684277492074411
PRU.L/ABDN.L,2025-06-09,4.858845193598114,-13.37268625187346,-1.0269694271796976
PRU.L/ABDN.L,2025-06-10,4.856075281081863,-73.82141034265794,-2.0786838649379584
PRU.L/ABDN.L,2025-06-11,4.854362522380457,-44.673526076571534,-1.600482291790376
PRU.L/ABDN.L,2025-06-12,4.853028927699595,-34.69868927762241,-1.4714624252245814
PRU.L/ABDN.L,2025-06-13,4.85247346577636,-12.844462422452125,-1.1261160397601888
PRU.L/ABDN.L,2025-06-16,4.851730611467275,-17.92214235862218,-1.2595538427356474
PRU.L/ABDN.L,2025-06-17,4.850559303209059,-30.19726315358912,-1.5222337381843865
PRU.L/ABDN.L,2025-06-18,4.849327331159085,-32.23051574320755,-1.5596246017035718
PRU.L/ABDN.L,2025-06-19,4.848269987881657,-27.634346417408665,-1.4588162711329054
PRU.L/ABDN.L,2025-06-20,4.8477884383186876,-10.704317812803765,-1.126848534558886
PRU.L/ABDN.L,2025-06-23,4.847474340346823,-5.7719472988403595,-1.0196374636586545
PRU.L/ABDN.L,2025-06-24,4.846928029646887,-12.379494121765333,-1.1183759128350654
PRU.L/ABDN.L,2025-06-25,4.846336704061126,-13.552238727692156,-1.103846273581697
PRU.L/ABDN.L,2025-06-26,4.846451968324196,7.0428880569763805,-0.7042097816993901
PRU.L/ABDN.L,2025-06-27,4.846351211983397,0.6637581448376295,-0.794614623287444
PRU.L/ABDN.L,2025-06-30,4.846429909492461,6.007404391972273,-0.6722467799423084
PRU.L/ABDN.L,2025-07-01,4.846311909997161,0.08395188520717056,-0.7540005784580801
PRU.L/ABDN.L,2025-07-02,4.846250267904686,1.779379174357473,-0.6969353020175296
PRU.L/ABDN.L,2025-07-03,4.845779775150061,-10.298630648176072,-0.8913753862430646
PRU.L/ABDN.L,2025-07-04,4.845439521089228,-6.624755667455588,-0.7946679953619057
PRU.L/ABDN.L,2025-07-07,4.844674030025801,-19.21229422972192,-0.9984565879006831
PRU.L/ABDN.L,2025-07-08,4.844953538670654,12.072351092064991,-0.3826401522184617
PRU.L/ABDN.L,2025-07-09,4.844682146822284,-4.513200044470182,-0.6753612562313497
PRU.L/ABDN.L,2025-07-10,4.8445389224134905,-0.6327549555766154,-0.5743778937311506
PRU.L/ABDN.L,2025-07-11,4.84400477012997,-12.22033220748824,-0.7763408230734857
PRU.L/ABDN.L,2025-07-14,4.843559465277293,-9.435604531298168,-0.6953125365814229
PRU.L/ABDN.L,2025-07-15,4.842974250803432,-13.64892162843421,-0.7533189651139054
PRU.L/ABDN.L,2025-07-16,4.842034969852679,-24.147878428724653,-0.9442347160293375
PRU.L/ABDN.L,2025-07-17,4.840983062139879,-27.2828769128771,-0.9849289567325881
PRU.L/ABDN.L,2025-07-18,4.839661628031484,-34.92728404662614,-1.1297079755186439
PRU.L/ABDN.L,2025-07-21,4.838279241058126,-36.605298003646,-1.1512367923171054
PRU.L/ABDN.L,2025-07-22,4.836872566849914,-37.54293452829927,-1.15531512876782
PRU.L/ABDN.L,2025-07-23,4.835395167622128,-39.482354540164124,-1.1843187773216213
PRU.L/ABDN.L,2025-07-24,4.833236646432636,-57.373932331029096,-1.5975177199011943
PRU.L/ABDN.L,2025-07-25,4.831377656531911,-49.50397098954329,-1.3631943834378248
PRU.L/ABDN.L,2025-07-28,4.830336486546877,-26.790996434775252,-0.7532913662819112
PRU.L/ABDN.L,2025-07-29,4.8296970923984635,-15.227197713702822,-0.4284096479961958
PRU.L/ABDN.L,2025-07-30,4.828825775225899,-22.030361961503786,-0.5828407293612315
PRU.L/ABDN.L,2025-07-31,4.828561316365192,-4.102809692483902,-0.06653778394274464
PRU.L/ABDN.L,2025-08-01,4.828364397909855,-2.3147802724441817,0.01865534751710372
PRU.L/ABDN.L,2025-08-04,4.828159788521481,-2.4663622397731615,0.054379072577709735
PRU.L/ABDN.L,2025-08-05,4.8279225441644655,-3.385675489637265,0.08172611021711762
PRU.L/ABDN.L,2025-08-06,4.8276987983126896,-2.919357198227658,0.1557430479707881
PRU.L/ABDN.L,2025-08-07,4.8272721751832,-8.820121470086065,-0.010203311717369776
PRU.L/ABDN.L,2025-08-08,4.826443934284179,-20.50723938527176,-0.4321922580007404
PRU.L/ABDN.L,2025-08-11,4.825673039534304,-18.772773945551307,-0.3310791761287826
PRU.L/ABDN.L,2025-08-12,4.825287387142137,-7.639604873150688,0.22759985430455526
PRU.L/ABDN.L,2025-08-13,4.825449704126116,8.437977524941061,1.0779743268419775
PRU.L/ABDN.L,2025-08-14,4.8269945217130426,51.020633109378196,3.1115044610944684
PRU.L/ABDN.L,2025-08-15,4.828553587375415,51.87350505018878,3.012015603366505
PRU.L/ABDN.L,2025-08-18,4.829782841255926,41.62412299644825,2.3983689872212435
PRU.L/ABDN.L,2025-08-19,4.831124217282624,44.93308224974612,2.4044090411713612
PRU.L/ABDN.L,2025-08-20,4.832112686743487,33.65219445034279,1.8439841147586111
PRU.L/ABDN.L,2025-08-21,4.833895620306279,58.439170729925536,2.6804684968356742
PRU.L/ABDN.L,2025-08-22,4.834809382663489,31.21853246157457,1.560516359034888
PRU.L/ABDN.L,2025-08-26,4.835357473660832,20.445899113203268,1.1075099370382961
PRU.L/ABDN.L,2025-08-27,4.835596966344816,11.05186789125139,0.7269073459577806
PRU.L/ABDN.L,2025-08-28,4.8362254321892415,23.19300907024933,1.1716772131905893
PRU.L/ABDN.L,2025-08-29,4.837616090363307,47.04948874156207,1.9739889132800048
PRU.L/ABDN.L,2025-09-01,4.839229083400128,54.287208487548014,2.1123723373476793
PRU.L/ABDN.L,2025-09-02,4.841727969558392,86.56175453079425,2.9437999749577997
PRU.L/ABDN.L,2025-09-03,4.84385470594626,73.49095172272075,2.4224827954433774
PRU.L/ABDN.L,2025-09-04,4.8458660086044985,69.00421816533299,2.1617478144975504
PRU.L/ABDN.L,2025-09-05,4.84785350508489,68.4542912072219,2.0356934202088204
PRU.L/ABDN.L,2025-09-08,4.850475898945765,90.75865058314105,2.520465126792332
PRU.L/ABDN.L,2025-09-09,4.853609542563436,108.65598975601404,2.781541426232101
PRU.L/ABDN.L,2025-09-10,4.85776397358089,143.23322533283215,3.3055365514080544
PRU.L/ABDN.L,2025-09-11,4.861500403544054,126.60544031875736,2.6749137256764084
PRU.L/ABDN.L,2025-09-12,4.865249942916158,128.1892554669364,2.5199677531227027
PRU.L/ABDN.L,2025-09-15,4.868863411623355,122.31804777489629,2.2433818113568216
PRU.L/ABDN.L,2025-09-16,4.872025730699725,109.32820712283353,1.8725251584348896
PRU.L/ABDN.L,2025-09-17,4.87529451380034,111.12155544460916,1.8192064087235957
PRU.L/ABDN.L,2025-09-18,4.878924604777879,122.12719310235525,1.9362289266105783
PRU.L/ABDN.L,2025-09-19,4.882060457872957,105.63746518423761,1.5520026978904347
PRU.L/ABDN.L,2025-09-22,4.885280620757333,108.51746454980889,1.5426530410883696
PRU.L/ABDN.L,2025-09-23,4.888135295797682,95.70969165037957,1.259586573528579
PRU.L/ABDN.L,2025-09-24,4.891188174224951,102.13744540860773,1.3289584021466554
PRU.L/ABDN.L,2025-09-25,4.89417452259686,100.48200563577473,1.2542697188368475
PRU.L/ABDN.L,2025-09-26,4.89687253998317,89.79799254769989,1.0275763336348755
PRU.L/ABDN.L,2025-09-29,4.899806684232238,96.85290420446097,1.1155713669730765
PRU.L/ABDN.L,2025-09-30,4.902031439604994,73.24611159969561,0.6710426663296497
PRU.L/ABDN.L,2025-10-01,4.904155341456203,69.90579703503681,0.5933114058217416
PRU.L/ABDN.L,2025-10-02,4.905186420345623,35.45125520925717,-0.0328157986822031
PRU.L/ABDN.L,2025-10-03,4.904918610445119,-4.383874341085516,-0.7444028084149898
PRU.L/ABDN.L,2025-10-06,4.905371668223343,17.153239112824394,-0.3698879751086495
PRU.L/ABDN.L,2025-10-07,4.9058395216303134,17.59412993405283,-0.37193314856263315
PRU.L/ABDN.L,2025-10-08,4.906596886903004,26.357694952850807,-0.22713761036710353
PRU.L/ABDN.L,2025-10-09,4.906343349665945,-3.910660641377035,-0.7893665595259817
PRU.L/ABDN.L,2025-10-10,4.906312157198207,2.692115141034378,-0.6835835247147141
PRU.L/ABDN.L,2025-10-13,4.905579847799175,-18.208824985680167,-1.0821472651422452
PRU.L/ABDN.L,2025-10-14,4.905433187745216,-0.7590551327350568,-0.7782547106778521
PRU.L/ABDN.L,2025-10-15,4.905480486709317,5.075108038224698,-0.6919159021514436
PRU.L/ABDN.L,2025-10-16,4.905437314779199,2.3140814953633253,-0.7701541377605533
PRU.L/ABDN.L,2025-10-17,4.9058127224737715,15.556613442447883,-0.5530822455541642
PRU.L/ABDN.L,2025-10-20,4.9060487936288135,10.994862468726865,-0.6825855516382593
PRU.L/ABDN.L,2025-10-21,4.90678196930816,26.690143417806098,-0.3846587949404085
PRU.L/ABDN.L,2025-10-22,4.907559664666286,28.07108818526217,-0.3755976086950857
PRU.L/ABDN.L,2025-10-23,4.908105815309357,20.650414844335955,-0.556569388288246
PRU.L/ABDN.L,2025-10-24,4.909098303890975,34.50113340766393,-0.27480895494949414
PRU.L/ABDN.L,2025-10-28,4.910372256934259,42.92245375711775,-0.1091731863979462
PRU.L/ABDN.L,2025-10-29,4.9118829698404864,50.518818178493916,0.03867035352364261
PRU.L/ABDN.L,2025-10-30,4.91364198921367,58.56763076541006,0.19662712699619886
PRU.L/ABDN.L,2025-10-31,4.9153557964720935,57.596258907064566,0.15401710315131803
PRU.L/ABDN.L,2025-11-03,4.917269567533911,63.37623691529052,0.2620339931856127
PRU.L/ABDN.L,2025-11-04,4.919163616716128,62.955054414576466,0.22563267845897
PRU.L/ABDN.L,2025-11-05,4.921528368286463,77.93606280000108,0.5543925323896904
PRU.L/ABDN.L,2025-11-06,4.924178794025814,88.1745789405552,0.7750371113739066
PRU.L/ABDN.L,2025-11-07,4.926467530756807,76.71624338670688,0.4704658417067975
PRU.L/ABDN.L,2025-11-10,4.928690750118116,73.93075847684452,0.3914392199408908
PRU.L/ABDN.L,2025-11-11,4.931175395586206,81.980127614401,0.5770025017204297
PRU.L/ABDN.L,2025-11-12,4.933757100211771,84.97947527172983,0.6320739809232154
PRU.L/ABDN.L,2025-11-13,4.9359221943795415,71.60529945395615,0.29118321942793857
PRU.L/ABDN.L,2025-11-14,4.938230868478587,76.98854184838581,0.40712585766117765
PRU.L/ABDN.L,2025-11-17,4.940596620331215,80.27886595072914,0.47858432449095534
PRU.L/ABDN.L,2025-11-18,4.9428031486651145,76.6074052742049,0.37053615139700524
PRU.L/ABDN.L,2025-11-19,4.944847997011674,71.65062713630357,0.22854013641435658
PRU.L/ABDN.L,2025-11-20,4.946983006636925,73.86076248268296,0.26121016661411656
PRU.L/ABDN.L,2025-11-21,4.949384863838721,83.74791487404741,0.489603164104602
PRU.L/ABDN.L,2025-11-24,4.951456497220391,71.96379105642393,0.17855169334261442
PRU.L/ABDN.L,2025-11-25,4.953685244044269,76.6012941237392,0.28754155977816553
PRU.L/ABDN.L,2025-11-26,4.955808400675462,71.4217621307339,0.1620071934263425
PRU.L/ABDN.L,2025-11-27,4.957968230033147,72.06118865114979,0.1790170237154854
PRU.L/ABDN.L,2025-11-28,4.959956776543475,66.22125726460763,0.030611437602760336
PRU.L/ABDN.L,2025-12-01,4.962581284859881,88.46724371404582,0.590226040902794
PRU.L/ABDN.L,2025-12-02,4.964909285785995,77.6334391017167,0.31996915688606214
PRU.L/ABDN.L,2025-12-03,4.967749263688743,95.4360521813121,0.7858842279484357
PRU.L/ABDN.L,2025-12-04,4.970773098256718,102.74109566040818,1.018854067196509
PRU.L/ABDN.L,2025-12-05,4.973694484146515,101.06422053481265,1.0009717638502098
PRU.L/ABDN.L,2025-12-08,4.977243202695437,122.35014656546696,1.5826426190984635
PRU.L/ABDN.L,2025-12-09,4.980310982317891,104.81633484527401,1.1294634665468826
PRU.L/ABDN.L,2025-12-10,4.983457643394845,109.13177571066217,1.2474695762153876
PRU.L/ABDN.L,2025-12-11,4.986592736159433,108.52613285688221,1.233998068745557
PRU.L/ABDN.L,2025-12-12,4.989490694022173,101.43872009344852,1.0633003626491215
PRU.L/ABDN.L,2025-12-15,4.993321028073939,132.69003094529057,1.8796098630951315
PRU.L/ABDN.L,2025-12-16,4.99671886869868,116.54615001851221,1.4304543583026075
PRU.L/ABDN.L,2025-12-17,5.000438412555807,126.80953468562439,1.6637765406579506
PRU.L/ABDN.L,2025-12-18,5.004152855142307,125.06669542120187,1.5860945435397693
PRU.L/ABDN.L,2025-12-19,5.008168473503515,134.7536486841484,1.7876643293435088
PRU.L/ABDN.L,2025-12-22,5.0122362705826955,136.43094157443716,1.7674702926311943
PRU.L/ABDN.L,2025-12-23,5.016329359916765,137.0985387838856,1.7301933155212286
PRU.L/ABDN.L,2025-12-24,5.020145183921849,127.30347163592819,1.4416977716973651
PRU.L/ABDN.L,2025-12-29,5.0236163076716025,115.57307358705725,1.1282855270515975
PRU.L/ABDN.L,2025-12-30,5.026904098309342,108.33162770360718,0.9248661336160967
PRU.L/ABDN.L,2025-12-31,5.030227055109542,110.70273868729873,0.9539116204986458
PRU.L/ABDN.L,2026-01-02,5.033599357124671,111.4530169867503,0.9409403085103284
PRU.L/ABDN.L,2026-01-05,5.037002188440968,110.08049666612828,0.877912983328573
PRU.L/ABDN.L,2026-01-06,5.041551384483256,149.28820576398448,1.7661667511036607
PRU.L/ABDN.L,2026-01-07,5.04475151852138,105.031600192405,0.668022830109001
PRU.L/ABDN.L,2026-01-08,5.048073128980202,109.91593632356398,0.765668775816294
PRU.L/ABDN.L,2026-01-09,5.051142536576178,101.20060207139932,0.5189199213422148
PRU.L/ABDN.L,2026-01-12,5.05383757041323,87.95227972092243,0.12449200917758328
PRU.L/ABDN.L,2026-01-13,5.057038507286361,105.44136384356102,0.5985392669500187
PRU.L/ABDN.L,2026-01-14,5.060673533968282,119.70971404657416,1.0088926890373018
PRU.L/ABDN.L,2026-01-15,5.062209966747157,49.51421835618248,-1.225120171362625
PRU.L/ABDN.L,2026-01-16,5.063519273579686,42.67292819159388,-1.5130110567268575
PRU.L/ABDN.L,2026-01-19,5.066349805922653,90.987496349622,0.05576990586669436
PRU.L/ABDN.L,2026-01-20,5.068728087219656,78.17170793696778,-0.43032558093540313
PRU.L/ABDN.L,2026-01-21,5.070585021115898,61.057312605330935,-1.116282018023917
PRU.L/ABDN.L,2026-01-22,5.072071634514373,49.01200018052009,-1.6037153540533402
PRU.L/ABDN.L,2026-01-23,5.073525946386777,49.00414478838502,-1.6188555265985052
PRU.L/ABDN.L,2026-01-26,5.075278072341712,58.01977149864206,-1.2868547666203545
PRU.L/ABDN.L,2026-01-27,5.077341762443521,67.4919679242364,-0.932811693423164
PRU.L/ABDN.L,2026-01-28,5.080054726244925,87.93939102605236,-0.16014093649629174
PRU.L/ABDN.L,2026-01-29,5.0827090912727595,86.39141181637797,-0.23886783528179847
PRU.L/ABDN.L,2026-01-30,5.085759315915491,99.30634047971762,0.25483189145412594
PRU.L/ABDN.L,2026-02-02,5.088385012994105,84.98014306338814,-0.32844790912270067
PRU.L/ABDN.L,2026-02-03,5.091818932078294,111.4510785697455,0.7228790262147128
PRU.L/ABDN.L,2026-02-04,5.094935855608331,101.18183337725122,0.29402169314405086
PRU.L/ABDN.L,2026-02-05,5.097242141372314,76.98686911774848,-0.6861837675164276
PRU.L/ABDN.L,2026-02-06,5.099598865515866,78.40089452647499,-0.6257262387201271
PRU.L/ABDN.L,2026-02-09,5.1016279628927625,67.14609705335579,-1.0591258930602385
PRU.L/ABDN.L,2026-02-10,5.103195089410831,52.84559652131952,-1.5940847260703521
PRU.L/ABDN.L,2026-02-11,5.106292581388385,106.96692703570261,0.5204042220738739
PRU.L/ABDN.L,2026-02-12,5.106473458629508,9.575379688504427,-3.016567846001038
PRU.L/ABDN.L,2026-02-13,5.106182211322381,-5.901627020342858,-3.209658753031604
PRU.L/ABDN.L,2026-02-16,5.106222713108693,4.962430765123827,-2.6479801704700527
PRU.L/ABDN.L,2026-02-17,5.106534455274617,13.748586399599162,-2.2444972921294353
PRU.L/ABDN.L,2026-02-18,5.107102376190577,21.831994069334996,-1.910388254970754
PRU.L/ABDN.L,2026-02-19,5.107744055074868,24.467392513865207,-1.765522346191265
PRU.L/ABDN.L,2026-02-20,5.108534924484137,28.999863945721472,-1.5818540374410854
PRU.L/ABDN.L,2026-02-23,5.109119635096305,22.56733282367054,-1.6953758592145145
PRU.L/ABDN.L,2026-02-24,5.109424794196288,13.546803578621848,-1.8560071536232154
PRU.L/ABDN.L,2026-02-25,5.110078278227827,24.55935809346579,-1.5224367402272025
PRU.L/ABDN.L,2026-02-26,5.111281454466449,42.44699430423657,-1.0351796030468905
PRU.L/ABDN.L,2026-02-27,5.111622185654284,14.441835606108953,-1.6771043039845774
PRU.L/ABDN.L,2026-03-02,5.110911909434168,-18.655832338443815,-2.3336844122498825
PRU.L/ABDN.L,2026-03-03,5.112602238990316,63.03486012822293,-0.39184648842991643
PRU.L/ABDN.L,2026-03-04,5.113294315524127,26.682856367979866,-1.2080876181823759
PRU.L/ABDN.L,2026-03-05,5.11440476976817,41.46309556742517,-0.8338921345153075
PRU.L/ABDN.L,2026-03-06,5.114469757532806,5.845168407089659,-1.5995163951865567
PRU.L/ABDN.L,2026-03-09,5.1156451038059085,44.866113023913044,-0.6782939381207115
PRU.L/ABDN.L,2026-03-10,5.116730291713511,40.23435624883632,-0.7590321531406259
PRU.L/ABDN.L,2026-03-11,5.118193411874859,53.82253528473666,-0.4286254740379224
PRU.L/ABDN.L,2026-03-12,5.11943761138467,46.87525271183813,-0.5639501187475944
PRU.L/ABDN.L,2026-03-13,5.120260830630296,32.02377003275615,-0.881502575988496
PRU.L/ABDN.L,2026-03-16,5.121313356278581,39.54648819353065,-0.6786339467695454
PRU.L/ABDN.L,2026-03-17,5.1222153311414305,34.12268020202873,-0.7798941683836584
PRU.L/ABDN.L,2026-03-18,5.12242122006879,10.609061652187847,-1.3065145244099892
PRU.L/ABDN.L,2026-03-19,5.124627125958893,84.12637673616928,0.5089238121219819
PRU.L/ABDN.L,2026-03-20,5.127002614435739,91.51053797672205,0.7292173928979165
PRU.L/ABDN.L,2026-03-23,5.129407770029137,92.5551303977669,0.7849029750437283
PRU.L/ABDN.L,2026-03-24,5.1320155024838945,100.7571384920268,1.0120036915820692
PRU.L/ABDN.L,2026-03-25,5.134789768445441,104.68418804695955,1.118384772799269
PRU.L/ABDN.L,2026-03-26,5.137177278292146,92.41124393521659,0.8117355437496548
PRU.L/ABDN.L,2026-03-27,5.139067907006273,74.15436377445212,0.3506737292379827
PRU.L/ABDN.L,2026-03-30,5.141056583089877,78.56181246701874,0.489183737910761
PRU.L/ABDN.L,2026-03-31,5.1426485408123614,62.11694756642419,0.08662851282707996
PRU.L/ABDN.L,2026-04-01,5.14438154294528,64.59818968388174,0.17955817355839443
PRU.L/ABDN.L,2026-04-02,5.14639740558147,75.63396733968318,0.5256663494313045
PRU.L/ABDN.L,2026-04-07,5.1488574482601805,93.57520143978638,1.0643349263513395
PRU.L/ABDN.L,2026-04-08,5.150850130927424,72.15722064991292,0.4387525828560094
PRU.L/ABDN.L,2026-04-09,5.153491886341344,96.18425370784439,1.167441975771721
PRU.L/ABDN.L,2026-04-10,5.155590918883491,76.47518274908452,0.6142763890509187
PRU.L/ABDN.L,2026-04-13,5.15759444687495,72.99518147769436,0.49391262195128155
PRU.L/ABDN.L,2026-04-14,5.159614825420585,72.66064985769844,0.4680961744189624
PRU.L/ABDN.L,2026-04-15,5.161406933475927,64.69990308268075,0.23837048532018032
PRU.L/ABDN.L,2026-04-16,5.1634408491400325,73.5755401083643,0.5174075015989704
PRU.L/ABDN.L,2026-04-17,5.164706086362218,45.56141608049734,-0.34636663872208034
PRU.L/ABDN.L,2026-04-20,5.165826803832221,41.17206455359201,-0.47811901471240004
PRU.L/ABDN.L,2026-04-21,5.1668358410107995,37.06446299708659,-0.5979456161464772
PRU.L/ABDN.L,2026-04-22,5.167502429601918,25.42567460210762,-0.9345545168120352
PRU.L/ABDN.L,2026-04-23,5.168649010780932,41.74897023266681,-0.4193619267494884
PRU.L/ABDN.L,2026-04-24,5.170327999678911,60.588448468289016,0.17506700880446732
PRU.L/ABDN.L,2026-04-27,5.1711724198988485,31.78751433114917,-0.6921349744053915
PRU.L/ABDN.L,2026-04-28,5.171921225351377,28.57931032592637,-0.7646679807671056
PRU.L/ABDN.L,2026-04-29,5.172639119401354,27.840302092852426,-0.7609049124488125
PRU.L/ABDN.L,2026-04-30,5.173174731776276,21.677948993024074,-0.9305806199460462
PRU.L/ABDN.L,2026-05-01,5.173825407556283,25.594107304898216,-0.7772575582112305
PRU.L/ABDN.L,2026-05-05,5.174515810746869,26.93319284550239,-0.7076416510751907
PRU.L/ABDN.L,2026-05-06,5.176690717982244,74.85272790833142,0.8824035771627605
PRU.L/ABDN.L,2026-05-07,5.177910604894031,43.063618755305924,-0.1591795805498354
PRU.L/ABDN.L,2026-05-08,5.177767881545131,-0.913962909059137,-1.5593128843976491
PRU.L/ABDN.L,2026-05-11,5.177161868795052,-15.413287470074238,-1.9645409084774332
PRU.L/ABDN.L,2026-05-12,5.1765901563483965,-14.653482597980883,-1.8881837234282535
PRU.L/ABDN.L,2026-05-13,5.176357464317391,-3.699350950654434,-1.542641987225052
PRU.L/ABDN.L,2026-05-14,5.176190312897496,-1.5823994410473006,-1.4643714834450738
PRU.L/ABDN.L,2026-05-15,5.1729164120461775,-93.8282014038316,-3.79624607664315
PRU.L/ABDN.L,2026-05-18,5.17017249106668,-79.20411795944824,-3.068278469294888
PRU.L/ABDN.L,2026-05-19,5.167337819817477,-82.40537398447827,-2.8786834481925014
PRU.L/ABDN.L,2026-05-20,5.164313659397548,-86.48122906360004,-2.735530891368255
PRU.L/ABDN.L,2026-05-21,5.16073252251627,-102.071951573678,-2.821064671130747
PRU.L/ABDN.L,2026-05-22,5.155676655546763,-142.68210839630365,-3.2609947427207833
PRU.L/ABDN.L,2026-05-26,5.150427139967148,-148.4448778299054,-3.0397623384375114
PRU.L/ABDN.L,2026-05-27,5.144581671073221,-165.61241260383053,-3.0085868402068905
PRU.L/ABDN.L,2026-05-28,5.1383824012729535,-177.79821900381285,-2.9111955275303405
PRU.L/ABDN.L,2026-05-29,5.131322989990645,-201.81902570278726,-2.970029084224263
PRU.L/ABDN.L,2026-06-01,5.124859976667605,-188.19637785042278,-2.5777487670493286
PRU.L/ABDN.L,2026-06-02,5.118323583583291,-188.45370190285098,-2.4062280807018834
PRU.L/ABDN.L,2026-06-03,5.112691506115277,-167.69368921552223,-2.040318716462511
PRU.L/ABDN.L,2026-06-04,5.104140867359784,-255.02666400613157,-2.791454851298456
PRU.L/ABDN.L,2026-06-05,5.095370154338828,-264.8861325547314,-2.6665289610885092
PRU.L/ABDN.L,2026-06-08,5.087204298497375,-249.1498825560202,-2.3431619189405377
PRU.L/ABDN.L,2026-06-09,5.078757134513385,-263.02570572000354,-2.3174054850488526
PRU.L/ABDN.L,2026-06-10,5.069917841726464,-271.04845356240116,-2.24394849933846
PRU.L/ABDN.L,2026-06-11,5.061866019507686,-246.76138832405036,-1.9274381241357847
PRU.L/ABDN.L,2026-06-12,5.053767982666012,-242.55365064655803,-1.8029404498092285
PRU.L/ABDN.L,2026-06-15,5.047547024901408,-190.00997851827833,-1.3179935283366033
PRU.L/ABDN.L,2026-06-16,5.041789178055234,-177.55707634241116,-1.1769465042651486
PRU.L/ABDN.L,2026-06-17,5.035888529881706,-180.7413527695462,-1.1622876946558243
PRU.L/ABDN.L,2026-06-18,5.030791073041681,-158.905425618673,-0.9535888377166692
PRU.L/ABDN.L,2026-06-19,5.025340820525515,-169.17706499000042,-1.0028122273611637
PRU.L/ABDN.L,2026-06-22,5.019686673097749,-173.90243719670866,-1.0074284089182028
PRU.L/ABDN.L,2026-06-23,5.014535281735657,-160.14991512166398,-0.8660705256243032
PRU.L/ABDN.L,2026-06-24,5.009292486183506,-164.7063615667389,-0.8735026141719634
PRU.L/ABDN.L,2026-06-25,5.003019470569408,-190.96585805825453,-1.0541863906805349
PRU.L/ABDN.L,2026-06-26,4.997450165769255,-172.6444775150028,-0.8732481492060922
PRU.L/ABDN.L,2026-06-29,4.9918727930473255,-174.03940026659552,-0.8553168285963121
PRU.L/ABDN.L,2026-06-30,4.985892680547116,-184.3832292244283,-0.9103935972096661
PRU.L/ABDN.L,2026-07-01,4.979223375119469,-197.56720819161,-0.9877789583236266
PRU.L/ABDN.L,2026-07-02,4.9712240666616285,-233.42697435640184,-1.249268172670727
PRU.L/ABDN.L,2026-07-03,4.96230211615841,-256.4770032632507,-1.3952713424047654
PRU.L/ABDN.L,2026-07-06,4.953483752737818,-251.5756528648219,-1.3140050486080699
PRU.L/ABDN.L,2026-07-07,4.9460945706125585,-218.12259485300592,-0.9988717260239489
PRU.L/ABDN.L,2026-07-08,4.940048921393632,-183.5388627618156,-0.6764808625442084
PRU.L/ABDN.L,2026-07-09,4.933599431885272,-194.28153282171593,-0.7433816802548798
PRU.L/ABDN.L,2026-07-10,4.927806494933986,-174.89199197003063,-0.5465314153240175
PRU.L/ABDN.L,2026-07-13,4.92220657115647,-168.41397568443517,-0.4625332897447828
PRU.L/ABDN.L,2026-07-14,4.916334474102463,-174.09965546537387,-0.48996415635733764
PRU.L/ABDN.L,2026-07-15,4.910507013092179,-172.5556551479981,-0.4504315052733617
PRU.L/ABDN.L,2026-07-16,4.904208546855277,-187.4973717530802,-0.5680793407985804
PRU.L/ABDN.L,2026-07-17,4.898158772064894,-182.23486403300103,-0.4917337669070567
PRU.L/ABDN.L,2026-07-20,4.89293717912016,-159.29714237581516,-0.23680761303117856
PRU.L/ABDN.L,2026-07-21,4.888609532582588,-132.38814969751752,0.0727684501704779
PRU.L/ABDN.L,2026-07-22,4.8847799811734545,-115.64705799310104,0.2834617452334966
PRU.L/ABDN.L,2026-07-23,4.881198109639366,-109.66611715954286,0.38453184500019105
PRU.L/ABDN.L,2026-07-24,4.877388517983313,-115.28819590182047,0.35958131941471355
PRU.L/ABDN.L,2026-07-27,4.873271981611226,-124.66285260415384,0.28882068295910857
PRU.L/ABDN.L,2026-07-28,4.868884903035634,-133.648343036989,0.2216066680836624
PRU.L/ABDN.L,2026-07-29,4.866892701042659,-61.58084351125808,1.1707185509114306
PRU.L/ABDN.L,2026-07-30,4.86590113889312,-28.685697197450054,1.703184764525732
PRU.L/ABDN.L,2026-07-31,4.864122461187147,-54.06666066545131,1.4489668208967503
PRU.L/ABDN.L,2026-08-03,4.861410978512499,-82.76965358060716,1.0974147033692512
PRU.L/ABDN.L,2026-08-04,4.8571816007684,-127.77978105614648,0.48313755759519816
PRU.L/ABDN.L,2026-08-05,4.850290908573054,-208.64606964701602,-0.724343950943313
PRU.L/ABDN.L,2026-08-06,4.844038027415524,-191.4967139001635,-0.42720083152798705
PRU.L/ABDN.L,2026-08-07,4.838224102166416,-177.37264227042942,-0.15239267651529326
PRU.L/ABDN.L,2026-08-10,4.83282306705863,-166.41318833850914,0.06667667122352466
PRU.L/ABDN.L,2026-08-11,4.8267048705027875,-190.0548700014126,-0.33773767607916577
PRU.L/ABDN.L,2026-08-12,4.820345679240854,-196.68092313491184,-0.4355574959010924
PRU.L/ABDN.L,2026-08-13,4.81547401745198,-154.67692262836613,0.3957337428312791
PRU.L/ABDN.L,2026-08-14,4.810538752454889,-155.59736701466886,0.40169123047839794
PRU.L/ABDN.L,2026-08-17,4.806055352244161,-141.65320950838054,0.677664034426808
PRU.L/ABDN.L,2026-08-18,4.801870369413685,-132.90702227320025,0.8428503333608243
PRU.L/ABDN.L,2026-08-19,4.797388435423665,-142.85645426107567,0.6368259324455616
PRU.L/ABDN.L,2026-08-20,4.792969970910271,-142.23727151280173,0.6351422884689495
PRU.L/ABDN.L,2026-08-21,4.788745284345748,-134.79880031730113,0.7572714005675778
PRU.L/ABDN.L,2026-08-24,4.784442875052508,-135.52259467446652,0.7231617765424821
PRU.L/ABDN.L,2026-08-25,4.779848738638893,-144.75884636895694,0.5280498547570541
PRU.L/ABDN.L,2026-08-26,4.7749678826169974,-152.42454194216862,0.3734499891264079
PRU.L/ABDN.L,2026-08-27,4.769085681790329,-183.63071609031,-0.2623000066398436
PRU.L/ABDN.L,2026-08-28,4.763191526508,-183.36746462108567,-0.2929205251093702
PRU.L/ABDN.L,2026-09-01,4.758025881540321,-165.3053912703474,0.04998338480026054
PRU.L/ABDN.L,2026-09-02,4.753288545126111,-152.58905410237844,0.2883063959119316
PRU.L/ABDN.L,2026-09-03,4.748773592362257,-142.1375512720333,0.4905740223372968
PRU.L/ABDN.L,2026-09-04,4.743574195890612,-163.48455239062173,-0.0276241312550367
PRU.L/ABDN.L,2026-09-07,4.738637756782118,-156.11631764119647,0.11518300607984763
PRU.L/ABDN.L,2026-09-08,4.733709915933836,-156.65699714389643,0.08897880762754279
PRU.L/ABDN.L,2026-09-09,4.728118371714621,-177.69907442577414,-0.42320513801838017
PRU.L/ABDN.L,2026-09-10,4.7218985468767904,-197.64146877089001,-0.8974503928323522
PRU.L/ABDN.L,2026-09-11,4.7158983674768296,-191.68597262300068,-0.7364824956427081
PRU.L/ABDN.L,2026-09-14,4.710121973678214,-185.65812968496584,-0.582986631775648
PRU.L/ABDN.L,2026-09-15,4.70524542902338,-160.1641606016658,0.024644885065169528
PRU.L/ABDN.L,2026-09-16,4.700901399089628,-143.45560031622654,0.4194572567095469
PRU.L/ABDN.L,2026-09-17,4.69640308073067,-146.48669454072274,0.3390052775799589
PRU.L/ABDN.L,2026-09-18,4.691740737869578,-154.14110942966386,0.14111298361649885
PRU.L/ABDN.L,2026-09-21,4.686179571462908,-179.14910812406833,-0.4589052774715065
PRU.L/ABDN.L,2026-09-22,4.679991733514108,-199.42990189292527,-0.9311849845856026
PRU.L/ABDN.L,2026-10-05,4.673635653818275,-210.1504024881035,-1.1668788190194475
PRU.L/ABDN.L,2026-10-06,4.668092946773204,-185.87250478152578,-0.5977260091795165
PRU.L/ABDN.L,2026-10-07,4.661885516056565,-211.74593650976772,-1.2382169568746566
PRU.L/ABDN.L,2026-10-08,4.655493157002066,-215.75190262355227,-1.3944213882603427
PRU.L/ABDN.L,2026-10-09,4.648479781209562,-231.18056241986096,-1.81897944782209
NG.L/SVT.L,2018-01-02,0.40272266477936247,0.43922689871953935,
NG.L/SVT.L,2018-01-03,0.40207786591525546,-0.9482225858811262,
NG.L/SVT.L,2018-01-04,0.40310702895081507,4.559611544954009,
NG.L/SVT.L,2018-01-05,0.40373016312041243,3.961969030451428,
NG.L/SVT.L,2018-01-08,0.4040922645057873,3.0288028530259226,
NG.L/SVT.L,2018-01-09,0.40558398886496555,13.498978802563443,
NG.L/SVT.L,2018-01-10,0.40617638319859195,6.202139996660549,
NG.L/SVT.L,2018-01-11,0.40751935063804956,14.60825983918619,
NG.L/SVT.L,2018-01-12,0.4090462302936123,17.57984225611858,
NG.L/SVT.L,2018-01-15,0.40995691736755585,10.959575957438005,
NG.L/SVT.L,2018-01-16,0.41011543032706455,2.278159256832396,
NG.L/SVT.L,2018-01-17,0.41106137819052857,11.961810617643891,
NG.L/SVT.L,2018-01-18,0.41099317960374626,-0.43772444567321145,
NG.L/SVT.L,2018-01-19,0.41084355925018645,-1.4641009028216558,
NG.L/SVT.L,2018-01-22,0.4106015866240468,-2.647680585224748,
NG.L/SVT.L,2018-01-23,0.41022170529923574,-4.446520948929788,
NG.L/SVT.L,2018-01-24,0.4093732669440014,-10.556888609998282,
NG.L/SVT.L,2018-01-25,0.4074877389242905,-23.76817995981321,
NG.L/SVT.L,2018-01-26,0.40662441706332375,-10.686334304691968,
NG.L/SVT.L,2018-01-29,0.4067847981413737,2.5126210517172467,
NG.L/SVT.L,2018-01-30,0.40694818082433853,2.55473288042856,
NG.L/SVT.L,2018-01-31,0.40753610644048616,8.139682078266674,
NG.L/SVT.L,2018-02-01,0.4087202845901359,16.27530286613535,
NG.L/SVT.L,2018-02-02,0.40937122357654865,9.0659229228487,
NG.L/SVT.L,2018-02-05,0.40990081499947206,7.497912863642455,
NG.L/SVT.L,2018-02-06,0.410126061901837,3.517868721312766,
NG.L/SVT.L,2018-02-07,0.41020921556531936,1.5072918592079532,
NG.L/SVT.L,2018-02-08,0.4103233256969879,1.9289005371689427,
NG.L/SVT.L,2018-02-09,0.41043531959382556,1.9145512808777312,
NG.L/SVT.L,2018-02-12,0.4114109059273006,13.690001290283135,
NG.L/SVT.L,2018-02-13,0.41307172407437975,23.584744194491464,
NG.L/SVT.L,2018-02-14,0.4149297303627628,25.89923537022571,
NG.L/SVT.L,2018-02-15,0.41708454596740785,30.119172210808642,
NG.L/SVT.L,2018-02-16,0.4186639420155671,21.503131729878874,
NG.L/SVT.L,2018-02-19,0.4205549308711522,25.884870655654936,
NG.L/SVT.L,2018-02-20,0.42236339099879644,24.655331376019262,
NG.L/SVT.L,2018-02-21,0.4238009516697033,19.54294142603385,
NG.L/SVT.L,2018-02-22,0.4254957682574679,22.93729366793241,
NG.L/SVT.L,2018-02-23,0.4258906497418683,5.471982295099451,
NG.L/SVT.L,2018-02-26,0.4263575469494485,6.371342948338565,
NG.L/SVT.L,2018-02-27,0.4267887812849405,6.012419464368804,
NG.L/SVT.L,2018-02-28,0.42749343219144487,9.842950709967795,
NG.L/SVT.L,2018-03-01,0.427882801639361,5.546212547865252,
NG.L/SVT.L,2018-03-02,0.42798989948953914,1.8191304718918673,
NG.L/SVT.L,2018-03-05,0.428403315228353,5.803950235786942,
NG.L/SVT.L,2018-03-06,0.4293491464608902,12.762485284251625,
NG.L/SVT.L,2018-03-07,0.4307754942296949,18.717058326406914,
NG.L/SVT.L,2018-03-08,0.4320868239002634,17.05215371374004,
NG.L/SVT.L,2018-03-09,0.4316633557621882,-4.897797766615099,
NG.L/SVT.L,2018-03-12,0.43152684087705595,-1.3250649503252134,
NG.L/SVT.L,2018-03-13,0.4315015781975066,0.08127476739559825,
NG.L/SVT.L,2018-03-14,0.4318738325694557,5.247025562251565,
NG.L/SVT.L,2018-03-15,0.4322936926773275,5.940422159703644,
NG.L/SVT.L,2018-03-16,0.4331370637280606,11.44348503127685,
NG.L/SVT.L,2018-03-19,0.4337517026090751,8.582701159440717,
NG.L/SVT.L,2018-03-20,0.43453292517558323,10.869878006797876,
NG.L/SVT.L,2018-03-21,0.4351567365544061,8.719177200362992,
NG.L/SVT.L,2018-03-22,0.43592548028370404,10.689927890962167,
NG.L/SVT.L,2018-03-23,0.43667012369811004,10.355874717050938,
NG.L/SVT.L,2018-03-26,0.4370308046548786,5.182808654907262,-0.24829020699596385
NG.L/SVT.L,2018-03-27,0.4371252635106378,1.6335921697904041,-0.6128868989991808
NG.L/SVT.L,2018-03-28,0.43689011366459346,-2.4732889458565523,-1.0268483332636311
NG.L/SVT.L,2018-03-29,0.4365942888654676,-3.2756438868636906,-1.084970814772242
NG.L/SVT.L,2018-04-03,0.43660697408134547,0.5692506106036035,-0.6894340924754458
NG.L/SVT.L,2018-04-04,0.43630172213353924,-3.4448548002144435,-1.0731872102500042
NG.L/SVT.L,2018-04-05,0.4371700052280123,11.378079029978721,0.40904371654803967
NG.L/SVT.L,2018-04-06,0.43714280435341013,0.06653922916268584,-0.7076584365815713
NG.L/SVT.L,2018-04-09,0.43744339488902323,4.187198708973142,-0.28164122023458593
NG.L/SVT.L,2018-04-10,0.43829958378597966,11.4932359352282,0.4617723311355372
NG.L/SVT.L,2018-04-11,0.4393615480387153,14.209086212172338,0.727407454446008
NG.L/SVT.L,2018-04-12,0.440102729122984,10.0551838575293,0.29792174346669664
NG.L/SVT.L,2018-04-13,0.440463181557173,5.058520152710685,-0.19281374404334037
NG.L/SVT.L,2018-04-16,0.44030174463695687,-1.6881602202066688,-0.8681688339194451
NG.L/SVT.L,2018-04-17,0.44041152723394716,1.8322148458441916,-0.522031272295975
NG.L/SVT.L,2018-04-18,0.4408742987194282,6.412665607147801,-0.07594777562122543
NG.L/SVT.L,2018-04-19,0.4398279624615898,-13.08245073642047,-1.9962118216337608
NG.L/SVT.L,2018-04-20,0.4387815874880987,-13.033408066743505,-1.9719570203670247
NG.L/SVT.L,2018-04-23,0.4374125954304825,-17.429018850965804,-2.488412544903582
NG.L/SVT.L,2018-04-24,0.4363171240582851,-13.797623341156168,-2.0926149377194743
NG.L/SVT.L,2018-04-25,0.4356039004047002,-8.838926178191628,-1.5453280216585463
NG.L/SVT.L,2018-04-26,0.4346919196135035,-11.078995090015724,-1.7022430949024647
NG.L/SVT.L,2018-04-27,0.43390721587568887,-9.368912031261175,-1.4810786251591086
NG.L/SVT.L,2018-04-30,0.43391963731247957,0.5654833543777613,-0.521291098381062
NG.L/SVT.L,2018-05-01,0.4326841867170066,-14.984354168885147,-1.898538863178876
NG.L/SVT.L,2018-05-02,0.4309842615957044,-20.770405979298516,-2.278616113087853
NG.L/SVT.L,2018-05-03,0.42952606095812434,-17.912150851277374,-1.9314552739371023
NG.L/SVT.L,2018-05-04,0.42880627709866925,-8.72856057220406,-1.1252796013106752
NG.L/SVT.L,2018-05-08,0.42776997466910305,-12.851689033986645,-1.426137956494402
NG.L/SVT.L,2018-05-09,0.42663608746976567,-14.043272709415305,-1.4747116731591192
NG.L/SVT.L,2018-05-10,0.42536973721876337,-15.718795962340778,-1.5461136321843507
NG.L/SVT.L,2018-05-11,0.42568980570471493,4.5901733630482795,0.10205515461874615
NG.L/SVT.L,2018-05-14,0.4263806076633838,9.437475867500893,0.5345001754132335
NG.L/SVT.L,2018-05-15,0.42628395034451716,-0.8571991942172872,-0.29903606758151546
NG.L/SVT.L,2018-05-16,0.42560134806857614,-8.455117358027678,-0.9379254560449813
NG.L/SVT.L,2018-05-17,0.42561034651804347,0.521286503247552,-0.10278452471659531
NG.L/SVT.L,2018-05-18,0.4268067077597842,15.604151429608464,1.3473068739662393
NG.L/SVT.L,2018-05-21,0.42776405055866124,12.525932745611044,1.0821592257542347
NG.L/SVT.L,2018-05-22,0.42806577145599256,4.218629196702182,0.3193597776019969
NG.L/SVT.L,2018-05-23,0.42771377888721057,-4.0246811603458355,-0.4945264404124486
NG.L/SVT.L,2018-05-24,0.42834588032333426,8.59433254560986,0.7699190565189936
NG.L/SVT.L,2018-05-25,0.42731159382121214,-12.628001215658173,-1.3126395923733
NG.L/SVT.L,2018-05-29,0.4289170497301067,21.669311539244063,2.0087019117201628
NG.L/SVT.L,2018-05-30,0.4299289443793395,13.71782901250117,1.2162011901983505
NG.L/SVT.L,2018-05-31,0.4284571166846877,-18.989197754574093,-1.8123876746379493
NG.L/SVT.L,2018-06-01,0.42693598004635347,-19.57988098313865,-1.7807942551339042
NG.L/SVT.L,2018-06-04,0.42532600935552173,-20.29375163312295,-1.766231189237878
NG.L/SVT.L,2018-06-05,0.4246237153178852,-8.883115318539467,-0.7287167270123888
NG.L/SVT.L,2018-06-06,0.4242711548645396,-4.265636757274706,-0.284911446774406
NG.L/SVT.L,2018-06-07,0.4240607463308241,-2.354794286187712,-0.11205314102875513
NG.L/SVT.L,2018-06-08,0.42448918258228213,6.08650365936785,0.6561627787718729
NG.L/SVT.L,2018-06-11,0.42570678336589163,16.641595213761434,1.5706541110084362
NG.L/SVT.L,2018-06-12,0.42671827782414695,13.733497903447642,1.2799994908834673
NG.L/SVT.L,2018-06-13,0.4271855194540055,6.524500949379444,0.6352145276816137
NG.L/SVT.L,2018-06-14,0.4291675761037851,26.992701602245347,2.343515558666326
NG.L/SVT.L,2018-06-15,0.43068725816874015,20.790554360415626,1.7548095743371899
NG.L/SVT.L,2018-06-18,0.4322506111482868,21.251237313916818,1.7444989970306126
NG.L/SVT.L,2018-06-19,0.4334345570523284,16.045443762517266,1.2930213358941707
NG.L/SVT.L,2018-06-20,0.433890597649997,6.3043967157003635,0.5080308929661568
NG.L/SVT.L,2018-06-21,0.4342969575967311,5.722963630124468,0.46878030339653504
NG.L/SVT.L,2018-06-22,0.4339582887493946,-3.9075776373226745,-0.3096257665667285
NG.L/SVT.L,2018-06-25,0.4334781302845488,-5.739958481295048,-0.4493664982205278
NG.L/SVT.L,2018-06-26,0.4327159564134413,-9.298378098595208,-0.7287698650458159
NG.L/SVT.L,2018-06-27,0.43223718811606127,-5.712661771930243,-0.43210695870542676
NG.L/SVT.L,2018-06-28,0.43105182534373454,-14.554705001626303,-1.1206236869211674
NG.L/SVT.L,2018-06-29,0.4299876448046924,-13.099633572333346,-0.9823717565861502
NG.L/SVT.L,2018-07-02,0.42940309667625626,-7.061614412403628,-0.4773839960562361
NG.L/SVT.L,2018-07-03,0.42875050356216365,-7.784418700204469,-0.5238752269737077
NG.L/SVT.L,2018-07-04,0.42787437343965945,-10.645142535458263,-0.7317759817927868
NG.L/SVT.L,2018-07-05,0.4273219402257488,-6.597669048713669,-0.38637278894826327
NG.L/SVT.L,2018-07-06,0.42677273286546735,-6.445026452929255,-0.3509650990958634
NG.L/SVT.L,2018-07-09,0.42758175749603355,10.920506347244327,1.0688948788700612
NG.L/SVT.L,2018-07-10,0.4292500415946635,22.881150978654773,1.9607466570363692
NG.L/SVT.L,2018-07-11,0.4310942093742802,25.243198065476804,2.0356051559935433
NG.L/SVT.L,2018-07-12,0.4330982762118279,26.984973701815875,2.0582469963808916
NG.L/SVT.L,2018-07-13,0.4341038873898179,13.567142561276569,1.0543979973673963
NG.L/SVT.L,2018-07-16,0.435198107301276,15.039092289605605,1.1231334485590074
NG.L/SVT.L,2018-07-17,0.43642896607067594,16.73324572196259,1.2039274706993823
NG.L/SVT.L,2018-07-18,0.4374594684143703,14.082742501993494,0.9796282925844595
NG.L/SVT.L,2018-07-19,0.43851753739153737,14.40010876484098,0.9699004378740771
NG.L/SVT.L,2018-07-20,0.4392443786100077,9.896386662290524,0.6194957047711067
NG.L/SVT.L,2018-07-23,0.43935150730200173,1.803966948636912,0.013118372087691422
NG.L/SVT.L,2018-07-24,0.4386532739658882,-8.7671771851127,-0.7654180255408555
NG.L/SVT.L,2018-07-25,0.43813398920513125,-6.397528367286441,-0.5808593753790712
NG.L/SVT.L,2018-07-26,0.4376335919372932,-6.079785424422994,-0.5741195736801299
NG.L/SVT.L,2018-07-27,0.43662543667472437,-12.537918047431162,-1.0781446957006842
NG.L/SVT.L,2018-07-30,0.43489297231662544,-21.96442769412465,-1.7668190444826308
NG.L/SVT.L,2018-07-31,0.4329438301340977,-24.51914636586025,-1.8871503207653901
NG.L/SVT.L,2018-08-01,0.4307541939554656,-28.199791565655232,-2.0744878838422744
NG.L/SVT.L,2018-08-02,0.42986487339919327,-11.29273878665947,-0.8883621526801947
NG.L/SVT.L,2018-08-03,0.42843163992197086,-17.954072504751366,-1.3523542083835616
NG.L/SVT.L,2018-08-06,0.4269278745421787,-18.87043522781289,-1.3674812079899092
NG.L/SVT.L,2018-08-07,0.42491961346341234,-25.01567539318114,-1.714330931206791
NG.L/SVT.L,2018-08-08,0.42276142703491715,-26.805526850365936,-1.7577195514872317
NG.L/SVT.L,2018-08-09,0.42089815883897175,-23.270527254720946,-1.4831004571028348
NG.L/SVT.L,2018-08-10,0.419982309299223,-11.311353124299558,-0.6913441896626715
NG.L/SVT.L,2018-08-13,0.41919297341341993,-9.750595770880068,-0.5669912304376914
NG.L/SVT.L,2018-08-14,0.4179427814570971,-15.50890744641265,-0.91088192567148
NG.L/SVT.L,2018-08-15,0.41713954473042075,-9.875656166272051,-0.5285602005913771
NG.L/SVT.L,2018-08-16,0.41646948276365553,-8.163755861805612,-0.41234149186654934
NG.L/SVT.L,2018-08-17,0.4157825152894904,-8.337220012436433,-0.40630837963483724
NG.L/SVT.L,2018-08-20,0.4155664731536735,-2.3672003026491666,-0.029238898531014253
NG.L/SVT.L,2018-08-21,0.41512939926032755,-5.210533723211938,-0.18953304401488427
NG.L/SVT.L,2018-08-22,0.41466177833567247,-5.673296611701744,-0.20076856605369892
NG.L/SVT.L,2018-08-23,0.41498183779630377,4.61574258451617,0.46934330649918327
NG.L/SVT.L,2018-08-24,0.41565820811174875,9.389804059922767,0.7659743477319518
NG.L/SVT.L,2018-08-28,0.41541434720409515,-2.753511847333698,-0.08536254998367901
NG.L/SVT.L,2018-08-29,0.41469461426897697,-8.917713289223684,-0.5126177919820947
NG.L/SVT.L,2018-08-30,0.41374837231729616,-11.78628282526347,-0.7000196652928546
NG.L/SVT.L,2018-08-31,0.4124877658252652,-15.705558966788885,-0.9478649827567447
NG.L/SVT.L,2018-09-03,0.4122753361489116,-2.3573625923647796,-0.023773092779552744
NG.L/SVT.L,2018-09-04,0.4125733979953199,4.329134839113522,0.4552860421463996
NG.L/SVT.L,2018-09-05,0.4131605012191251,8.204147918779313,0.7356532396429606
NG.L/SVT.L,2018-09-06,0.41337629343450005,3.214879135431488,0.39115361646666774
NG.L/SVT.L,2018-09-07,0.41312115797874255,-2.9034130542771663,-0.003012192654089543
NG.L/SVT.L,2018-09-10,0.41289632169152984,-2.504735856566981,0.055739135126012924
NG.L/SVT.L,2018-09-11,0.4132471145196563,4.988101868264721,0.6529920771855803
NG.L/SVT.L,2018-09-12,0.4134468940061854,3.023168411515144,0.5279755809868899
NG.L/SVT.L,2018-09-13,0.4137838777210742,4.857727737533992,0.67405055328757
NG.L/SVT.L,2018-09-14,0.4145012460865142,9.98442830046713,1.0639465028042612
NG.L/SVT.L,2018-09-17,0.41507581522586906,7.964726850427837,0.8853850124384891
NG.L/SVT.L,2018-09-18,0.41569880723709884,8.613231539775597,0.9106692262063282
NG.L/SVT.L,2018-09-19,0.41604709624395586,5.089977835791387,0.6209905006474808
NG.L/SVT.L,2018-09-20,0.41618541863875186,2.2279026782269966,0.39117863970430544
NG.L/SVT.L,2018-09-21,0.4165004967640504,4.528674933865432,0.5453262263324676
NG.L/SVT.L,2018-09-24,0.4172877075697618,10.954816234879445,1.0054450157035872
NG.L/SVT.L,2018-09-25,0.41756762614737364,4.154571479922311,0.469584843818827
NG.L/SVT.L,2018-09-26,0.4179726047616775,5.810704055952442,0.5783934329735718
NG.L/SVT.L,2018-09-27,0.4188581819289122,12.045499807531655,1.021254982459216
NG.L/SVT.L,2018-09-28,0.4199436495340405,14.513728397474324,1.1699115412159826
NG.L/SVT.L,2018-10-01,0.4208066414954919,11.664686831321546,0.9270040803681951
NG.L/SVT.L,2018-10-02,0.4213411458220426,7.308284691447966,0.6074345080077161
NG.L/SVT.L,2018-10-03,0.4227934931916371,19.372859783899003,1.5293934668586038
NG.L/SVT.L,2018-10-04,0.42435045950086586,21.441150162400618,1.7060235790309057
NG.L/SVT.L,2018-10-05,0.425463015042947,15.051094098099838,1.2665812112264885
NG.L/SVT.L,2018-10-08,0.42611261130726624,8.881112119139402,0.7936240100593354
NG.L/SVT.L,2018-10-09,0.4262323893263097,1.9587087761962039,0.2682657231496338
NG.L/SVT.L,2018-10-10,0.42668154613319753,6.102099473122848,0.6232181658462025
NG.L/SVT.L,2018-10-11,0.4272789702121228,8.141394509467887,0.8036948572409253
NG.L/SVT.L,2018-10-12,0.42787637335640355,8.277418452749203,0.830782393851232
NG.L/SVT.L,2018-10-15,0.4285950001583046,9.759287598272977,0.9536380618026601
NG.L/SVT.L,2018-10-16,0.4304109939742884,24.020456811634403,2.0277427606196095
NG.L/SVT.L,2018-10-17,0.4317322086077249,17.538836620330244,1.4530746310507046
NG.L/SVT.L,2018-10-18,0.4325798503461672,11.277358642602508,0.9326896184181245
NG.L/SVT.L,2018-10-19,0.4333853498391882,10.671171129568052,0.8593905835347165
NG.L/SVT.L,2018-10-22,0.43499219072250545,21.286315224469718,1.6152488972870804
NG.L/SVT.L,2018-10-23,0.4368837413112936,25.177400516494345,1.8438284613193585
NG.L/SVT.L,2018-10-24,0.4387285838969316,24.35435182808999,1.7312251688798177
NG.L/SVT.L,2018-10-25,0.4404434089647276,22.676495113613328,1.5777390272695846
NG.L/SVT.L,2018-10-26,0.44201667065639766,21.09020929872429,1.4009760388692654
NG.L/SVT.L,2018-10-29,0.44325328208603193,16.34872328252925,1.001065589789382
NG.L/SVT.L,2018-10-30,0.44368544057007464,5.88970520454734,0.14255307710745968
NG.L/SVT.L,2018-10-31,0.4438078571006009,2.0001742950299786,-0.2226902520110153
NG.L/SVT.L,2018-11-01,0.4426426116627453,-14.407508299704887,-1.718242256723105
NG.L/SVT.L,2018-11-02,0.44180172159242137,-10.44228686688075,-1.4381838830713038
NG.L/SVT.L,2018-11-05,0.4410655695078466,-8.971905578789801,-1.311845121495696
NG.L/SVT.L,2018-11-06,0.4403818560439101,-8.344594750704005,-1.259069375360688
NG.L/SVT.L,2018-11-07,0.43918576559819617,-14.732567126973322,-1.8639383319250342
NG.L/SVT.L,2018-11-08,0.43761638249962675,-19.3599875944102,-2.223033829491484
NG.L/SVT.L,2018-11-09,0.43680785752852136,-9.756345176533614,-1.3375206044714127
NG.L/SVT.L,2018-11-12,0.4367945903867964,0.23866387144494183,-0.4435758841210232
NG.L/SVT.L,2018-11-13,0.4373773642249595,8.019997655008638,0.2591313575593275
NG.L/SVT.L,2018-11-14,0.4380255657136974,8.808096424731275,0.31271499886377385
NG.L/SVT.L,2018-11-15,0.44103001496330807,42.191944684875466,3.09139674455504
NG.L/SVT.L,2018-11-16,0.44219450956280204,16.227541203566147,0.8364645667952053
NG.L/SVT.L,2018-11-19,0.4425292616648486,4.835827448213422,-0.13120054818991897
NG.L/SVT.L,2018-11-20,0.4432210385325502,9.358391121052478,0.23955142257515855
NG.L/SVT.L,2018-11-21,0.4435044260007239,4.028834647872827,-0.2406781385350379
NG.L/SVT.L,2018-11-22,0.44241606256710747,-13.673093073565383,-1.7740980379560027
NG.L/SVT.L,2018-11-23,0.43978861627205384,-32.91262585882487,-3.208733074614128
NG.L/SVT.L,2018-11-26,0.4377644395279955,-25.301667570762447,-2.4342081334974903
NG.L/SVT.L,2018-11-27,0.4364805932718535,-15.842181524957596,-1.6357304275446203
NG.L/SVT.L,2018-11-28,0.4354950581206885,-12.211982578040647,-1.31528789565498
NG.L/SVT.L,2018-11-29,0.4365285794028358,14.194491176107476,0.6398754119995197
NG.L/SVT.L,2018-11-30,0.4386775902508768,29.630142132707533,1.70915136963145
NG.L/SVT.L,2018-12-03,0.44066667592157527,27.346360415742765,1.4830432410131873
NG.L/SVT.L,2018-12-04,0.44249931556079863,24.998391978757468,1.2730477183490483
NG.L/SVT.L,2018-12-05,0.4428309349024965,4.748123156209772,-0.15870549938419112
NG.L/SVT.L,2018-12-06,0.4427315788675773,-0.8902205235754082,-0.548858658486694
NG.L/SVT.L,2018-12-07,0.44303182763730103,4.309856176058588,-0.17581556646532756
NG.L/SVT.L,2018-12-10,0.4439425614562596,12.622780910385472,0.4039889742930301
NG.L/SVT.L,2018-12-11,0.44513886016463766,16.202847862311387,0.6447976760878786
NG.L/SVT.L,2018-12-12,0.4449946928434441,-1.4219723776676574,-0.5820457918301123
NG.L/SVT.L,2018-12-13,0.4454604672562789,6.327901642006964,-0.04485280543168316
NG.L/SVT.L,2018-12-14,0.44582848517345575,5.148106679927196,-0.1281769765503559
NG.L/SVT.L,2018-12-17,0.4458669164349968,0.9060645243876024,-0.4131012176779217
NG.L/SVT.L,2018-12-18,0.44223577768194694,-47.925967647174616,-3.3783824467327968
NG.L/SVT.L,2018-12-19,0.44036889039380284,-24.363860267187647,-1.8153038914724413
NG.L/SVT.L,2018-12-20,0.4383624395129954,-25.35085679671181,-1.7885771508928365
NG.L/SVT.L,2018-12-21,0.43598163813430285,-30.25362831207326,-1.9712997548938358
NG.L/SVT.L,2018-12-24,0.43501336886409125,-12.467382810749655,-0.921428838608492
NG.L/SVT.L,2018-12-27,0.4335824595210384,-19.036562219206758,-1.2545750584847986
NG.L/SVT.L,2018-12-28,0.43191083465882507,-21.398534081507705,-1.3379630996207996
NG.L/SVT.L,2018-12-31,0.43052842791611257,-17.731410991154462,-1.0957782216467282
NG.L/SVT.L,2019-01-02,0.42895407359204596,-19.841036242620703,-1.172467908174175
NG.L/SVT.L,2019-01-03,0.42718984757407596,-22.165966572886646,-1.2570877543216088
NG.L/SVT.L,2019-01-04,0.4256499594649015,-19.14909996364827,-1.0622397753553465
NG.L/SVT.L,2019-01-07,0.42500917394970594,-7.92459796239973,-0.4407331079392647
NG.L/SVT.L,2019-01-08,0.42506779009186474,1.1737889232945236,0.058421330320543134
NG.L/SVT.L,2019-01-09,0.42558529698397246,7.175918014212016,0.3851657935711893
NG.L/SVT.L,2019-01-10,0.42643578142681926,11.436878907547111,0.6143421648284092
NG.L/SVT.L,2019-01-11,0.4272432787702281,10.898006409625168,0.6039180014205854
NG.L/SVT.L,2019-01-14,0.4271585613213733,-0.6977866516358517,-0.015568811416758017
NG.L/SVT.L,2019-01-15,0.42747824439766874,4.548008286954541,0.2815432501168341
NG.L/SVT.L,2019-01-16,0.42661498887880633,-10.515745272509207,-0.5347873242926775
NG.L/SVT.L,2019-01-17,0.4246419255233266,-24.33533225491783,-1.2589051753591325
NG.L/SVT.L,2019-01-18,0.42282662813685457,-22.238179964139476,-1.1083822519875437
NG.L/SVT.L,2019-01-21,0.42136089715597713,-18.243925497958116,-0.8565157048289099
NG.L/SVT.L,2019-01-22,0.41994546240533986,-17.598278521499537,-0.7923653486399792
NG.L/SVT.L,2019-01-23,0.4184222594519212,-18.840702904966292,-0.835431884828314
NG.L/SVT.L,2019-01-24,0.4167930544759714,-20.201092025461776,-0.8844441766854522
NG.L/SVT.L,2019-01-25,0.4163462241900326,-5.427942601595191,-0.008884904307133196
NG.L/SVT.L,2019-01-28,0.41586156431687654,-5.959740438446488,-0.03237711072602353
NG.L/SVT.L,2019-01-29,0.4157811426686209,-0.6288005518989621,0.26817984094249253
NG.L/SVT.L,2019-01-30,0.41661903350882123,11.182591088196318,0.9365974547117631
NG.L/SVT.L,2019-01-31,0.41605655443375156,-6.660100258819625,-0.11004472055919647
NG.L/SVT.L,2019-02-01,0.4161312562056415,1.3528965223358682,0.34944947208099447
NG.L/SVT.L,2019-02-04,0.4166014120868044,6.455110555548345,0.6271059428982547
NG.L/SVT.L,2019-02-05,0.4173328072743373,9.696902528169858,0.7894754084856058
NG.L/SVT.L,2019-02-06,0.41753588938859565,2.9897170905146595,0.3840929096984579
NG.L/SVT.L,2019-02-07,0.4180020595978825,6.383766357669629,0.5754482408264223
NG.L/SVT.L,2019-02-08,0.4187789660791915,10.490308093583963,0.8114655897127467
NG.L/SVT.L,2019-02-11,0.4193517030045215,7.806071823242519,0.656362071668588
NG.L/SVT.L,2019-02-12,0.4204459108614013,14.681154772148375,1.14418091316516
NG.L/SVT.L,2019-02-13,0.42145263289868584,13.569653817123253,1.0819521834303942
NG.L/SVT.L,2019-02-14,0.42286377280445847,18.843219838392997,1.373931227189272
NG.L/SVT.L,2019-02-15,0.4241128291801113,16.8469511202793,1.2350203380436722
NG.L/SVT.L,2019-02-18,0.42418742696042794,1.3677919912702237,0.3024573070764373
NG.L/SVT.L,2019-02-19,0.4234626480583289,-8.774870452674804,-0.3168769663831267
NG.L/SVT.L,2019-02-20,0.42277102254476245,-8.365032282661105,-0.32556591258545614
NG.L/SVT.L,2019-02-21,0.4227836467553323,0.5688237816416404,0.2076438024111188
NG.L/SVT.L,2019-02-22,0.4229259550907551,2.2206728235594255,0.2947491354636433
NG.L/SVT.L,2019-02-25,0.42293505085032734,0.5242011544598881,0.17374945299297678
NG.L/SVT.L,2019-02-26,0.42292482016902905,0.2763923351615176,0.17434711892860258
NG.L/SVT.L,2019-02-27,0.42296067149242994,0.8719943604381797,0.2530015910439427
NG.L/SVT.L,2019-02-28,0.4225017424400172,-5.516810711772791,-0.14315494175963417
NG.L/SVT.L,2019-03-01,0.42191404700704993,-7.1446176213141825,-0.22663991734699798
NG.L/SVT.L,2019-03-04,0.42136005991591985,-6.72175883202749,-0.1830865161463283
NG.L/SVT.L,2019-03-05,0.4207196781586598,-7.8060792638852945,-0.252924235937938
NG.L/SVT.L,2019-03-06,0.41989153683156233,-10.228799723143197,-0.4108568405874189
NG.L/SVT.L,2019-03-07,0.41997933561167594,1.5254518087381257,0.456609799582376
NG.L/SVT.L,2019-03-08,0.42084098428536676,11.487004835447692,1.1996962560722362
NG.L/SVT.L,2019-03-11,0.4218430048927595,13.338252407231607,1.2992947237589727
NG.L/SVT.L,2019-03-12,0.4225358631602338,9.260054053639578,0.9964342879309186
NG.L/SVT.L,2019-03-13,0.4234065669300696,11.715142995314295,1.1575304202163987
NG.L/SVT.L,2019-03-14,0.4242240700375642,11.026450590071477,1.0861032087234919
NG.L/SVT.L,2019-03-15,0.42475401099381865,7.238617362065838,0.817976786007673
NG.L/SVT.L,2019-03-18,0.4249987874871087,3.5203473876659928,0.5042650009172349
NG.L/SVT.L,2019-03-19,0.42505920046988815,1.1783830882170605,0.2916274550672354
NG.L/SVT.L,2019-03-20,0.4254334618552905,5.217329647978886,0.5976457574305845
NG.L/SVT.L,2019-03-21,0.42516319690155513,-3.027935761921867,-0.11752228022377263
NG.L/SVT.L,2019-03-22,0.4254937820605496,4.666354635924904,0.51616487997302
NG.L/SVT.L,2019-03-25,0.4265345107258628,14.098441937227449,1.3021769504647087
NG.L/SVT.L,2019-03-26,0.4276582495291072,15.0238227008482,1.3411978710975285
NG.L/SVT.L,2019-03-27,0.4286639103661293,13.548929999421716,1.1787184258459042
NG.L/SVT.L,2019-03-28,0.4284645896888175,-2.228699622534691,-0.27908876238504177
NG.L/SVT.L,2019-03-29,0.42868247047231234,3.3084346538776117,0.20823325803351136
NG.L/SVT.L,2019-04-01,0.4292143910565033,7.553278588026387,0.5932628930201977
NG.L/SVT.L,2019-04-02,0.42946598373706923,3.732641900185854,0.220791779169382
NG.L/SVT.L,2019-04-03,0.42949017434557396,0.7259318205996124,-0.05869762515844026
NG.L/SVT.L,2019-04-04,0.42892296942547814,-6.971361336336258,-0.7750037070566017
NG.L/SVT.L,2019-04-05,0.4278159900544495,-13.911968925206907,-1.3947132647266551
NG.L/SVT.L,2019-04-08,0.42735617928139175,-5.6097940510271656,-0.5879977163482241
NG.L/SVT.L,2019-04-09,0.4277761976319566,5.9774507238863634,0.5186171960006469
NG.L/SVT.L,2019-04-10,0.427224948617354,-6.726675232123171,-0.7063585306945653
NG.L/SVT.L,2019-04-11,0.42639476141502314,-10.380115256126487,-1.1255335858539899
NG.L/SVT.L,2019-04-12,0.42531329105172566,-13.682130103369673,-1.5129355518389531
NG.L/SVT.L,2019-04-15,0.42430498574264447,-12.648477185190245,-1.4401216473822345
NG.L/SVT.L,2019-04-16,0.42299587183563286,-16.44264249925527,-1.847172760358611
NG.L/SVT.L,2019-04-17,0.4225868537341033,-4.929809582319535,-0.6835599842443856
NG.L/SVT.L,2019-04-18,0.4219225281267797,-8.209482314077263,-1.1056732777368021
NG.L/SVT.L,2019-04-23,0.4210866825572432,-10.376327899552962,-1.3287030706983207
NG.L/SVT.L,2019-04-24,0.41982041798065933,-15.603672731701181,-1.8518479966539212
NG.L/SVT.L,2019-04-25,0.4185349779426603,-15.841257962131976,-1.7984757177328705
NG.L/SVT.L,2019-04-26,0.41701096737946813,-18.710861235173297,-1.9993891571923517
NG.L/SVT.L,2019-04-29,0.41599788200566695,-12.49656693018062,-1.329754911890474
NG.L/SVT.L,2019-04-30,0.4152113642454526,-9.637332711742147,-1.0082829290717688
NG.L/SVT.L,2019-05-01,0.4145277649315323,-8.439998871706052,-0.8585118427527698
NG.L/SVT.L,2019-05-02,0.41408633856185256,-5.347174869495916,-0.5221229214822649
NG.L/SVT.L,2019-05-03,0.4139844142916091,-0.9159898610853361,-0.06281444062756536
NG.L/SVT.L,2019-05-07,0.41440613453455816,5.893901305142094,0.6347410570335373
NG.L/SVT.L,2019-05-08,0.4152861461056123,12.100803663499505,1.26287887481131
NG.L/SVT.L,2019-05-09,0.4161099966845343,11.285127337301788,1.1667939458417063
NG.L/SVT.L,2019-05-10,0.41733482512461473,16.448316326460258,1.67907110006964
NG.L/SVT.L,2019-05-13,0.4187679629834054,18.928561038453722,1.8918073104314619
NG.L/SVT.L,2019-05-14,0.42008486372252674,17.442361284452204,1.75394727646427
NG.L/SVT.L,2019-05-15,0.4211412795194685,14.179996897059482,1.4429675663696602
NG.L/SVT.L,2019-05-16,0.42187069373458774,10.2058668292334,1.0196071471864356
NG.L/SVT.L,2019-05-17,0.4222553945054069,5.485348844976215,0.5277649184156893
NG.L/SVT.L,2019-05-20,0.4226838024678281,6.050533307039018,0.5623280791745472
NG.L/SVT.L,2019-05-21,0.4223094234359256,-4.453918604539467,-0.4832181825106249
NG.L/SVT.L,2019-05-22,0.4220465531714227,-3.0152283018534263,-0.33006786095545015
NG.L/SVT.L,2019-05-23,0.42205672067437855,0.5417170007998493,0.026167280796403364
NG.L/SVT.L,2019-05-24,0.4227401488179994,9.382431618854753,0.8903085127285059
NG.L/SVT.L,2019-05-28,0.42177287329084484,-11.970800630384247,-1.1974250857920512
NG.L/SVT.L,2019-05-29,0.4208250073119516,-11.68246718881312,-1.14889154112964
NG.L/SVT.L,2019-05-30,0.41778375233420506,-38.74056481873754,-3.3634536130620787
NG.L/SVT.L,2019-05-31,0.4151235605100001,-33.2881479542981,-2.672300942147366
NG.L/SVT.L,2019-06-03,0.4131453300063698,-24.879686637848295,-1.8996390173118236
NG.L/SVT.L,2019-06-04,0.41086869842210155,-28.881624980870015,-2.1180834167283757
NG.L/SVT.L,2019-06-05,0.40943848222851337,-17.809820144462833,-1.2228250308996458
NG.L/SVT.L,2019-06-06,0.4078663352654785,-19.234083713269683,-1.285217815394932
NG.L/SVT.L,2019-06-07,0.40613416269588104,-21.081407849996936,-1.3757992292923136
NG.L/SVT.L,2019-06-10,0.40492860673740294,-14.876803479057116,-0.8775344019017997
NG.L/SVT.L,2019-06-11,0.4038132120088374,-13.793109284417937,-0.7681859276586992
NG.L/SVT.L,2019-06-12,0.40272770974217303,-13.322080026519302,-0.7061770795040002
NG.L/SVT.L,2019-06-13,0.4026360664259042,-0.7812087434745081,0.26493810705051696
NG.L/SVT.L,2019-06-14,0.40338853384442813,10.130588138242842,1.088210816287253
NG.L/SVT.L,2019-06-17,0.4033010056469208,-0.7139756043808347,0.26237012696619777
NG.L/SVT.L,2019-06-18,0.4027855732391248,-6.068269474791691,-0.1331908032980148
NG.L/SVT.L,2019-06-19,0.4024134155614432,-4.342445242779263,0.0010090775631813496
NG.L/SVT.L,2019-06-20,0.4023261832647297,-0.702428297331835,0.2883929509368412
NG.L/SVT.L,2019-06-21,0.402961773446091,8.581817453501458,1.0198891035664237
NG.L/SVT.L,2019-06-24,0.40302575135280816,1.2251872255674243,0.47449403563046844
NG.L/SVT.L,2019-06-25,0.4025985403804214,-5.061754014850294,0.0012430291680170843
NG.L/SVT.L,2019-06-26,0.4025261128169675,-0.5361986624186557,0.36375561239965865
NG.L/SVT.L,2019-06-27,0.4030524515850566,7.29997341696469,0.985575478750452
NG.L/SVT.L,2019-06-28,0.4036874950222052,8.69432318387635,1.0941531127736153
NG.L/SVT.L,2019-07-01,0.40435030179003423,9.017189540669506,1.1058064146857363
NG.L/SVT.L,2019-07-02,0.40502616326576635,8.944833031718076,1.0799916141661292
NG.L/SVT.L,2019-07-03,0.4046313138471101,-4.499071692564485,0.015638209451155995
NG.L/SVT.L,2019-07-04,0.40506318453386747,5.908585312840842,0.8103361516339374
NG.L/SVT.L,2019-07-05,0.40516356180932167,1.700337274121921,0.46801078116986505
NG.L/SVT.L,2019-07-08,0.4055741506446671,5.755137819545212,0.7876796331263062
NG.L/SVT.L,2019-07-09,0.4062865946330819,9.672688268728848,1.06442307417305
NG.L/SVT.L,2019-07-10,0.4068222624362458,7.352843316274175,0.8568291445755121
NG.L/SVT.L,2019-07-11,0.40680065831873646,0.12584147107315857,0.2789535590337619
NG.L/SVT.L,2019-07-12,0.40718534899478503,5.460648688215542,0.6719865896031575
NG.L/SVT.L,2019-07-15,0.40801115015331174,11.315344557939284,1.0917913238766919
NG.L/SVT.L,2019-07-16,0.40869000062847893,9.405615043555713,0.9177442255253897
NG.L/SVT.L,2019-07-17,0.4093361856413342,8.928941522515856,0.8547592384463361
NG.L/SVT.L,2019-07-18,0.40916586211583733,-1.792552570409157,0.017405859930721725
NG.L/SVT.L,2019-07-19,0.40909610721612794,-0.4917299626382601,0.09948039485993661
NG.L/SVT.L,2019-07-22,0.40892174590534014,-1.8404587077785663,-0.024310552592926332
NG.L/SVT.L,2019-07-23,0.4097703780887072,11.44107607177068,0.9915435600355678
NG.L/SVT.L,2019-07-24,0.41003951864256816,3.877710538974725,0.370722622898516
NG.L/SVT.L,2019-07-25,0.41057141708029027,7.309602512664469,0.6232724204568393
NG.L/SVT.L,2019-07-26,0.41116667784090444,8.086207273151786,0.663210528266773
NG.L/SVT.L,2019-07-29,0.4117346913675523,7.6558872033658645,0.610344933176606
NG.L/SVT.L,2019-07-30,0.41250929582515483,10.42845926186044,0.8121660106577809
NG.L/SVT.L,2019-07-31,0.41332525294424405,11.085581471538717,0.8536041891776681
NG.L/SVT.L,2019-08-01,0.4143499339976436,13.664990943750468,1.0533623100725709
NG.L/SVT.L,2019-08-02,0.4150297021206743,9.16111618751404,0.7022334919364068
NG.L/SVT.L,2019-08-05,0.4159424880051634,12.451636380174932,0.9736791573466256
NG.L/SVT.L,2019-08-06,0.41681349661774547,12.0168005547132,0.9592017501123814
NG.L/SVT.L,2019-08-07,0.41830432901228387,20.11475656927621,1.5988175895342762
NG.L/SVT.L,2019-08-08,0.41920499306928566,12.11429102706461,0.963808376773232
NG.L/SVT.L,2019-08-09,0.42027609713303865,14.335858007248703,1.13051028065319
NG.L/SVT.L,2019-08-12,0.42182787765351487,20.856613762346342,1.5970670450780904
NG.L/SVT.L,2019-08-13,0.4224479688638574,8.537016963744804,0.6291606504463167
NG.L/SVT.L,2019-08-14,0.42287930380521765,5.996197744007418,0.41709304355415705
NG.L/SVT.L,2019-08-15,0.42343669634468717,7.581128460489481,0.5261379481373867
NG.L/SVT.L,2019-08-16,0.4239166105957113,6.543271205939504,0.4367480070198446
NG.L/SVT.L,2019-08-19,0.4240196318020839,1.7059436727272441,0.07062148131072155
NG.L/SVT.L,2019-08-20,0.42403603803007534,0.6197484544836698,-0.030848352703021487
NG.L/SVT.L,2019-08-21,0.4238395387540079,-2.1056178349622314,-0.26018491000563193
NG.L/SVT.L,2019-08-22,0.4235432899827006,-3.421797099757441,-0.45166978676438785
NG.L/SVT.L,2019-08-23,0.42303614890974595,-6.080952544471188,-0.7850656425107376
NG.L/SVT.L,2019-08-27,0.42204043548905773,-12.227433918431643,-1.4460127889076266
NG.L/SVT.L,2019-08-28,0.42107603247399045,-11.85500343710396,-1.5399666516943815
NG.L/SVT.L,2019-08-29,0.42010851295769347,-11.924827081204967,-1.5892773550458297
NG.L/SVT.L,2019-08-30,0.41927960673613174,-10.136185930350962,-1.4594283648593342
NG.L/SVT.L,2019-09-02,0.4188716655199339,-4.813304294187333,-0.9500801234763421
NG.L/SVT.L,2019-09-03,0.4190419918114335,2.5912016932817323,-0.1142854021667965
NG.L/SVT.L,2019-09-04,0.41936308376125575,4.555211507965964,0.09353537008236616
NG.L/SVT.L,2019-09-05,0.41801598425233183,-16.932235911160888,-2.6041380095267543
NG.L/SVT.L,2019-09-06,0.41763377559240894,-4.608207903391076,-1.0386915889247128
NG.L/SVT.L,2019-09-09,0.4169586044324785,-8.585847997752353,-1.4767286853335269
NG.L/SVT.L,2019-09-10,0.41595111645446153,-12.874027895012318,-1.9207609812870765
NG.L/SVT.L,2019-09-11,0.4148486047358447,-13.83837827040827,-1.9726036726259537
NG.L/SVT.L,2019-09-12,0.4138050619119918,-12.965448322209227,-1.8123607923770224
NG.L/SVT.L,2019-09-13,0.4125938086536742,-15.123593086897245,-1.9653515223741291
NG.L/SVT.L,2019-09-16,0.4117332253285598,-10.626240675597842,-1.4136429090871396
NG.L/SVT.L,2019-09-17,0.4108653714898623,-10.579236790387426,-1.3648240295920324
NG.L/SVT.L,2019-09-18,0.4096570255588276,-14.78906758583173,-1.7590685376082207
NG.L/SVT.L,2019-09-19,0.40935461831701164,-3.4475917880808993,-0.5640785363906093
NG.L/SVT.L,2019-09-20,0.4096351863494586,4.028170893869969,0.22398733692195488
NG.L/SVT.L,2019-09-23,0.4101649506855469,7.207965260847004,0.5608448109143462
NG.L/SVT.L,2019-09-24,0.41091092360567544,9.958983617980607,0.8469199820936848
NG.L/SVT.L,2019-09-25,0.4116794529574307,10.342509652788749,0.8829132681223275
NG.L/SVT.L,2019-09-26,0.41217633517242025,6.63558301286912,0.4764845703931869
NG.L/SVT.L,2019-09-27,0.4119651879253508,-2.2415934753911415,-0.4399222428314917
NG.L/SVT.L,2019-09-30,0.4112348929098065,-8.744699639775604,-1.0919422321822516
NG.L/SVT.L,2019-10-01,0.4108358833459035,-4.6392944043720945,-0.6466910431254935
NG.L/SVT.L,2019-10-02,0.41099607800369303,2.5051550126230495,0.1058625313045852
NG.L/SVT.L,2019-10-03,0.411352342742564,5.103086644734731,0.38104709261954856
NG.L/SVT.L,2019-10-04,0.41174471608387514,5.48964874995454,0.4115187657683028
NG.L/SVT.L,2019-10-07,0.4121967982075863,6.203467375210494,0.48432704300421725
NG.L/SVT.L,2019-10-08,0.4125349953825401,4.740801091970184,0.3461562454582873
NG.L/SVT.L,2019-10-09,0.4129845247745896,6.199911105830893,0.5068747993827776
NG.L/SVT.L,2019-10-10,0.4125639532133109,-4.988560758338053,-0.6488785597289176
NG.L/SVT.L,2019-10-11,0.41098455850227394,-19.026228884267653,-2.0265024747881966
NG.L/SVT.L,2019-10-14,0.41011653583105534,-10.570838714201955,-1.1355650612919148
NG.L/SVT.L,2019-10-15,0.4079730003259484,-25.9392492517718,-2.4983371812221034
NG.L/SVT.L,2019-10-16,0.40504279737033644,-35.332904421641274,-3.0673865427637663
NG.L/SVT.L,2019-10-17,0.4041635552628628,-10.69036656773585,-0.8726597027678928
NG.L/SVT.L,2019-10-18,0.4029388383135246,-14.981494680825676,-1.2055922929564777
NG.L/SVT.L,2019-10-21,0.40068801475209775,-27.560743804961817,-2.1651808571725257
NG.L/SVT.L,2019-10-22,0.3994434843696356,-15.124605120258934,-1.0872737903099088
NG.L/SVT.L,2019-10-23,0.39922359500775256,-2.358241328770532,-0.006594402398660185
NG.L/SVT.L,2019-10-24,0.3994114901145645,2.787537919543297,0.4416431103388114
NG.L/SVT.L,2019-10-25,0.3983839262611659,-12.701505738207857,-0.8436676185082469
NG.L/SVT.L,2019-10-28,0.3979578104107994,-5.093354030023534,-0.1728012644085666
NG.L/SVT.L,2019-10-29,0.3982633192273567,4.415486494155971,0.6690188969817196
NG.L/SVT.L,2019-10-30,0.3986724974289246,5.712001876852014,0.7996704159722738
NG.L/SVT.L,2019-10-31,0.3987733718203535,1.7068118739102829,0.4902588059685989
NG.L/SVT.L,2019-11-01,0.3989312942251242,2.443479851935649,0.5814491406803018
NG.L/SVT.L,2019-11-04,0.3987890784919058,-1.4213723889333778,0.25223092974606004
NG.L/SVT.L,2019-11-05,0.3986411765900996,-1.5047854660275561,0.29433751430464694
NG.L/SVT.L,2019-11-06,0.39888409827875787,3.5376896102731052,0.8161559177828638
NG.L/SVT.L,2019-11-07,0.399431046294964,7.580718577356947,1.2191708013747757
NG.L/SVT.L,2019-11-08,0.3997729755113655,4.838722531681697,0.9517869790908363
NG.L/SVT.L,2019-11-11,0.39893039888098536,-10.31428597922104,-0.5621205753430389
NG.L/SVT.L,2019-11-12,0.39681513562463666,-25.945223645260285,-2.0447160921913365
NG.L/SVT.L,2019-11-13,0.39519324272370043,-19.9083161482871,-1.3937252116975727
NG.L/SVT.L,2019-11-14,0.3941375739892575,-12.930329470745846,-0.6930990199406122
NG.L/SVT.L,2019-11-15,0.39292760637562724,-14.836235856495477,-0.8549333830169425
NG.L/SVT.L,2019-11-18,0.3914369789441019,-18.078148706014645,-1.1362177589584388
NG.L/SVT.L,2019-11-19,0.3899236228097419,-18.599712740132418,-1.1654314987293681
NG.L/SVT.L,2019-11-20,0.3886692292942137,-15.525959842214547,-0.8648204333573324
NG.L/SVT.L,2019-11-21,0.38841584958530545,-2.878496040584764,0.3149922010888308
NG.L/SVT.L,2019-11-22,0.3889066856242031,6.753225548534715,1.185532947086927
NG.L/SVT.L,2019-11-25,0.3888794728358262,0.06399601667158095,0.5512633853395137
NG.L/SVT.L,2019-11-26,0.3888492156058641,0.024073453611663354,0.5530337946190216
NG.L/SVT.L,2019-11-27,0.3897353179817877,11.681806776512872,1.6083225757551605
NG.L/SVT.L,2019-11-28,0.3900408844679049,4.38687437571059,0.9052740340433418
NG.L/SVT.L,2019-11-29,0.3909498671340173,12.410262308617689,1.5845760126606554
NG.L/SVT.L,2019-12-02,0.3921011624537239,15.78351517655517,1.8015167682551532
NG.L/SVT.L,2019-12-03,0.3927704678433984,9.208852716059027,1.1825017687195443
NG.L/SVT.L,2019-12-04,0.39272475682395874,-0.18287760899806926,0.3458344051842252
NG.L/SVT.L,2019-12-05,0.39348878056157255,10.34799088213515,1.224379506959779
NG.L/SVT.L,2019-12-06,0.39394561269933587,6.2428269191533445,0.8387483403362079
NG.L/SVT.L,2019-12-09,0.3933989432609105,-6.487440932736831,-0.27682036292436046
NG.L/SVT.L,2019-12-10,0.3931939818276472,-2.2000639604727894,0.08573904655609703
NG.L/SVT.L,2019-12-11,0.3929935466666001,-2.128490563064247,0.07418030703148794
NG.L/SVT.L,2019-12-12,0.3939327778428867,12.6860929240911,1.3392595615008809
NG.L/SVT.L,2019-12-13,0.3921262692064519,-21.158629783484457,-1.5424801983619507
NG.L/SVT.L,2019-12-16,0.3888504825171733,-38.22806325320278,-2.7566671435534333
NG.L/SVT.L,2019-12-17,0.3865973886230343,-26.491968269141466,-1.7381008192250433
NG.L/SVT.L,2019-12-18,0.38474514114569464,-22.115649827087964,-1.3445534063666562
NG.L/SVT.L,2019-12-19,0.38366477410646455,-12.945733843362405,-0.6000171590196028
NG.L/SVT.L,2019-12-20,0.383673210887048,0.513286289855273,0.4589905367370266
NG.L/SVT.L,2019-12-23,0.3836965039832761,0.6995165659920985,0.46071286553737323
NG.L/SVT.L,2019-12-24,0.3833118441040929,-4.433623973995736,0.05594676579856407
NG.L/SVT.L,2019-12-27,0.3822874200439048,-12.354029440418344,-0.5489583304830336
NG.L/SVT.L,2019-12-30,0.3808729404916232,-17.298068909452013,-0.9082074541012566
NG.L/SVT.L,2019-12-31,0.3799319881157048,-11.574310005705684,-0.43734455862979027
NG.L/SVT.L,2020-01-02,0.3795445859494609,-4.521647878512567,0.13613122735203873
NG.L/SVT.L,2020-01-03,0.37922206615433235,-3.692239151156059,0.2148622944180459
NG.L/SVT.L,2020-01-06,0.3791057624465714,-1.081044486410974,0.43739703128244695
NG.L/SVT.L,2020-01-07,0.3793593680797445,3.6783750987833628,0.806160550516281
NG.L/SVT.L,2020-01-08,0.3794712412464016,1.8463032342633596,0.634356227097082
NG.L/SVT.L,2020-01-09,0.37906998284239,-4.712887254658995,0.0960902857663654
NG.L/SVT.L,2020-01-10,0.37920569010560773,2.153840290611015,0.6264372924718223
NG.L/SVT.L,2020-01-13,0.37825559854900515,-11.491999936499951,-0.5622372623960259
NG.L/SVT.L,2020-01-14,0.3772061316073845,-12.77643178824701,-0.6698377389687598
NG.L/SVT.L,2020-01-15,0.3769034947522267,-3.3692302227181017,0.13172013437747274
NG.L/SVT.L,2020-01-16,0.37644690863651126,-5.279107551246966,-0.07020646687853636
NG.L/SVT.L,2020-01-17,0.37668206993499875,3.331082379048439,0.6845486173333547
NG.L/SVT.L,2020-01-20,0.3776818295961331,12.929079040919873,1.5043586053431177
NG.L/SVT.L,2020-01-21,0.3789196175505176,16.0698855517129,1.7242337137509163
NG.L/SVT.L,2020-01-22,0.3804110000211664,19.276232451980377,1.9050322559564594
NG.L/SVT.L,2020-01-23,0.38166580253260834,16.31230631726021,1.588099040820727
NG.L/SVT.L,2020-01-24,0.3826214505981469,12.25839644757184,1.2285249663624456
NG.L/SVT.L,2020-01-27,0.38380276257171986,15.361434442508994,1.449285915093463
NG.L/SVT.L,2020-01-28,0.38552144623171164,22.145408464103525,1.9099390246136272
NG.L/SVT.L,2020-01-29,0.38702061825206047,19.342736326902127,1.631123645395406
NG.L/SVT.L,2020-01-30,0.3877598229776722,9.731086034648683,0.8736189304803958
NG.L/SVT.L,2020-01-31,0.38808335849659675,4.518967425489905,0.46781902567060574
NG.L/SVT.L,2020-02-03,0.38818171913553445,1.6493049671496465,0.252100082504113
NG.L/SVT.L,2020-02-04,0.3890466562713408,11.460880894933553,0.9899857999683693
NG.L/SVT.L,2020-02-05,0.39022274541887175,15.33670994439342,1.2557554745198967
NG.L/SVT.L,2020-02-06,0.39175909804301373,19.93064938829332,1.5360035904976492
NG.L/SVT.L,2020-02-07,0.3930271137993608,16.59017837622696,1.2580890666049362
NG.L/SVT.L,2020-02-10,0.3941514584422422,14.723179463975725,1.0846291393531309
NG.L/SVT.L,2020-02-11,0.3940765200337557,-0.5255828156441567,-0.08385941027666262
NG.L/SVT.L,2020-02-12,0.3944914098905417,5.646907667957748,0.36452142944195304
NG.L/SVT.L,2020-02-13,0.39467203614617336,2.7050025046635255,0.11324966957047174
NG.L/SVT.L,2020-02-14,0.3952962249475833,8.23459971446573,0.5221002001412934
NG.L/SVT.L,2020-02-17,0.39594648617388156,8.563820690578268,0.5237517660695752
NG.L/SVT.L,2020-02-18,0.39619230881376066,3.45998143000611,0.10103932110944361
NG.L/SVT.L,2020-02-19,0.39608768035656344,-0.8765085069640008,-0.24124189052967776
NG.L/SVT.L,2020-02-20,0.39565669231293105,-4.955404714869928,-0.5647526183832263
NG.L/SVT.L,2020-02-21,0.3954634749759881,-1.9979476088519732,-0.3218754924638824
NG.L/SVT.L,2020-02-24,0.39503567375664855,-5.018353105259166,-0.5457034333631915
NG.L/SVT.L,2020-02-25,0.39601718105492634,13.218638151134996,0.9186022618263944
NG.L/SVT.L,2020-02-26,0.3974416601210647,18.753663118367513,1.3441235953236121
NG.L/SVT.L,2020-02-27,0.39880038163201276,18.007721585435434,1.2769135513494114
NG.L/SVT.L,2020-02-28,0.39873457765707776,-0.4721201862690805,-0.18333574045730686
NG.L/SVT.L,2020-03-02,0.39807010980658125,-8.06471139051996,-0.7755652993882107
NG.L/SVT.L,2020-03-03,0.39674762588229223,-16.123977660497758,-1.364415726604754
NG.L/SVT.L,2020-03-04,0.39644056494609964,-3.3564255501848947,-0.34928681125556577
NG.L/SVT.L,2020-03-05,0.3962050305330398,-2.4966795917264335,-0.28765056588426796
NG.L/SVT.L,2020-03-06,0.39603268435958816,-1.8165111453895406,-0.23462860796146998
NG.L/SVT.L,2020-03-09,0.3966944110438244,9.346695859968918,0.6276171171543269
NG.L/SVT.L,2020-03-10,0.3954861818100367,-15.90054620743058,-1.306943311242741
NG.L/SVT.L,2020-03-11,0.39507463103549756,-5.161042649694309,-0.5030286176806792
NG.L/SVT.L,2020-03-12,0.3931161524186287,-27.54864426786355,-2.3994909237521096
NG.L/SVT.L,2020-03-13,0.3909577559212588,-28.51257658687291,-2.4600967124820183
NG.L/SVT.L,2020-03-16,0.38956650548257027,-18.08440721965144,-1.6210480646343466
NG.L/SVT.L,2020-03-17,0.38942685916031033,-1.2979568816077744,-0.24032775422208694
NG.L/SVT.L,2020-03-18,0.38790506600658947,-18.0251228771574,-1.5900641463516152
NG.L/SVT.L,2020-03-19,0.3868404569610031,-13.172945705277698,-1.1569633570648497
NG.L/SVT.L,2020-03-20,0.3874514313987297,8.747215271638538,0.6123127723655668
NG.L/SVT.L,2020-03-23,0.38809772399722114,9.962630871902434,0.685519775204548
NG.L/SVT.L,2020-03-24,0.3900506926858033,27.63298897174377,2.039831694337511
NG.L/SVT.L,2020-03-25,0.39430810279695583,56.82127808716427,3.7776423009493136
NG.L/SVT.L,2020-03-26,0.397645417060882,42.13324209063444,2.5361557922317135
NG.L/SVT.L,2020-03-27,0.40088605321977583,41.734441788214326,2.345056728504426
NG.L/SVT.L,2020-03-30,0.40217715199705995,16.199676909834693,0.6934811878583304
NG.L/SVT.L,2020-03-31,0.4041032608618133,24.79907958093304,1.2036362127482285
NG.L/SVT.L,2020-04-01,0.40520810989712996,14.875004870873,0.5644256062859674
NG.L/SVT.L,2020-04-02,0.40454387808806347,-8.399007316914663,-0.8897648545458312
NG.L/SVT.L,2020-04-03,0.40271533825663086,-23.906305954896993,-1.7828153804310887
NG.L/SVT.L,2020-04-06,0.4011536034997689,-19.63826596667093,-1.4988650887704433
NG.L/SVT.L,2020-04-07,0.4000601996918915,-13.83531482431215,-1.146950908190252
NG.L/SVT.L,2020-04-08,0.3996169812795777,-5.293162652910269,-0.630503495305544
NG.L/SVT.L,2020-04-09,0.39892678550832006,-8.076714241348327,-0.7933355901273953
NG.L/SVT.L,2020-04-14,0.3981641765714491,-9.15330924767693,-0.8403383813249873
NG.L/SVT.L,2020-04-15,0.3962523460564,-23.474781392358977,-1.62285252944573
NG.L/SVT.L,2020-04-16,0.3940507290284523,-26.728814332213915,-1.7317184890915505
NG.L/SVT.L,2020-04-17,0.3935424654612368,-6.015035662448895,-0.5283460284173641
NG.L/SVT.L,2020-04-20,0.39305065632099345,-5.796639028500749,-0.49608180787554146
NG.L/SVT.L,2020-04-21,0.39208910648929063,-11.827436794454115,-0.816913256775708
NG.L/SVT.L,2020-04-22,0.39257590236046314,6.446859333758084,0.2393377399333468
NG.L/SVT.L,2020-04-23,0.3931962983895006,8.233821805265052,0.359132481309238
NG.L/SVT.L,2020-04-24,0.393606557871117,5.568777528278019,0.2194191827553094
NG.L/SVT.L,2020-04-27,0.3943842250119623,10.265726358919324,0.49403143909048564
NG.L/SVT.L,2020-04-28,0.3950581683023036,8.929407755887041,0.4109194917742136
NG.L/SVT.L,2020-04-29,0.39496723572196635,-0.7365930360135735,-0.15234184125390277
NG.L/SVT.L,2020-04-30,0.39424036003840335,-8.783381258761096,-0.603122092199217
NG.L/SVT.L,2020-05-01,0.3934838657815166,-9.198842986284262,-0.6050063143826646
NG.L/SVT.L,2020-05-04,0.39377865187853994,4.176885334747112,0.196551579047238
NG.L/SVT.L,2020-05-05,0.39312893271740024,-7.741417978848517,-0.4880184541249745
NG.L/SVT.L,2020-05-06,0.39228089518577824,-10.274578866562592,-0.6159048904852228
NG.L/SVT.L,2020-05-07,0.3904453633792188,-22.81233655768233,-1.3222695222798282
NG.L/SVT.L,2020-05-11,0.3886975932622151,-21.578144012609187,-1.208765193182886
NG.L/SVT.L,2020-05-12,0.38717234313329957,-18.50041617496811,-1.000869859063498
NG.L/SVT.L,2020-05-13,0.38543658236694983,-21.110205896067896,-1.1138854550841144
NG.L/SVT.L,2020-05-14,0.3847949568663427,-8.027897002223199,-0.3506241768329054
NG.L/SVT.L,2020-05-15,0.3844078140260258,-4.594827974653754,-0.14633789488199317
NG.L/SVT.L,2020-05-18,0.3841312828265993,-3.0922440663047155,-0.058081000334411194
NG.L/SVT.L,2020-05-19,0.3834495888334685,-8.354992330171285,-0.3562326311094238
NG.L/SVT.L,2020-05-20,0.3820910446606049,-16.715619831398612,-0.8163450845838269
NG.L/SVT.L,2020-05-21,0.37977772936886767,-28.57671581240379,-1.443132630304107
NG.L/SVT.L,2020-05-22,0.37844854805440314,-17.006794905544552,-0.7692615880364059
NG.L/SVT.L,2020-05-26,0.3788612526970459,5.850441234026675,0.5292227128300876
NG.L/SVT.L,2020-05-27,0.3798133219455564,12.841745494252564,0.9351092505362183
NG.L/SVT.L,2020-05-28,0.3799948610457446,2.674937118513867,0.3528577052441103
NG.L/SVT.L,2020-05-29,0.3798383652793506,-1.5509676588563934,0.10626719260485243
NG.L/SVT.L,2020-06-01,0.37890104024601,-11.193895882461675,-0.44862891081023465
NG.L/SVT.L,2020-06-02,0.3787504868576813,-1.4716698239947164,0.1045973294071455
NG.L/SVT.L,2020-06-03,0.37853893959887247,-2.1809899240819277,0.06380555864631264
NG.L/SVT.L,2020-06-04,0.37836873012306743,-1.7371286409278355,0.08906609900187457
NG.L/SVT.L,2020-06-05,0.37704679175393546,-16.421078758771046,-0.7245826845944768
NG.L/SVT.L,2020-06-08,0.3765590526895715,-5.722900001765311,-0.12411449701927377
NG.L/SVT.L,2020-06-09,0.3749651609274304,-19.603357877957592,-0.8995536538548161
NG.L/SVT.L,2020-06-10,0.3739791109795354,-11.985359818693837,-0.4874951872763417
NG.L/SVT.L,2020-06-11,0.3749359291770605,13.217750743666329,0.9368216569988166
NG.L/SVT.L,2020-06-12,0.375782139964875,11.456243610585375,0.8063412553606184
NG.L/SVT.L,2020-06-15,0.3763990568140649,8.403701336273116,0.6166165081665383
NG.L/SVT.L,2020-06-16,0.37683941352961314,5.965637029104641,0.45395291072736993
NG.L/SVT.L,2020-06-17,0.378000255799115,15.006206846425926,0.9518353064521125
NG.L/SVT.L,2020-06-18,0.3784260084155366,5.743421722592416,0.41532708256585055
NG.L/SVT.L,2020-06-19,0.37846470847323116,0.8803738175164426,0.1407226175713987
NG.L/SVT.L,2020-06-22,0.37922305040183774,9.887492893273361,0.7008286997563049
NG.L/SVT.L,2020-06-23,0.3809535482394268,22.364864180510722,1.6316222534355458
NG.L/SVT.L,2020-06-24,0.3816846303210422,9.769054137778198,0.9006570661531218
NG.L/SVT.L,2020-06-25,0.38354797927200907,24.389127806823808,2.0718640245393503
NG.L/SVT.L,2020-06-26,0.38482097812009836,16.774063162097946,1.4980631595998808
NG.L/SVT.L,2020-06-29,0.3861906528057252,17.835308051224047,1.612835514498221
NG.L/SVT.L,2020-06-30,0.3882089669093196,26.1350875988162,2.174617372137981
NG.L/SVT.L,2020-07-01,0.39004325600197837,23.78259411156091,1.9005243800590672
NG.L/SVT.L,2020-07-02,0.38809857037316153,-24.319344062473306,-1.5626218265708474
NG.L/SVT.L,2020-07-03,0.38608402023314703,-25.50054383659767,-1.6240460895563607
NG.L/SVT.L,2020-07-06,0.3836464679157503,-30.642638029162526,-1.917418561620059
NG.L/SVT.L,2020-07-07,0.3811029039059072,-32.54064371521679,-1.9506711622910937
NG.L/SVT.L,2020-07-08,0.37912651619961585,-24.975223166671185,-1.4014960726298356
NG.L/SVT.L,2020-07-09,0.3761929890210901,-38.38534399758328,-2.1632751355593953
NG.L/SVT.L,2020-07-10,0.37459166067661487,-20.399103955180863,-1.0318484072543368
NG.L/SVT.L,2020-07-13,0.3722380849584006,-29.549849051658043,-1.6028563105576386
NG.L/SVT.L,2020-07-14,0.37164259303445757,-7.276904467857662,-0.19288008745642662
NG.L/SVT.L,2020-07-15,0.37033164319984807,-16.370375686237708,-0.7530717573102733
NG.L/SVT.L,2020-07-16,0.3698781972814819,-5.41430614074045,-0.07051306194630916
NG.L/SVT.L,2020-07-17,0.3694508670354846,-4.978820415009977,-0.0311778451882238
NG.L/SVT.L,2020-07-20,0.36912771260480404,-3.6601579411264993,0.06519149872578917
NG.L/SVT.L,2020-07-21,0.3695995922826427,6.397794074615717,0.7040300864724471
NG.L/SVT.L,2020-07-22,0.36964134968495493,0.9353077586641803,0.3689195538287321
NG.L/SVT.L,2020-07-23,0.37053798079273603,11.895244807126232,1.064214544136603
NG.L/SVT.L,2020-07-24,0.37085670438806895,4.466712797678497,0.5831150858379684
NG.L/SVT.L,2020-07-27,0.3707937442915376,-0.3922886629450204,0.26477411506355303
NG.L/SVT.L,2020-07-28,0.37009415700504766,-8.246112630817038,-0.23643828897997585
NG.L/SVT.L,2020-07-29,0.36951888970260743,-6.7408282800533925,-0.12928889776953015
NG.L/SVT.L,2020-07-30,0.36926128193743607,-2.910374825800659,0.110200581577475
NG.L/SVT.L,2020-07-31,0.36893265677065157,-3.7820496905535492,0.04766541090562254
NG.L/SVT.L,2020-08-03,0.36957624569789804,8.569486549386966,0.8090519415626135
NG.L/SVT.L,2020-08-04,0.37053578666391707,12.618463034731008,1.0347949494511417
NG.L/SVT.L,2020-08-05,0.370680104388334,2.2556164744378293,0.3469678827073841
NG.L/SVT.L,2020-08-06,0.36998971403259,-8.389366781468993,-0.3618043598822624
NG.L/SVT.L,2020-08-07,0.3693636791750191,-7.509112389390793,-0.30465733457520966
NG.L/SVT.L,2020-08-10,0.36837533453130955,-12.047859684314972,-0.5926993959767577
NG.L/SVT.L,2020-08-11,0.36699758060666465,-17.10843038393557,-0.9022291792914453
NG.L/SVT.L,2020-08-12,0.3651859039948923,-21.5272551452465,-1.162485789192818
NG.L/SVT.L,2020-08-13,0.36353996417939344,-20.17607597651397,-1.0680415898569364
NG.L/SVT.L,2020-08-14,0.362186432769463,-16.82512497765117,-0.8799219716916861
NG.L/SVT.L,2020-08-17,0.3613417097360546,-10.417804856813405,-0.4723456588219922
NG.L/SVT.L,2020-08-18,0.36073864490712926,-7.4763166391423965,-0.26603469237804533
NG.L/SVT.L,2020-08-19,0.3605773854051946,-1.6930293288826306,0.13035702585789605
NG.L/SVT.L,2020-08-20,0.36087112876361793,4.23161508660894,0.5205291659677821
NG.L/SVT.L,2020-08-21,0.36143672762496687,7.750130847517994,0.7396794425498111
NG.L/SVT.L,2020-08-24,0.36193040612924665,6.704647011837096,0.6502456407783509
NG.L/SVT.L,2020-08-25,0.36266193898462296,9.942628596638428,0.8455233058504495
NG.L/SVT.L,2020-08-26,0.3629764528310497,4.523776764891295,0.4830348284705633
NG.L/SVT.L,2020-08-27,0.36296559455826044,0.2660997056668748,0.20303050802380718
NG.L/SVT.L,2020-08-28,0.36271062056690795,-2.920707510395573,-0.019614975074241998
NG.L/SVT.L,2020-09-01,0.3625310807434952,-1.950472938764051,0.03997886543277811
NG.L/SVT.L,2020-09-02,0.3618309116421686,-8.32378055190361,-0.3947665719639346
NG.L/SVT.L,2020-09-03,0.3605513862539415,-15.658787851422517,-0.8744166551624124
NG.L/SVT.L,2020-09-04,0.3593592547770208,-14.93416299958858,-0.7985092589712978
NG.L/SVT.L,2020-09-07,0.35883903484152896,-6.109617030111849,-0.19493379727610624
NG.L/SVT.L,2020-09-08,0.35797608496542926,-10.51203583265135,-0.4697734952308728
NG.L/SVT.L,2020-09-09,0.3576965333096756,-3.133164974897113,0.035548832236014086
NG.L/SVT.L,2020-09-10,0.3569971893694523,-8.489358636458405,-0.30258397030875933
NG.L/SVT.L,2020-09-11,0.3564489901784835,-6.542320803281768,-0.15639574976269385
NG.L/SVT.L,2020-09-14,0.3556245207013753,-10.052842536833396,-0.3841454026341905
NG.L/SVT.L,2020-09-15,0.35417133112740573,-17.65104443873463,-0.8742453316442468
NG.L/SVT.L,2020-09-16,0.35360629693237544,-6.782593926819004,-0.09885835748883282
NG.L/SVT.L,2020-09-17,0.35288782652013706,-8.818033339679118,-0.22300640210167144
NG.L/SVT.L,2020-09-18,0.35158904281641495,-15.903236384544243,-0.7066262350671857
NG.L/SVT.L,2020-09-21,0.3509592590776302,-7.718171239252456,-0.07178671412929243
NG.L/SVT.L,2020-09-22,0.35062022625595274,-3.960989465824696,0.24902847465751926
NG.L/SVT.L,2020-09-23,0.3499743675686227,-7.707204948028448,-0.00048483096592698256
NG.L/SVT.L,2020-09-24,0.3487715666616318,-14.794897660783363,-0.5718509379641254
NG.L/SVT.L,2020-09-25,0.34831518670982003,-5.319370226899196,0.2442317709592597
NG.L/SVT.L,2020-09-28,0.3477695325674618,-6.47334404490266,0.11402477180744328
NG.L/SVT.L,2020-09-29,0.34955475406399733,22.98942536561742,2.676869551334793
NG.L/SVT.L,2020-09-30,0.3519455190708628,31.0250601160717,3.1552706420362546
NG.L/SVT.L,2020-10-01,0.3539977271623121,26.04716820870624,2.5613838698574147
NG.L/SVT.L,2020-10-02,0.35611436987142175,26.673380315232976,2.5523789427291743
NG.L/SVT.L,2020-10-05,0.35827642488183453,27.792690894073644,2.4798200752152777
NG.L/SVT.L,2020-10-06,0.3602565667412735,25.626855687812395,2.2234559098237705
NG.L/SVT.L,2020-10-07,0.3630354899162189,35.984765359781136,2.7918765368278926
NG.L/SVT.L,2020-10-08,0.3655365072953252,32.110533505658395,2.348565460274394
NG.L/SVT.L,2020-10-09,0.3674514015956481,24.810534106826708,1.7421936737366523
NG.L/SVT.L,2020-10-12,0.3683263439253105,11.321985342711969,0.7753006279705407
NG.L/SVT.L,2020-10-13,0.3686337483538718,4.258316283701106,0.2734838769402559
NG.L/SVT.L,2020-10-14,0.3696800823051987,13.688163602316763,0.9173176507086003
NG.L/SVT.L,2020-10-15,0.37027701012380837,8.044141262051198,0.5165801344369829
NG.L/SVT.L,2020-10-16,0.37115452339577254,11.509960702990043,0.7570435181097098
NG.L/SVT.L,2020-10-19,0.3719101370983796,10.056052306207562,0.6480341395965423
NG.L/SVT.L,2020-10-20,0.3726309024242775,9.606039430719306,0.6036124392819844
NG.L/SVT.L,2020-10-21,0.37297853658612795,4.846144637972884,0.26194642652860417
NG.L/SVT.L,2020-10-22,0.37306099509344715,1.4528699593549845,0.018535645206618555
NG.L/SVT.L,2020-10-23,0.3730397516568605,0.14152767473262884,-0.07570023839343094
NG.L/SVT.L,2020-10-26,0.3727900412310786,-2.719882202847657,-0.275005552988566
NG.L/SVT.L,2020-10-27,0.3717647901325616,-12.353953120457959,-0.913087399252238
NG.L/SVT.L,2020-10-28,0.37141046761545404,-4.171962225984203,-0.33189424475604845
NG.L/SVT.L,2020-10-29,0.3720818736248387,9.141131007256945,0.5796939633154815
NG.L/SVT.L,2020-10-30,0.37299014507996625,12.290595576222586,0.7718833887292169
NG.L/SVT.L,2020-11-02,0.37416956328261347,15.736850062370195,0.977404215748067
NG.L/SVT.L,2020-11-03,0.3753242937572125,15.09256442955268,0.9026091085887551
NG.L/SVT.L,2020-11-04,0.37655746924521,15.997645884485564,0.9336323542140841
NG.L/SVT.L,2020-11-05,0.3777567717222068,15.645244959088245,0.8818240716301506
NG.L/SVT.L,2020-11-06,0.3782067726418128,6.169057670398729,0.18948602133253667
NG.L/SVT.L,2020-11-09,0.37889107608008543,9.142992254433238,0.37885052877162795
NG.L/SVT.L,2020-11-10,0.37879274371748667,-0.8283095372082698,-0.3658060839984284
NG.L/SVT.L,2020-11-11,0.3781700605239744,-7.2460854170900575,-0.8400598979745025
NG.L/SVT.L,2020-11-12,0.37771064100141727,-5.340905963593741,-0.6931169005587348
NG.L/SVT.L,2020-11-13,0.37824792118909417,7.259494986284494,0.2310791791486097
NG.L/SVT.L,2020-11-16,0.3787031099648792,6.2578624512136685,0.1592369944027859
NG.L/SVT.L,2020-11-17,0.3782122972281796,-5.8526814518589845,-0.7143019387292668
NG.L/SVT.L,2020-11-18,0.3781809854030704,0.008721973485307899,-0.272548441358111
NG.L/SVT.L,2020-11-19,0.3785036654047848,4.580194511508012,0.06302961191828274
NG.L/SVT.L,2020-11-20,0.37830902460355237,-2.0863010993541593,-0.42313886907833104
NG.L/SVT.L,2020-11-23,0.37799722202076036,-3.6168889349725077,-0.5343195887335573
NG.L/SVT.L,2020-11-24,0.3771648845104332,-10.275686911643561,-1.0049706443018085
NG.L/SVT.L,2020-11-25,0.3759675925876772,-14.848937326327587,-1.3183240568365384
NG.L/SVT.L,2020-11-26,0.37332663920292436,-33.31589185208679,-2.5226122748221123
NG.L/SVT.L,2020-11-27,0.3721493304918368,-15.00236459201517,-1.2548020056849079
NG.L/SVT.L,2020-11-30,0.3694744286290466,-34.331909181392916,-2.4343660678829546
NG.L/SVT.L,2020-12-01,0.36831832846443513,-14.706880618006721,-1.1328951125939757
NG.L/SVT.L,2020-12-02,0.3671392328161389,-14.70587429680711,-1.1095886110938353
NG.L/SVT.L,2020-12-03,0.3666159359663917,-6.388956048562022,-0.5730591288746065
NG.L/SVT.L,2020-12-04,0.3673856396843927,10.639105109053617,0.5151752772258666
NG.L/SVT.L,2020-12-07,0.36812420708021404,10.055221062792157,0.4573210242467436
NG.L/SVT.L,2020-12-08,0.369338133666742,16.111357434746196,0.824308500121614
NG.L/SVT.L,2020-12-09,0.3713749576754871,26.303909840644565,1.4397482528086554
NG.L/SVT.L,2020-12-10,0.3730486722299647,21.936899383455398,1.1171567258232298
NG.L/SVT.L,2020-12-11,0.37448137906064394,19.14416473083884,0.9061606423302351
NG.L/SVT.L,2020-12-14,0.37547129327588225,13.133066756044627,0.4931254862778438
NG.L/SVT.L,2020-12-15,0.3754785490363355,0.500936036246344,-0.3405506250755057
NG.L/SVT.L,2020-12-16,0.3752502293298722,-2.477516043270384,-0.5442303678468295
NG.L/SVT.L,2020-12-17,0.3749385228984751,-3.543852765316842,-0.6349303121227995
NG.L/SVT.L,2020-12-18,0.375014963302272,1.3936911993934018,-0.3137709339709113
NG.L/SVT.L,2020-12-21,0.3743457457882451,-8.268593964243792,-0.9582349926768841
NG.L/SVT.L,2020-12-22,0.37408041145594695,-3.0292043912527333,-0.5831484640836992
NG.L/SVT.L,2020-12-23,0.37401703655701063,-0.40665288285583756,-0.38000380391777006
NG.L/SVT.L,2020-12-24,0.3743603284835712,4.85484092539059,0.008802346985968518
NG.L/SVT.L,2020-12-29,0.3743805061251713,0.6594319704903455,-0.2617531252372871
NG.L/SVT.L,2020-12-30,0.3746717331366527,4.130374071971801,0.016851702204384825
NG.L/SVT.L,2020-12-31,0.37510946195384076,6.067800159961735,0.1880756935443724
NG.L/SVT.L,2021-01-04,0.37548524887801144,5.156004476236376,0.16683592411208895
NG.L/SVT.L,2021-01-05,0.3753843769868367,-0.8821174158923668,-0.28371565398370724
NG.L/SVT.L,2021-01-06,0.3746206778026597,-9.099952589344184,-0.9449202464116513
NG.L/SVT.L,2021-01-07,0.3743372807597451,-3.1775526343701586,-0.419373986196934
NG.L/SVT.L,2021-01-08,0.3738373718962117,-5.904565344844173,-0.637054846606188
NG.L/SVT.L,2021-01-11,0.3739765747161193,2.1928696393692917,0.07331119277773772
NG.L/SVT.L,2021-01-12,0.37321906087528195,-9.389502192466693,-0.8988571665649797
NG.L/SVT.L,2021-01-13,0.372995893616754,-2.4303849970774536,-0.2816819897137818
NG.L/SVT.L,2021-01-14,0.3729223926825325,-0.5322633795874481,-0.10254644846254794
NG.L/SVT.L,2021-01-15,0.37298435055186363,1.1989044281967836,0.060741226610745096
NG.L/SVT.L,2021-01-18,0.3732691094244074,4.071404501825782,0.31347749626351734
NG.L/SVT.L,2021-01-19,0.3738209207541217,7.482757672005846,0.6016024389043433
NG.L/SVT.L,2021-01-20,0.3736246239184448,-2.0931382418226576,-0.2311553811540811
NG.L/SVT.L,2021-01-21,0.37348803976543427,-1.3443874543534093,-0.16788620584609026
NG.L/SVT.L,2021-01-22,0.37356295724683797,1.3633317765343236,0.04911950967409232
NG.L/SVT.L,2021-01-25,0.3731674096689828,-4.532914136248564,-0.4708095781596924
NG.L/SVT.L,2021-01-26,0.37304852905073504,-1.1014741247988695,-0.15354386073816234
NG.L/SVT.L,2021-01-27,0.37253992836040867,-6.056939885231259,-0.5694931596631225
NG.L/SVT.L,2021-01-28,0.3719534808316236,-7.158322587870771,-0.6420289115998773
NG.L/SVT.L,2021-01-29,0.371259198033222,-8.618720064489708,-0.7469534003237362
NG.L/SVT.L,2021-02-01,0.3701420440083225,-13.696877024986406,-1.1753595578341767
NG.L/SVT.L,2021-02-02,0.3696534770955914,-5.801485532994775,-0.4225202217577125
NG.L/SVT.L,2021-02-03,0.36939497659258463,-2.87658349115884,-0.13408223386262544
NG.L/SVT.L,2021-02-04,0.3702456995673732,11.42745243273987,1.2070014170093308
NG.L/SVT.L,2021-02-05,0.37054954408441476,4.39615618081973,0.5367779990602293
NG.L/SVT.L,2021-02-08,0.3709597020174707,5.792336864456956,0.6466610744258353
NG.L/SVT.L,2021-02-09,0.3712264415517409,3.851083390740996,0.45034246920999677
NG.L/SVT.L,2021-02-10,0.37133154060776935,1.7583562578832925,0.26421863112971133
NG.L/SVT.L,2021-02-11,0.3712681725301949,-0.4046802705822756,0.07154937279295734
NG.L/SVT.L,2021-02-12,0.37019404878792583,-13.07495689380562,-1.1034762017898552
NG.L/SVT.L,2021-02-15,0.3691933614036779,-12.068317149736231,-0.9822944261909502
NG.L/SVT.L,2021-02-16,0.36845467096937334,-9.059956969727523,-0.6811259512395529
NG.L/SVT.L,2021-02-17,0.3687140818268195,3.7203442978927797,0.49346949847667276
NG.L/SVT.L,2021-02-18,0.369742070043248,13.885411516043973,1.383715288176172
NG.L/SVT.L,2021-02-19,0.3703756374863979,8.726839782296906,0.8846350368323195
NG.L/SVT.L,2021-02-22,0.37109662132265797,10.055880119056269,0.9731409807553336
NG.L/SVT.L,2021-02-23,0.37160773432939515,7.072166422813325,0.6918383963562782
NG.L/SVT.L,2021-02-24,0.371727254883229,1.9655605939246925,0.16153605538927288
NG.L/SVT.L,2021-02-25,0.371274387528283,-5.436004533739833,-0.7106926204981705
NG.L/SVT.L,2021-02-26,0.3707948609030663,-5.899827833432596,-0.797043453927145
NG.L/SVT.L,2021-03-01,0.37089854591422194,1.7482931069649794,0.057262317336344605
NG.L/SVT.L,2021-03-02,0.37109740786399353,2.9635489281280343,0.18466490285772275
NG.L/SVT.L,2021-03-03,0.3714212534171894,4.673836596081173,0.405341724099181
NG.L/SVT.L,2021-03-04,0.37195434892276097,7.255782045618048,0.7271163363576444
NG.L/SVT.L,2021-03-05,0.37163659119313724,-3.622623146871547,-0.5705768563265583
NG.L/SVT.L,2021-03-08,0.3724171216783886,10.487185507037111,1.3247922049430632
NG.L/SVT.L,2021-03-09,0.37254399677978645,2.0224540334942276,0.24352274879528932
NG.L/SVT.L,2021-03-10,0.372971643908417,5.845334231433526,0.8871401833299091
NG.L/SVT.L,2021-03-11,0.3729725474728647,0.4192026464099854,0.08050416712065321
NG.L/SVT.L,2021-03-12,0.37302294636006383,1.0504928415601853,0.18062875202143625
NG.L/SVT.L,2021-03-15,0.373441641391874,5.751048223312068,0.9098019080968749
NG.L/SVT.L,2021-03-16,0.37287031295246315,-6.728006741092827,-1.0709640059918155
NG.L/SVT.L,2021-03-17,0.3727938397122661,-0.582900073103815,-0.08938265580205458
NG.L/SVT.L,2021-03-18,0.37279140528040544,0.37613731944338724,0.040756215453577285
NG.L/SVT.L,2021-03-19,0.3732055529400437,5.721514672246599,0.8758090790145678
NG.L/SVT.L,2021-03-22,0.3739964137461883,10.581343273410539,1.5913124560397074
NG.L/SVT.L,2021-03-23,0.3741297506387894,2.0761335567142396,0.26328880729755133
NG.L/SVT.L,2021-03-24,0.3746711026391983,7.266852684721471,1.0540930804694872
NG.L/SVT.L,2021-03-25,0.37505308326997283,5.194976516229644,0.7264781189450631
NG.L/SVT.L,2021-03-26,0.374856798116093,-2.0816654662121437,-0.38853094356867585
NG.L/SVT.L,2021-03-29,0.3742765995928834,-6.834186819537308,-1.0956067089346706
NG.L/SVT.L,2021-03-30,0.3741255315753801,-1.530343507987368,-0.2675393735979803
NG.L/SVT.L,2021-03-31,0.3741630105789378,0.8857509330715629,0.08433419302009604
NG.L/SVT.L,2021-04-01,0.37413686530145673,0.07408256040810102,-0.05314102271625211
NG.L/SVT.L,2021-04-06,0.37409264043712126,-0.14981283915233234,-0.10490697533515035
NG.L/SVT.L,2021-04-07,0.3743896778635368,4.130512928447615,0.5752759533937494
NG.L/SVT.L,2021-04-08,0.37490256658666515,6.786898739205753,0.9708557564207443
NG.L/SVT.L,2021-04-09,0.37475284971360645,-1.4565048112722252,-0.37035243663796447
NG.L/SVT.L,2021-04-12,0.3738976992789123,-10.199698070362615,-1.7202427662995794
NG.L/SVT.L,2021-04-13,0.3737557264706926,-1.3961256924776535,-0.31874074383467943
NG.L/SVT.L,2021-04-14,0.3732930354897171,-5.477866462794282,-0.9348379361722359
NG.L/SVT.L,2021-04-15,0.3723433683993424,-11.439729922229503,-1.7917962185185823
NG.L/SVT.L,2021-04-16,0.37210576492518194,-2.588011025250239,-0.4210335865835996
NG.L/SVT.L,2021-04-19,0.3715321901794024,-6.760508988664583,-1.0427652451239866
NG.L/SVT.L,2021-04-20,0.3712825077930957,-2.728259486660022,-0.41399978244792324
NG.L/SVT.L,2021-04-21,0.3713105294574934,0.7652581061146293,0.10761508430223109
NG.L/SVT.L,2021-04-22,0.37168574510938857,5.1635966865568435,0.7638103179490809
NG.L/SVT.L,2021-04-23,0.3714631963235598,-2.4272589206378825,-0.4090022401630817
NG.L/SVT.L,2021-04-26,0.3718246948506336,5.073697134986787,0.7190797197577642
NG.L/SVT.L,2021-04-27,0.3715846472663303,-2.6491327848143555,-0.5006889730020896
NG.L/SVT.L,2021-04-28,0.3709459183246939,-7.693737031700039,-1.3489889202963807
NG.L/SVT.L,2021-04-29,0.37055079930161705,-4.6533987323867905,-0.8621385706590244
NG.L/SVT.L,2021-04-30,0.3700192828441006,-6.231283593888634,-1.1009171479947066
NG.L/SVT.L,2021-05-04,0.37035438127815284,4.648524332660031,0.6871321686791689
NG.L/SVT.L,2021-05-05,0.37029188653647055,-0.38449787027798266,-0.13051079503025875
NG.L/SVT.L,2021-05-06,0.3709528515209317,8.678590325844311,1.3496505552249871
NG.L/SVT.L,2021-05-07,0.3710191738621525,1.2368976792802187,0.13626833558022414
NG.L/SVT.L,2021-05-10,0.3711824196064608,2.4659687311650487,0.33629340095497834
NG.L/SVT.L,2021-05-11,0.37140659804704496,3.29413856634892,0.46152066058389885
NG.L/SVT.L,2021-05-12,0.3717063273070707,4.238261905805189,0.5932455155363191
NG.L/SVT.L,2021-05-13,0.371874986160597,2.547386038137688,0.27377717598804896
NG.L/SVT.L,2021-05-14,0.37200564002886877,2.0446775136443875,0.1553405540552365
NG.L/SVT.L,2021-05-17,0.3722497826160204,3.5028056329086894,0.4239910375451748
NG.L/SVT.L,2021-05-18,0.3721280166806167,-1.131648265324202,-0.4003129971650134
NG.L/SVT.L,2021-05-19,0.37229443466422096,2.5216397687374865,0.32997055807472514
NG.L/SVT.L,2021-05-20,0.37289183305622176,7.889670319321226,1.407800647257257
NG.L/SVT.L,2021-05-21,0.3735865551691558,9.22472666032877,1.648674924832293
NG.L/SVT.L,2021-05-24,0.3746339212954653,13.736660437536216,2.3740214293217687
NG.L/SVT.L,2021-05-25,0.3751226378075448,6.607198271009224,1.0076533985565688
NG.L/SVT.L,2021-05-26,0.3756381695406484,6.898636638732,1.0289884170761763
NG.L/SVT.L,2021-05-27,0.37696510745574496,17.644427309716775,2.798563974464136
NG.L/SVT.L,2021-05-28,0.3778452782392065,11.776924517159955,1.6986518723357413
NG.L/SVT.L,2021-06-01,0.37858967037444535,9.869472992045303,1.3385339789519533
NG.L/SVT.L,2021-06-02,0.3799020607384382,17.091092735566008,2.417372785172214
NG.L/SVT.L,2021-06-03,0.3787167309968524,-14.728749231379425,-2.552149260449521
NG.L/SVT.L,2021-06-04,0.37731389349765615,-17.500187207268937,-2.7503445969883002
NG.L/SVT.L,2021-06-07,0.3759722462927305,-16.625600410577135,-2.442402583495468
NG.L/SVT.L,2021-06-08,0.3747644734469602,-14.93346082898131,-2.0870768837015197
NG.L/SVT.L,2021-06-09,0.3739157504755241,-10.424538179939304,-1.4388499113259265
NG.L/SVT.L,2021-06-10,0.37289733391161745,-12.499338412650559,-1.6402626262577626
NG.L/SVT.L,2021-06-11,0.37190232871057455,-12.124069840614425,-1.52912035536706
NG.L/SVT.L,2021-06-14,0.3707437541100452,-14.124411172530813,-1.7287783893289173
NG.L/SVT.L,2021-06-15,0.37007127853978117,-8.0353873075411,-0.95943029408119
NG.L/SVT.L,2021-06-16,0.3697541535673269,-3.5841911274139875,-0.4094730487955337
NG.L/SVT.L,2021-06-17,0.36944528608379623,-3.494898246582011,-0.3812074650509523
NG.L/SVT.L,2021-06-18,0.36951035737805865,1.2396847792232393,0.21791326618319917
NG.L/SVT.L,2021-06-21,0.36921066559134846,-3.3865834687558163,-0.34306800727782294
NG.L/SVT.L,2021-06-22,0.3689342515594165,-3.081217028679248,-0.2861170651391407
NG.L/SVT.L,2021-06-23,0.3686428293617527,-3.318295391962806,-0.2991859990380036
NG.L/SVT.L,2021-06-24,0.36853241895620165,-0.9968315406770216,-0.01096606436477358
NG.L/SVT.L,2021-06-25,0.3684667953285774,-0.427735528783046,0.04711743334356497
NG.L/SVT.L,2021-06-28,0.3682235929907586,-2.669380073476077,-0.23228436653081938
NG.L/SVT.L,2021-06-29,0.36773882920179657,-5.715464778363071,-0.5997121023560924
NG.L/SVT.L,2021-06-30,0.36776668959465547,0.7638403100003188,0.21102237348782676
NG.L/SVT.L,2021-07-01,0.36751841612930414,-2.7300165249966994,-0.22138442354526297
NG.L/SVT.L,2021-07-02,0.3665471051848419,-11.75494270293359,-1.3040007746616842
NG.L/SVT.L,2021-07-05,0.3654800133525706,-12.949490128356615,-1.3991449028184724
NG.L/SVT.L,2021-07-06,0.36430908064974005,-14.148220343614298,-1.4909717945331356
NG.L/SVT.L,2021-07-07,0.36277464233412665,-18.39370621592036,-1.9377812651451791
NG.L/SVT.L,2021-07-08,0.36177253443302054,-12.111358391826798,-1.1646704973650255
NG.L/SVT.L,2021-07-09,0.36053432023654963,-14.958776261022535,-1.4518866066424525
NG.L/SVT.L,2021-07-12,0.3593514200247069,-14.236298117720253,-1.355259701245647
NG.L/SVT.L,2021-07-13,0.3572740234631854,-25.102100118192425,-2.4139892216144583
NG.L/SVT.L,2021-07-14,0.35559205059687404,-20.674646335701027,-1.8580639706138948
NG.L/SVT.L,2021-07-15,0.354228357785396,-16.79002830009074,-1.4031775427139255
NG.L/SVT.L,2021-07-16,0.3529702671928535,-15.185948545329325,-1.197690185003076
NG.L/SVT.L,2021-07-19,0.3516007466215086,-16.78226647558222,-1.3115062745444286
NG.L/SVT.L,2021-07-20,0.34969866207799905,-23.43717001508969,-1.886191510990598
NG.L/SVT.L,2021-07-21,0.3483121060358108,-17.06790315310718,-1.2211365202647078
NG.L/SVT.L,2021-07-22,0.3468586841184589,-17.884184176752,-1.2585007777248722
NG.L/SVT.L,2021-07-23,0.34543813481011765,-17.217308319131917,-1.1663834122275296
NG.L/SVT.L,2021-07-26,0.34437038300028155,-12.945268609556138,-0.7454059214843898
NG.L/SVT.L,2021-07-27,0.3432980751430162,-12.952681802158168,-0.7322270570585607
NG.L/SVT.L,2021-07-28,0.34221350190055955,-13.123649489484137,-0.7225036791055794
NG.L/SVT.L,2021-07-29,0.34059149396536303,-19.714728734922687,-1.2953397130188173
NG.L/SVT.L,2021-07-30,0.3386030104931744,-24.18951549462372,-1.6463587690911088
NG.L/SVT.L,2021-08-02,0.33686625892151095,-21.060778157565778,-1.309793248314419
NG.L/SVT.L,2021-08-03,0.33566772768799436,-14.541195591286623,-0.6914359059706024
NG.L/SVT.L,2021-08-04,0.33431909527146597,-16.366576223790275,-0.8294752687358458
NG.L/SVT.L,2021-08-05,0.3341184381028108,-2.115057806574555,0.4865882543375274
NG.L/SVT.L,2021-08-06,0.33510026077355287,12.889730031538193,1.812675192999819
NG.L/SVT.L,2021-08-09,0.3356310294783801,7.075420722716444,1.270875083285201
NG.L/SVT.L,2021-08-10,0.33606852423211914,5.868344469810722,1.1550886368161584
NG.L/SVT.L,2021-08-11,0.33585488290081755,-2.250620504381459,0.43407695998117846
NG.L/SVT.L,2021-08-12,0.3354393469302045,-4.744272547635433,0.2239528957649292
NG.L/SVT.L,2021-08-13,0.3349225226490958,-5.9748300825652905,0.13649979755284594
NG.L/SVT.L,2021-08-16,0.33422169902724874,-8.240859687886314,-0.04431531204331717
NG.L/SVT.L,2021-08-17,0.33341874934115706,-9.457578630018702,-0.125894712907776
NG.L/SVT.L,2021-08-18,0.33423003334677015,10.611525876022938,1.7824341084777593
NG.L/SVT.L,2021-08-19,0.33582497423205593,20.55449128106727,2.5929216411735525
NG.L/SVT.L,2021-08-20,0.3370457201556457,15.761615214658718,2.1726028134991977
NG.L/SVT.L,2021-08-23,0.33769816947492376,8.656179969853042,1.5371177102563613
NG.L/SVT.L,2021-08-24,0.33812176004666566,5.76546804479608,1.287909885696082
NG.L/SVT.L,2021-08-25,0.3385360714711414,5.714240082542915,1.3458613247460631
NG.L/SVT.L,2021-08-26,0.33888993424428454,4.947035448211295,1.2279308384823358
NG.L/SVT.L,2021-08-27,0.33883778702535716,-0.2572546089769503,0.7039804109183788
NG.L/SVT.L,2021-08-31,0.33914496957423657,4.316839234297959,1.1054851856450942
NG.L/SVT.L,2021-09-01,0.33864143741274066,-5.866122729770154,0.11694382322379582
NG.L/SVT.L,2021-09-02,0.3381258292467444,-6.039477547220486,0.09332480718313864
NG.L/SVT.L,2021-09-03,0.3376972748276313,-4.9734062660878635,0.18423087719391104
NG.L/SVT.L,2021-09-06,0.3367719056230621,-11.170685582878377,-0.41521816863497724
NG.L/SVT.L,2021-09-07,0.33578814364592724,-11.949642080782496,-0.49493888966857114
NG.L/SVT.L,2021-09-08,0.3353820713434237,-4.6330511109061945,0.20709258804300695
NG.L/SVT.L,2021-09-09,0.3353763377645293,0.33555664735945356,0.6790007414820889
NG.L/SVT.L,2021-09-10,0.3351511373371427,-2.43748605743815,0.40979002209629045
NG.L/SVT.L,2021-09-13,0.3359911503894264,10.913454659358194,1.6486680148401822
NG.L/SVT.L,2021-09-14,0.33673639387692467,9.685984123260482,1.4842133613220834
NG.L/SVT.L,2021-09-15,0.3374132800870187,8.927454306743016,1.3734707930910715
NG.L/SVT.L,2021-09-16,0.33769835693751343,3.9510360013546233,0.9020793335692051
NG.L/SVT.L,2021-09-17,0.33924167391360677,20.1079201158077,2.2369893363763387
NG.L/SVT.L,2021-09-20,0.3402260316122708,12.966462662747972,1.5657986227490586
NG.L/SVT.L,2021-09-21,0.34013573397913976,-0.7211828639731266,0.3968255171843405
NG.L/SVT.L,2021-09-22,0.3402941394343004,2.421507622835861,0.6503491009505641
NG.L/SVT.L,2021-09-23,0.3401931537795065,-0.883354496918173,0.3728469680777547
NG.L/SVT.L,2021-09-24,0.34035872622370966,2.558892142842069,0.6553639763245276
NG.L/SVT.L,2021-09-27,0.3406504981799547,4.217169193920881,0.771211773293024
NG.L/SVT.L,2021-09-28,0.34100217343941347,5.030523392561463,0.8131285169001248
NG.L/SVT.L,2021-09-29,0.341185674639193,2.778915145212409,0.6011632391179756
NG.L/SVT.L,2021-09-30,0.3408968051987567,-3.3287420765287834,0.06497892181862357
NG.L/SVT.L,2021-10-01,0.34136141244804036,6.379709641437671,0.8664689183652121
NG.L/SVT.L,2021-10-04,0.34196280781614663,8.063403857306412,0.9769401553432104
NG.L/SVT.L,2021-10-05,0.3423074995004385,4.739514140259985,0.668999043501767
NG.L/SVT.L,2021-10-06,0.3423482528727033,0.9226306337836832,0.3148902666039429
NG.L/SVT.L,2021-10-07,0.3419339919434158,-4.82941667520538,-0.2205951322485585
NG.L/SVT.L,2021-10-08,0.3418439515809238,-0.7437690415431462,0.12549676416407068
NG.L/SVT.L,2021-10-11,0.34138870639483043,-5.378259549681388,-0.3171459259412153
NG.L/SVT.L,2021-10-12,0.3407802037934316,-7.260187456463882,-0.5132850491082759
NG.L/SVT.L,2021-10-13,0.3403065924001979,-5.491064026820368,-0.38887187441934057
NG.L/SVT.L,2021-10-14,0.3396754850034487,-7.461507503646999,-0.6063867516107436
NG.L/SVT.L,2021-10-15,0.3404522054569787,10.397094477502037,1.1283923594579641
NG.L/SVT.L,2021-10-18,0.3412932200667187,11.101349870463082,1.1654091274619618
NG.L/SVT.L,2021-10-19,0.3417441464354924,6.1216094127469205,0.634934062458183
NG.L/SVT.L,2021-10-20,0.3424451111133296,9.234899493610556,0.9233577939428913
NG.L/SVT.L,2021-10-21,0.3425381257398148,1.5792455388238977,0.1089730061871579
NG.L/SVT.L,2021-10-22,0.3423383340073723,-2.086982199604222,-0.3194820332458097
NG.L/SVT.L,2021-10-25,0.3422407377544735,-0.8176320455943369,-0.23915361729360007
NG.L/SVT.L,2021-10-26,0.34204672436410066,-1.998649212365649,-0.4405609695000578
NG.L/SVT.L,2021-10-27,0.34228601563825145,3.366844624881992,0.19659988539912812
NG.L/SVT.L,2021-10-28,0.3421673948271516,-1.0474020989522614,-0.4252722254648465
NG.L/SVT.L,2021-10-29,0.34202863129465394,-1.3258625207078012,-0.46515111892437255
NG.L/SVT.L,2021-11-01,0.3425399179492152,6.799117820879019,0.6583708836712127
NG.L/SVT.L,2021-11-02,0.3425284735864586,0.2655441781226955,-0.22475475397490455
NG.L/SVT.L,2021-11-03,0.342328214066232,-2.086881413118249,-0.5310512779261485
NG.L/SVT.L,2021-11-04,0.34157690044245187,-8.813075235689325,-1.422307485809061
NG.L/SVT.L,2021-11-05,0.34176028299833255,2.7184841733421763,0.1287295712652047
NG.L/SVT.L,2021-11-08,0.3421434593099583,5.246264732599002,0.4524940981219017
NG.L/SVT.L,2021-11-09,0.3427605928031694,8.304024996593625,0.8454427357768655
NG.L/SVT.L,2021-11-10,0.3434680034083087,9.234223355569384,0.946426915989436
NG.L/SVT.L,2021-11-11,0.34357383529615354,1.7163122627571283,-0.09840216920899378
NG.L/SVT.L,2021-11-12,0.34389006080972945,4.316499900485155,0.33245371172446786
NG.L/SVT.L,2021-11-15,0.3445737569870587,8.927652705542869,1.0820285025403105
NG.L/SVT.L,2021-11-16,0.34566049826087,14.206536908921294,1.8546329614971309
NG.L/SVT.L,2021-11-17,0.34659353550869487,12.219550372373533,1.5072239950430306
NG.L/SVT.L,2021-11-18,0.34754915365936323,12.373428756472208,1.4880831732833555
NG.L/SVT.L,2021-11-19,0.3479540899969383,5.47033280597816,0.46374952369013195
NG.L/SVT.L,2021-11-22,0.348674377829566,9.470414189947974,1.0240088658750122
NG.L/SVT.L,2021-11-23,0.3493395556046261,8.721622621266988,0.8974675298336774
NG.L/SVT.L,2021-11-24,0.3495166814934049,2.599825544787109,-0.01707137141501777
NG.L/SVT.L,2021-11-25,0.3491977864385269,-3.4956949705832585,-0.931718466996436
NG.L/SVT.L,2021-11-26,0.34848865693721237,-8.323549287603555,-1.6236479366808665
NG.L/SVT.L,2021-11-29,0.34766835928600404,-9.724001160224134,-1.846404531195085
NG.L/SVT.L,2021-11-30,0.3478336169624063,2.473539382999661,-0.07625243875005996
NG.L/SVT.L,2021-12-01,0.34830803861372417,6.372434188395573,0.5036706593999986
NG.L/SVT.L,2021-12-02,0.3484496278412537,2.2175925549687463,-0.15080139688162608
NG.L/SVT.L,2021-12-03,0.3490989600542521,8.590225511794642,0.8185972313841551
NG.L/SVT.L,2021-12-06,0.35067810719260417,20.155664375551737,2.4929700629997735
NG.L/SVT.L,2021-12-07,0.3518323780207435,14.781764532541501,1.6475002577964972
NG.L/SVT.L,2021-12-08,0.3528065444582522,12.453438593480655,1.2839596626006733
NG.L/SVT.L,2021-12-09,0.35399103064881576,15.047543324994876,1.599388451872549
NG.L/SVT.L,2021-12-10,0.35494909498071314,12.280461864358358,1.2661270731748169
NG.L/SVT.L,2021-12-13,0.35552876665186334,7.593605506134054,0.5942672633312152
NG.L/SVT.L,2021-12-14,0.35685255700802815,17.01178263465681,1.9057884556633624
NG.L/SVT.L,2021-12-15,0.35763390349359014,10.125912031282041,0.8789238497826064
NG.L/SVT.L,2021-12-16,0.3579734835224974,4.6838395487513935,0.07841155201856537
NG.L/SVT.L,2021-12-17,0.35957089700039985,20.30166034481499,2.207203190888274
NG.L/SVT.L,2021-12-20,0.3611115440561815,19.679103474339172,2.0107751768888016
NG.L/SVT.L,2021-12-21,0.3628235258346584,21.769033320192648,2.1612423088532724
NG.L/SVT.L,2021-12-22,0.36398219577510343,14.820528841941496,1.2257816357476548
NG.L/SVT.L,2021-12-23,0.36444101235423115,6.0931219138549295,0.09742401941790091
NG.L/SVT.L,2021-12-24,0.3647492810404637,4.2444825652482905,-0.13537859285080964
NG.L/SVT.L,2021-12-29,0.364807883510586,1.130942250605358,-0.5196845432633953
NG.L/SVT.L,2021-12-30,0.3647098586499633,-0.8168037266018473,-0.7538956639598438
NG.L/SVT.L,2021-12-31,0.36369960635539317,-12.271177566858114,-2.1073629743327906
NG.L/SVT.L,2022-01-04,0.3642404904632312,7.206210858915711,0.26556621798345875
NG.L/SVT.L,2022-01-05,0.3640338464370289,-2.1959565920012665,-0.8987767066024549
NG.L/SVT.L,2022-01-06,0.36339116652764475,-7.685073078651385,-1.5642863281716397
NG.L/SVT.L,2022-01-07,0.36304129155968634,-4.002541347811302,-1.1272979867244177
NG.L/SVT.L,2022-01-10,0.3639143845331786,11.583978935184405,0.7830969271605197
NG.L/SVT.L,2022-01-11,0.3646793641855505,10.174514817695808,0.5806402998683889
NG.L/SVT.L,2022-01-12,0.3660425711747236,17.828259298172497,1.5189865144338328
NG.L/SVT.L,2022-01-13,0.36748402361560656,18.592787508753645,1.571257469160476
NG.L/SVT.L,2022-01-14,0.36865248782330423,14.919002979797597,1.087440873197043
NG.L/SVT.L,2022-01-17,0.3695247159260403,11.26556805616815,0.6346352811073239
NG.L/SVT.L,2022-01-18,0.37043062895810175,11.678825504865927,0.6637538637114755
NG.L/SVT.L,2022-01-19,0.3709848049268146,7.285424541417569,0.10958795754437789
NG.L/SVT.L,2022-01-20,0.37156860879536624,7.667472808291905,0.1401427043607105
NG.L/SVT.L,2022-01-21,0.3720241046667337,6.128093127876355,-0.06807427438067737
NG.L/SVT.L,2022-01-24,0.3723481589053734,4.489630197845827,-0.2756745180507815
NG.L/SVT.L,2022-01-25,0.37339735315087275,13.726043027978221,0.8518438296015856
NG.L/SVT.L,2022-01-26,0.37349370106950824,1.6204752625842502,-0.6768860321155522
NG.L/SVT.L,2022-01-27,0.3740254906948368,6.994187075289801,0.0006057628173883668
NG.L/SVT.L,2022-01-28,0.37462496741632395,7.914236966103772,0.10121102359778056
NG.L/SVT.L,2022-01-31,0.37479366906760103,2.535401841246312,-0.5965477206262351
NG.L/SVT.L,2022-02-01,0.37504618595714284,3.5534060525988025,-0.5102984209533573
NG.L/SVT.L,2022-02-02,0.3753137936538302,3.7134674393880687,-0.4918766922239537
NG.L/SVT.L,2022-02-03,0.37649628572097704,15.39091576116266,1.028001734076184
NG.L/SVT.L,2022-02-04,0.3769737583171678,6.521680954090925,-0.1362105916532458
NG.L/SVT.L,2022-02-07,0.3782515308018901,16.87844090225076,1.1964225982358925
NG.L/SVT.L,2022-02-08,0.3790102170195563,10.031826402170964,0.28883579557495587
NG.L/SVT.L,2022-02-09,0.3790771260474393,1.2455136563353335,-0.8490920977103492
NG.L/SVT.L,2022-02-10,0.37920646380450784,2.0138201923475663,-0.7308781438071447
NG.L/SVT.L,2022-02-11,0.3795253307656679,4.374899069626736,-0.40572864333549247
NG.L/SVT.L,2022-02-14,0.379541979654837,0.6187666166711097,-0.8667019373446931
NG.L/SVT.L,2022-02-15,0.379595695727857,1.0862064287323392,-0.7804485490086006
NG.L/SVT.L,2022-02-16,0.37968016444989927,1.4684552923808951,-0.7193363532369109
NG.L/SVT.L,2022-02-17,0.37992578581000935,3.505884989904189,-0.4432485190189303
NG.L/SVT.L,2022-02-18,0.3802993504249289,5.076566629486706,-0.2329243908077301
NG.L/SVT.L,2022-02-21,0.38033597251926293,0.8687003865575207,-0.7697405407227376
NG.L/SVT.L,2022-02-22,0.38124189739120395,12.030080237207358,0.6398831008900518
NG.L/SVT.L,2022-02-23,0.38171238655717427,6.334839897966276,-0.1379646995449549
NG.L/SVT.L,2022-02-24,0.38257944255722864,11.690818486773196,0.5612356307424861
NG.L/SVT.L,2022-02-25,0.38447435695315035,24.127045056384986,2.18104216746366
NG.L/SVT.L,2022-02-28,0.3860871797029799,20.083967045067993,1.5671116893828665
NG.L/SVT.L,2022-03-01,0.3871399053949552,13.240691734265738,0.6337027022758324
NG.L/SVT.L,2022-03-02,0.3884941339911097,17.349110173575127,1.1487066737164588
NG.L/SVT.L,2022-03-03,0.3883664725241385,-1.1880115080141422,-1.2557479775490332
NG.L/SVT.L,2022-03-04,0.3878021693937145,-6.627405366942185,-1.8822607092106485
NG.L/SVT.L,2022-03-07,0.38728857250497783,-5.97660424626406,-1.7181036235403433
NG.L/SVT.L,2022-03-08,0.38844746697257737,15.15510017457359,0.9529207927797734
NG.L/SVT.L,2022-03-09,0.38934317284544534,11.505014690289272,0.49365722313539684
NG.L/SVT.L,2022-03-10,0.3900832328820916,9.650363306388499,0.2545543965540472
NG.L/SVT.L,2022-03-11,0.39077052215009883,9.169557125729852,0.21279944579538868
NG.L/SVT.L,2022-03-14,0.39113888614757214,5.026718194196064,-0.30642860963958335
NG.L/SVT.L,2022-03-15,0.39201582205342067,11.179566758583633,0.46668149273750453
NG.L/SVT.L,2022-03-16,0.3917805166157601,-2.5583300052169307,-1.2533524518638524
NG.L/SVT.L,2022-03-17,0.39113656377084416,-7.508088093148217,-1.8222808493148586
NG.L/SVT.L,2022-03-18,0.389852917906352,-15.398235732423473,-2.667976066111122
NG.L/SVT.L,2022-03-21,0.38838151977910357,-17.7464086240484,-2.7282697074349738
NG.L/SVT.L,2022-03-22,0.3868042354329179,-19.202209818111214,-2.668921430388739
NG.L/SVT.L,2022-03-23,0.38652528005899545,-3.1521891040697483,-0.8875688938340809
NG.L/SVT.L,2022-03-24,0.38575509480208625,-9.189182722721625,-1.4994368057153722
NG.L/SVT.L,2022-03-25,0.3853467015775566,-4.67305695013124,-1.0034155566096323
NG.L/SVT.L,2022-03-28,0.38434756856702423,-11.870856147432505,-1.7727076816070726
NG.L/SVT.L,2022-03-29,0.384594673326871,3.468077744179027,-0.1310050587745171
NG.L/SVT.L,2022-03-30,0.38443181653232994,-1.569428228312745,-0.6698817237604534
NG.L/SVT.L,2022-03-31,0.38366947886572716,-8.818809993819059,-1.4375294105349679
NG.L/SVT.L,2022-04-01,0.3826046030503083,-12.63572155594511,-1.7904643148832025
NG.L/SVT.L,2022-04-04,0.38152026616822876,-12.84368736237434,-1.7314301070204174
NG.L/SVT.L,2022-04-05,0.3810230027471739,-5.525875954217781,-0.954161823066614
NG.L/SVT.L,2022-04-06,0.38084694822072,-1.7100877726759336,-0.5419301221310444
NG.L/SVT.L,2022-04-07,0.3812888955996078,5.846721228416527,0.263921368395974
NG.L/SVT.L,2022-04-08,0.38329743832808755,25.53126235622676,2.241847363434285
NG.L/SVT.L,2022-04-11,0.3863806914288104,39.875921401578125,3.3089254909325807
NG.L/SVT.L,2022-04-12,0.3870529885412206,8.90667928503376,0.4586937126708978
NG.L/SVT.L,2022-04-13,0.3866999713895163,-4.012635414313763,-0.7156134994310566
NG.L/SVT.L,2022-04-14,0.38641922403092493,-3.1049897170591976,-0.614155990399769
NG.L/SVT.L,2022-04-19,0.38621731538879567,-2.148274475736798,-0.5126216361790602
NG.L/SVT.L,2022-04-20,0.3862353242456973,0.6327255778910512,-0.2514555175287171
NG.L/SVT.L,2022-04-21,0.3859144862344121,-3.6394305797953166,-0.6194803113064952
NG.L/SVT.L,2022-04-22,0.3856261261007439,-3.183244614375326,-0.5685799439392023
NG.L/SVT.L,2022-04-25,0.38581766959648994,2.7897767066110646,-0.013372670758567627
NG.L/SVT.L,2022-04-26,0.385732142637043,-0.6346228722261458,-0.3155557147872648
NG.L/SVT.L,2022-04-27,0.3850367861004301,-8.011565593299338,-0.9706025888097837
NG.L/SVT.L,2022-04-28,0.3853606214131696,4.354335569225896,0.15742234199163882
NG.L/SVT.L,2022-04-29,0.38413273150009597,-14.760098239035415,-1.5281677369444264
NG.L/SVT.L,2022-05-03,0.3849064390794947,10.201329020731237,0.7179126629806519
NG.L/SVT.L,2022-05-04,0.3858778135295505,12.803811571046936,0.9370747256652494
NG.L/SVT.L,2022-05-05,0.3861571633305722,3.8693769927806443,0.15863764976237466
NG.L/SVT.L,2022-05-06,0.3875362878883435,18.103212927026334,1.42099618518001
NG.L/SVT.L,2022-05-09,0.38955179750781815,26.35170804349923,2.0453683170585695
NG.L/SVT.L,2022-05-10,0.39103577888217234,19.134286705364275,1.374286849062182
NG.L/SVT.L,2022-05-11,0.39135058804385087,4.281722556963359,0.11227767215296795
NG.L/SVT.L,2022-05-12,0.392092047838746,9.693821644557374,0.5580289643758977
NG.L/SVT.L,2022-05-13,0.39290154063915916,10.315424234186139,0.5960064790612273
NG.L/SVT.L,2022-05-16,0.39305297009890633,2.247901733033814,-0.08714434364737972
NG.L/SVT.L,2022-05-17,0.39359759059447125,7.06927477406748,0.3152256048583955
NG.L/SVT.L,2022-05-18,0.3942500572600718,8.401033551087039,0.4224798936550838
NG.L/SVT.L,2022-05-19,0.39381398377975924,-5.065954934118054,-0.7026030770222758
NG.L/SVT.L,2022-05-20,0.39277173781218744,-12.485169934015858,-1.2793764477440321
NG.L/SVT.L,2022-05-23,0.39216193597472154,-7.081822257507383,-0.8070358241309163
NG.L/SVT.L,2022-05-24,0.3913704760868235,-9.330610247944833,-0.9612047299297266
NG.L/SVT.L,2022-05-25,0.39291824345482584,19.99415322639038,1.4795784053650385
NG.L/SVT.L,2022-05-26,0.3947943962367916,25.05638219137336,1.8725029215815447
NG.L/SVT.L,2022-05-27,0.3949826632856494,2.841566022140796,0.05715763403158397
NG.L/SVT.L,2022-05-30,0.3943360851387202,-7.778791033529615,-0.795780351079858
NG.L/SVT.L,2022-05-31,0.3956551910958851,17.330834217557822,1.2619412978498363
NG.L/SVT.L,2022-06-01,0.39562219087159095,-0.024082240152210943,-0.18040426603729764
NG.L/SVT.L,2022-06-06,0.39502301613526947,-7.221679672486516,-0.7742817184952709
NG.L/SVT.L,2022-06-07,0.392638698306483,-29.576383796623077,-2.4514151084608655
NG.L/SVT.L,2022-06-08,0.39005210690766834,-32.13613923440016,-2.469893577565426
NG.L/SVT.L,2022-06-09,0.38693701438384365,-38.54424588869415,-2.713076748682831
NG.L/SVT.L,2022-06-10,0.38470707145638283,-27.66653957740209,-1.851079253367248
NG.L/SVT.L,2022-06-13,0.3822252568140818,-30.61841030231949,-1.9489199297045878
NG.L/SVT.L,2022-06-14,0.3807635672836031,-18.48381534778332,-1.1028777616211567
NG.L/SVT.L,2022-06-15,0.37851673189871726,-27.752096151234127,-1.6493891481899294
NG.L/SVT.L,2022-06-16,0.37589889664962123,-32.477675591829666,-1.871062837389438
NG.L/SVT.L,2022-06-17,0.3732423649866692,-33.00574207083173,-1.840079685668144
NG.L/SVT.L,2022-06-20,0.37289401692172547,-4.068651628235102,-0.08147380413473654
NG.L/SVT.L,2022-06-21,0.37264426678042795,-2.809781948090631,-0.020834834213519466
NG.L/SVT.L,2022-06-22,0.37341480873467536,10.363770190499736,0.781260790173298
NG.L/SVT.L,2022-06-23,0.3740563488207015,8.711404653681711,0.6590119736578525
NG.L/SVT.L,2022-06-24,0.3745231421966963,6.231784851236625,0.49361011736778926
NG.L/SVT.L,2022-06-27,0.3739181369848573,-6.990678677955884,-0.32788335207783087
NG.L/SVT.L,2022-06-28,0.37674478769017866,36.686293716621094,2.2375887168206883
NG.L/SVT.L,2022-06-29,0.3782943653484432,19.78013739627704,1.2011170904865252
NG.L/SVT.L,2022-06-30,0.37975285438690526,19.20621997044259,1.129834830231439
NG.L/SVT.L,2022-07-01,0.38145833624224473,21.97219807329293,1.2451287122191728
NG.L/SVT.L,2022-07-04,0.38234240661424945,11.439135825031144,0.6187202936924291
NG.L/SVT.L,2022-07-05,0.38287522984611805,7.122117123929684,0.3585872062096493
NG.L/SVT.L,2022-07-06,0.38453130843168043,21.284130632141796,1.137496349712621
NG.L/SVT.L,2022-07-07,0.38547590251466096,12.30548147670379,0.6195480057580238
NG.L/SVT.L,2022-07-08,0.38630479035274157,10.948965021867025,0.5641140634662702
NG.L/SVT.L,2022-07-11,0.3865266304531333,3.1602009622104106,0.15876492148288196
NG.L/SVT.L,2022-07-12,0.3862151844878507,-3.430747481829485,-0.22506559227213271
NG.L/SVT.L,2022-07-13,0.3859715013557273,-2.603821343628397,-0.17678973381625165
NG.L/SVT.L,2022-07-14,0.385528759915124,-5.054286154022748,-0.32211946695549215
NG.L/SVT.L,2022-07-15,0.38777762231689566,29.14352880711749,1.6624946969028396
NG.L/SVT.L,2022-07-18,0.3885810919795914,10.459757510523787,0.5546069490392416
NG.L/SVT.L,2022-07-19,0.38873853973813366,2.3657390488021974,0.07490663184136515
NG.L/SVT.L,2022-07-20,0.38801621861644275,-8.546120399600568,-0.5578916917054146
NG.L/SVT.L,2022-07-21,0.38579089354856855,-27.16322920064158,-1.581882551424831
NG.L/SVT.L,2022-07-22,0.38394927359484443,-22.040719926090105,-1.2513496786623417
NG.L/SVT.L,2022-07-25,0.38379330245132875,-1.5357526966467958,-0.10089204807729972
NG.L/SVT.L,2022-07-26,0.38417841865343155,5.189369126510201,0.2783009184251007
NG.L/SVT.L,2022-07-27,0.38463781647097195,6.200021366509873,0.3173669162980242
NG.L/SVT.L,2022-07-28,0.3842590920892058,-4.2960919403753905,-0.26563914336989153
NG.L/SVT.L,2022-07-29,0.38408206705835857,-1.7678517586164162,-0.10838163640221798
NG.L/SVT.L,2022-08-01,0.38309973217391785,-11.733397404756943,-0.6608659685705743
NG.L/SVT.L,2022-08-02,0.38293188454399213,-1.6416787584862504,-0.06790175653752101
NG.L/SVT.L,2022-08-03,0.38236903799428884,-6.559814779472617,-0.3255903191814403
NG.L/SVT.L,2022-08-04,0.3816920361082341,-7.937506973265272,-0.3841041044608716
NG.L/SVT.L,2022-08-05,0.38102524631207924,-7.953176887570635,-0.37286643413754816
NG.L/SVT.L,2022-08-08,0.3812496771799048,3.2159543474767815,0.2966948378923439
NG.L/SVT.L,2022-08-09,0.3819488153026743,9.078693294985897,0.6471780521688946
NG.L/SVT.L,2022-08-10,0.3815380464486341,-4.69165324567075,-0.16571599664839265
NG.L/SVT.L,2022-08-11,0.3813481291578638,-1.97352275131243,0.005120968140177477
NG.L/SVT.L,2022-08-12,0.3816776201986211,4.534179339600996,0.39822148067479235
NG.L/SVT.L,2022-08-15,0.38257125034450673,11.56749961268497,0.7981103108136345
NG.L/SVT.L,2022-08-16,0.38377108676522054,15.273069434733543,0.9861288439401312
NG.L/SVT.L,2022-08-17,0.3853988235018365,20.864830914940285,1.2727169601650237
NG.L/SVT.L,2022-08-18,0.38670725777814347,16.78086332568705,1.0019977296779776
NG.L/SVT.L,2022-08-19,0.38792844954514244,15.701141784301399,0.9477593934030163
NG.L/SVT.L,2022-08-22,0.3896844579309285,22.29316755704508,1.339966233305852
NG.L/SVT.L,2022-08-23,0.3900344546269092,4.826446741699783,0.31554379954923856
NG.L/SVT.L,2022-08-24,0.39026244103572544,3.2933749281758082,0.21530806454373444
NG.L/SVT.L,2022-08-25,0.39096296973889283,9.389821657924813,0.5838419358687649
NG.L/SVT.L,2022-08-26,0.39240038078942635,18.896571986222853,1.1135313926108563
NG.L/SVT.L,2022-08-30,0.3938685895319846,19.437681971801794,1.1088553882350947
NG.L/SVT.L,2022-08-31,0.3925749940077779,-16.29648425000346,-0.9858086295577054
NG.L/SVT.L,2022-09-01,0.39199361755000506,-7.107521154775668,-0.48457816892704914
NG.L/SVT.L,2022-09-02,0.39065824140153105,-16.51585036151414,-1.1223867093247935
NG.L/SVT.L,2022-09-05,0.39045142018907575,-2.20004894138674,-0.2519994644714193
NG.L/SVT.L,2022-09-06,0.3896637456739356,-9.532404270767984,-0.7779873386769228
NG.L/SVT.L,2022-09-07,0.3891045159206798,-6.692012603675039,-0.6081861199547608
NG.L/SVT.L,2022-09-08,0.3892546425480336,2.3368016115550745,-0.027416333434465288
NG.L/SVT.L,2022-09-09,0.388921372277035,-3.7997482013813624,-0.5235561032600122
NG.L/SVT.L,2022-09-12,0.38795566360547507,-11.577487843749623,-1.1959180304358745
NG.L/SVT.L,2022-09-13,0.3878599247229833,-0.7947528651532139,-0.34902518978856545
NG.L/SVT.L,2022-09-14,0.3886130500694093,10.231809240868643,0.5067920005929328
NG.L/SVT.L,2022-09-15,0.3889936644819852,5.393470104246035,0.1305556800298929
NG.L/SVT.L,2022-09-16,0.38935977615886114,5.146450336990711,0.11581142747057813
NG.L/SVT.L,2022-09-20,0.3894477878463696,1.5536643102650487,-0.1634395707391662
NG.L/SVT.L,2022-09-21,0.38990642703998935,6.256986027594849,0.19384010016970052
NG.L/SVT.L,2022-09-22,0.3916782428795836,23.663606979503697,1.6656043032851766
NG.L/SVT.L,2022-09-23,0.39272328685804836,14.075668187020483,0.8848995357048404
NG.L/SVT.L,2022-09-26,0.3945134424753117,24.564343077797616,1.7364605210723651
NG.L/SVT.L,2022-09-27,0.39640155598871535,26.725243124027088,1.88746597125342
NG.L/SVT.L,2022-09-28,0.39766969203887526,17.153350027620945,1.0879866090467654
NG.L/SVT.L,2022-09-29,0.3981174124799048,6.400994050637223,0.21405489465471053
NG.L/SVT.L,2022-09-30,0.3976550543454519,-5.6561124120474915,-0.7403904219037803
NG.L/SVT.L,2022-10-03,0.3962620506170329,-17.391476636153357,-1.636167406567182
NG.L/SVT.L,2022-10-04,0.393832716017742,-30.08218570411759,-2.4754732968372335
NG.L/SVT.L,2022-10-05,0.3932614668397819,-7.011355935121401,-0.6874331820175537
NG.L/SVT.L,2022-10-06,0.39268858665599177,-7.106890890583372,-0.6882468672568045
NG.L/SVT.L,2022-10-07,0.39245354237116575,-2.671204166978896,-0.34967529111854345
NG.L/SVT.L,2022-10-10,0.3931274804867464,9.381745408090524,0.5515622247209248
NG.L/SVT.L,2022-10-11,0.39296629493034596,-1.7288169934489588,-0.2665847892012931
NG.L/SVT.L,2022-10-12,0.3922092005280711,-9.715784375207022,-0.870420013747611
NG.L/SVT.L,2022-10-13,0.39066123366915667,-19.699894748718066,-1.5941728821214656
NG.L/SVT.L,2022-10-14,0.3888274671769027,-22.851052099792923,-1.7772380479342287
NG.L/SVT.L,2022-10-17,0.38714194016021036,-20.191855408013907,-1.6120267650849893
NG.L/SVT.L,2022-10-18,0.3854235392915234,-20.821410844000752,-1.6664267034871016
NG.L/SVT.L,2022-10-19,0.3854228978873123,0.3997119077755542,-0.0357257342151598
NG.L/SVT.L,2022-10-20,0.3854738748938606,1.0620861278308666,0.020580143100299035
NG.L/SVT.L,2022-10-21,0.38475072927191467,-8.732975496101858,-0.7129312814547751
NG.L/SVT.L,2022-10-24,0.3840031341606154,-8.842629451751918,-0.7132415714673606
NG.L/SVT.L,2022-10-25,0.3835694138072988,-4.9130923407354885,-0.4077978547095033
NG.L/SVT.L,2022-10-26,0.38236669489194125,-14.496501902026239,-1.1331736616065808
NG.L/SVT.L,2022-10-27,0.3812669964909304,-13.134985660124357,-1.00612040586029
NG.L/SVT.L,2022-10-28,0.38043174528115387,-9.901770403683258,-0.7555603424610251
NG.L/SVT.L,2022-10-31,0.3801379711747413,-3.271533134504807,-0.2624653689997503
NG.L/SVT.L,2022-11-01,0.3808970833601781,9.964451488457598,0.7141835515412879
NG.L/SVT.L,2022-11-02,0.3808960051400102,0.39445537772496664,-0.004494267401516074
NG.L/SVT.L,2022-11-03,0.3821212110274912,16.09886619507506,1.162792123757885
NG.L/SVT.L,2022-11-04,0.38156225117905207,-6.531137187730451,-0.5289709515853676
NG.L/SVT.L,2022-11-07,0.38022872892839077,-16.22997175780722,-1.2210813409446128
NG.L/SVT.L,2022-11-08,0.3789902811609209,-14.747742201955475,-1.0778312826096985
NG.L/SVT.L,2022-11-09,0.3780674054620408,-10.922546195481459,-0.7713182919924256
NG.L/SVT.L,2022-11-10,0.37740228287127586,-7.594612751707359,-0.5042679702882806
NG.L/SVT.L,2022-11-11,0.37649370898146545,-10.856441912538799,-0.7192464932402627
NG.L/SVT.L,2022-11-14,0.37453068266246503,-23.370222246940102,-1.600814987815693
NG.L/SVT.L,2022-11-15,0.37424614504747,-3.1709066707296643,-0.06714308094202581
NG.L/SVT.L,2022-11-16,0.3744369206464449,2.806570443864075,0.4238885406296141
NG.L/SVT.L,2022-11-17,0.3751817840522083,9.922242112573144,0.9688378400484685
NG.L/SVT.L,2022-11-18,0.3746950488154337,-5.613554880406468,-0.22896791362558228
NG.L/SVT.L,2022-11-21,0.3745608396134066,-1.245466791818444,0.12618330658194193
NG.L/SVT.L,2022-11-22,0.37488606372031247,4.47111161226735,0.607477789683242
NG.L/SVT.L,2022-11-23,0.3738480131717704,-12.345006137645441,-0.7179280376273509
NG.L/SVT.L,2022-11-24,0.3708787801756369,-35.794554237509146,-2.499675586077573
NG.L/SVT.L,2022-11-25,0.36914110893144625,-21.116567146519174,-1.3101510841918087
NG.L/SVT.L,2022-11-28,0.3685217880036102,-7.41625324829829,-0.26392750753427263
NG.L/SVT.L,2022-11-29,0.3690254179150908,6.909503945683355,0.835705581268465
NG.L/SVT.L,2022-11-30,0.3698772296762374,11.329619728710668,1.1401223064561083
NG.L/SVT.L,2022-12-01,0.3711335586459723,16.398542378218508,1.471993952230039
NG.L/SVT.L,2022-12-02,0.3714158584167603,3.9665848795727925,0.5330705133441851
NG.L/SVT.L,2022-12-05,0.371458358745838,0.9389655900170055,0.2990930553896917
NG.L/SVT.L,2022-12-06,0.3720015388043571,7.311689709730786,0.7535534661682878
NG.L/SVT.L,2022-12-07,0.3722658986633951,3.7481319463275895,0.47942877967466035
NG.L/SVT.L,2022-12-08,0.3724417816877307,2.6325229514146713,0.40801430991305765
NG.L/SVT.L,2022-12-09,0.3721738645103389,-2.9560381464582406,-0.0031628019945031485
NG.L/SVT.L,2022-12-12,0.3721855763969713,0.5566257647429893,0.2692339678001062
NG.L/SVT.L,2022-12-13,0.3721329912081332,-0.2542794841505156,0.21011160884482702
NG.L/SVT.L,2022-12-14,0.3725091646652793,5.120538997841891,0.620345000547725
NG.L/SVT.L,2022-12-15,0.3722139990177708,-3.2883237249614012,0.015829771566817367
NG.L/SVT.L,2022-12-16,0.37172735296338016,-5.824357131687407,-0.16067721937058782
NG.L/SVT.L,2022-12-19,0.37157913507478113,-1.4876114233218232,0.2324312463101804
NG.L/SVT.L,2022-12-20,0.3717571803188084,2.6916450271112353,0.654179430209559
NG.L/SVT.L,2022-12-21,0.3722779733025832,7.050529392902831,1.0823179955792162
NG.L/SVT.L,2022-12-22,0.37292979206525173,8.749115596662705,1.2285543556615475
NG.L/SVT.L,2022-12-23,0.3729286759804103,0.3937254109381456,0.460109975008861
NG.L/SVT.L,2022-12-28,0.3731205099287428,2.8240625609066683,0.654927004419653
NG.L/SVT.L,2022-12-29,0.3730681893804034,-0.24715493444023195,0.3455433106721128
NG.L/SVT.L,2022-12-30,0.3735729896233763,6.847136770906445,0.9960199616268637
NG.L/SVT.L,2023-01-03,0.37353748718882673,-0.039712546281634786,0.32940381565032917
NG.L/SVT.L,2023-01-04,0.3731239756007958,-4.6259966926140805,-0.10396782099777337
NG.L/SVT.L,2023-01-05,0.3733326873085552,2.9971247121973192,0.6377622383650305
NG.L/SVT.L,2023-01-06,0.37343456012167187,1.6584100938694064,0.5027464366484963
NG.L/SVT.L,2023-01-09,0.37437240271623773,12.24082523666084,1.4594902169787862
NG.L/SVT.L,2023-01-10,0.37428962487323925,-0.6378999556478675,0.218070229976132
NG.L/SVT.L,2023-01-11,0.37364848788149185,-7.574587871692984,-0.4901378065031083
NG.L/SVT.L,2023-01-12,0.37350183445481044,-1.4204295904373794,0.09314459907080905
NG.L/SVT.L,2023-01-13,0.3735277896910223,0.7341579852391078,0.2852316961076513
NG.L/SVT.L,2023-01-16,0.3730772142211306,-5.27846327959719,-0.33812530922882583
NG.L/SVT.L,2023-01-17,0.37327864908777864,2.931789916959133,0.5224806968390865
NG.L/SVT.L,2023-01-18,0.3737955920393116,6.960429534404966,0.9158902899615742
NG.L/SVT.L,2023-01-19,0.3729411386902734,-10.173181586519377,-0.8765258144730855
NG.L/SVT.L,2023-01-20,0.37187695890629785,-12.76535230623358,-1.1227357934186601
NG.L/SVT.L,2023-01-23,0.3715489877171994,-3.721861677948482,-0.20741773282658849
NG.L/SVT.L,2023-01-24,0.37126428991391597,-3.1731706498806034,-0.1692581585912061
NG.L/SVT.L,2023-01-25,0.37021890968512794,-12.518553518862063,-1.1534515734034694
NG.L/SVT.L,2023-01-26,0.3688892770241077,-16.065587035404178,-1.4782260921996653
NG.L/SVT.L,2023-01-27,0.3674684814006079,-17.25982537718869,-1.5430596831993866
NG.L/SVT.L,2023-01-30,0.3665839313884502,-10.622073790402737,-0.8352727670799649
NG.L/SVT.L,2023-01-31,0.3660720228347589,-6.055200844872161,-0.33956182283186337
NG.L/SVT.L,2023-02-01,0.36592903297306945,-1.4125568022548123,0.14278917631977156
NG.L/SVT.L,2023-02-02,0.36542933418440104,-5.7517105360102505,-0.3410356164130107
NG.L/SVT.L,2023-02-03,0.36487826502652443,-6.465264945251647,-0.4385931787058984
NG.L/SVT.L,2023-02-06,0.36505769243127806,2.658328004496525,0.5354033447201673
NG.L/SVT.L,2023-02-07,0.36462643901177494,-4.9796331192428624,-0.3080620920095321
NG.L/SVT.L,2023-02-08,0.3633379755758655,-15.644760382624554,-1.4563074543525598
NG.L/SVT.L,2023-02-09,0.36288711078856495,-5.241641408693113,-0.3744668238457719
NG.L/SVT.L,2023-02-10,0.3633798408109614,6.643792037525145,0.95391831197867
NG.L/SVT.L,2023-02-13,0.36457927662484846,15.442466560765297,1.870468518334256
NG.L/SVT.L,2023-02-14,0.3668391467110495,29.293843082281683,3.107834669659265
NG.L/SVT.L,2023-02-15,0.36887242657630115,26.24793469564088,2.585446876065319
NG.L/SVT.L,2023-02-16,0.3708512005079706,25.81219913843006,2.3757694387115813
NG.L/SVT.L,2023-02-17,0.37270042050826185,23.578235025814593,2.0662926603108795
NG.L/SVT.L,2023-02-20,0.37385905921494694,14.857815225108197,1.2565085839036836
NG.L/SVT.L,2023-02-21,0.37483485648689663,12.606585593863201,1.0770712929796291
NG.L/SVT.L,2023-02-22,0.37641483586373203,20.432192254272422,1.7794788871042873
NG.L/SVT.L,2023-02-23,0.377797185625533,18.015571386174088,1.4869815408347797
NG.L/SVT.L,2023-02-24,0.3786539373653821,11.321429220217397,0.8379954134838024
NG.L/SVT.L,2023-02-27,0.37976501198949314,14.395708503232981,1.119508193571746
NG.L/SVT.L,2023-02-28,0.37993597227690723,2.5816807331107157,0.025797476357099676
NG.L/SVT.L,2023-03-01,0.3802046374758721,3.9245274047556222,0.15461307597022003
NG.L/SVT.L,2023-03-02,0.38055291855898304,4.881989338741619,0.24002750010556972
NG.L/SVT.L,2023-03-03,0.3796526702007154,-10.836695908314141,-1.2238026413652807
NG.L/SVT.L,2023-03-06,0.3788293293182339,-9.866829257752443,-1.0989896081407944
NG.L/SVT.L,2023-03-07,0.37823418809368803,-7.070628039699159,-0.8168081670823525
NG.L/SVT.L,2023-03-08,0.37832219413912754,1.5103248175910267,-0.0234150224750476
NG.L/SVT.L,2023-03-09,0.3779403847451051,-4.353292592534899,-0.5620971633507655
NG.L/SVT.L,2023-03-10,0.37820129716354056,3.6784127146745504,0.1801850615316315
NG.L/SVT.L,2023-03-13,0.3778932500547771,-3.3790975973201967,-0.4637641316625524
NG.L/SVT.L,2023-03-14,0.3776144153351133,-3.059313457359167,-0.4344218423404869
NG.L/SVT.L,2023-03-15,0.3767515792944421,-10.366402569149159,-1.100595931137676
NG.L/SVT.L,2023-03-16,0.3756755676099082,-12.867766157829465,-1.2961426215720604
NG.L/SVT.L,2023-03-17,0.37448156670574134,-14.602487001566715,-1.4038084385376717
NG.L/SVT.L,2023-03-20,0.3735968082771407,-10.572511991638294,-1.009666436616264
NG.L/SVT.L,2023-03-21,0.37310041327024696,-5.865938241007598,-0.5695153959023656
NG.L/SVT.L,2023-03-22,0.373306570587262,3.0198876132078567,0.21945671366855657
NG.L/SVT.L,2023-03-23,0.37316313980570326,-1.380959385787719,-0.16687816549297654
NG.L/SVT.L,2023-03-24,0.3736206920563294,6.1621555350643575,0.4955008301148894
NG.L/SVT.L,2023-03-27,0.37482695299779856,15.621794932092826,1.308451039272339
NG.L/SVT.L,2023-03-28,0.3763123703033499,19.21466178708397,1.5623096006745079
NG.L/SVT.L,2023-03-29,0.3765100917451733,2.8617351835689533,0.14430327597787215
NG.L/SVT.L,2023-03-30,0.3768082343368599,4.089718638992508,0.24854840461311595
NG.L/SVT.L,2023-03-31,0.377531502131032,9.351844400703158,0.6883112619584226
NG.L/SVT.L,2023-04-03,0.37915785116078904,21.00592709159946,1.6490901222146745
NG.L/SVT.L,2023-04-04,0.3807187123533623,19.983386799495065,1.5039204494012073
NG.L/SVT.L,2023-04-05,0.38201698710274595,16.314281184456604,1.1595376137094113
NG.L/SVT.L,2023-04-06,0.3826103356892601,7.615477821434524,0.43099856846314155
NG.L/SVT.L,2023-04-11,0.38363793709422306,13.087648177817755,0.8586083886058073
NG.L/SVT.L,2023-04-12,0.3847183430778771,13.711232016681151,0.8809046897160627
NG.L/SVT.L,2023-04-13,0.3854653161518138,9.716230065144146,0.5449095384147541
NG.L/SVT.L,2023-04-14,0.38536737040511887,-0.8301099324216921,-0.3013535717460658
NG.L/SVT.L,2023-04-17,0.38506350593003186,-3.409183970117283,-0.5239287380903747
NG.L/SVT.L,2023-04-18,0.3848866782036983,-1.8169537622338794,-0.41390950574708396
NG.L/SVT.L,2023-04-19,0.385491308485567,8.035224808348858,0.38746887568808835
NG.L/SVT.L,2023-04-20,0.38579076533528595,4.143304969450583,0.05422840182779035
NG.L/SVT.L,2023-04-21,0.3870053828513823,15.577126194832772,0.9743869407802938
NG.L/SVT.L,2023-04-24,0.38754361613641264,7.132947131796982,0.23946181681929066
NG.L/SVT.L,2023-04-25,0.388018695074963,6.275267962806765,0.13611478204271088
NG.L/SVT.L,2023-04-26,0.3881572221266037,2.1377267380885314,-0.25330687006627095
NG.L/SVT.L,2023-04-27,0.3886343247250653,6.3937776200489225,0.11205423613232503
NG.L/SVT.L,2023-04-28,0.38891814352671905,3.95614804168099,-0.11768852236767095
NG.L/SVT.L,2023-05-02,0.3897037894323114,10.334203535378265,0.44167483425718196
NG.L/SVT.L,2023-05-03,0.3896441741326893,-0.3345715237492186,-0.5501920692305142
NG.L/SVT.L,2023-05-04,0.38951401521377194,-1.1971102959503241,-0.6222788634365
NG.L/SVT.L,2023-05-05,0.38893166077991814,-6.791896895774698,-1.1317576458384355
NG.L/SVT.L,2023-05-09,0.38905457959288026,1.9419535443430505,-0.3679292505587433
NG.L/SVT.L,2023-05-10,0.38959105834099844,7.131907592822927,0.106179207703433
NG.L/SVT.L,2023-05-11,0.39026137599728716,8.837237791887219,0.2659526755486231
NG.L/SVT.L,2023-05-12,0.3913391839220461,13.946871729512395,0.7592688954116775
NG.L/SVT.L,2023-05-15,0.3924177140870127,13.99308920296653,0.8195864179100342
NG.L/SVT.L,2023-05-16,0.3931834920871581,10.009974065858614,0.4652938064256329
NG.L/SVT.L,2023-05-17,0.3936876894025594,6.833274775100563,0.17631790092669763
NG.L/SVT.L,2023-05-18,0.39350831007957143,-1.912857801502014,-0.7404871913804847
NG.L/SVT.L,2023-05-19,0.3932168752805983,-3.3351854144029858,-0.8682820131306673
NG.L/SVT.L,2023-05-22,0.39312987622061873,-0.7017291603585818,-0.5529449807163457
NG.L/SVT.L,2023-05-23,0.39385426115715183,9.651370669617108,0.6408419882163882
NG.L/SVT.L,2023-05-24,0.39492028453994127,14.200836983261752,1.1821480981499797
NG.L/SVT.L,2023-05-25,0.39537409188968464,6.273490918681318,0.2747048720485816
NG.L/SVT.L,2023-05-26,0.3960864659024756,9.534599394353563,0.6703022083002886
NG.L/SVT.L,2023-05-30,0.39656508144456737,6.439002542480694,0.2984863228664604
NG.L/SVT.L,2023-05-31,0.39693683496863247,5.064172246646194,0.13462918450729236
NG.L/SVT.L,2023-06-01,0.39568176344708583,-15.715902223263129,-2.173221290970323
NG.L/SVT.L,2023-06-02,0.3946333485051433,-12.986515682918707,-1.848534723757474
NG.L/SVT.L,2023-06-05,0.3932086713796039,-17.46126433891095,-2.273001775273884
NG.L/SVT.L,2023-06-06,0.39119806420807873,-24.428902438533896,-2.819008421165313
NG.L/SVT.L,2023-06-07,0.3890329296848486,-26.602103405991784,-2.7865617333402413
NG.L/SVT.L,2023-06-08,0.387531874409888,-18.526084823894962,-1.93675977211354
NG.L/SVT.L,2023-06-09,0.3867946400216636,-8.912772813868514,-1.0192909388182234
NG.L/SVT.L,2023-06-12,0.38580969474617965,-12.042434308948714,-1.2774630301595413
NG.L/SVT.L,2023-06-13,0.3855591598340886,-2.816313763922153,-0.4424353641104331
NG.L/SVT.L,2023-06-14,0.38481000498764956,-9.13733234561846,-1.0188476352449474
NG.L/SVT.L,2023-06-15,0.3845847988066855,-2.4607223937443905,-0.4349242854101445
NG.L/SVT.L,2023-06-16,0.38517303144696036,7.856104681109855,0.48987348093412664
NG.L/SVT.L,2023-06-19,0.3854782577513068,4.265189239451956,0.13134979719471665
NG.L/SVT.L,2023-06-20,0.38599034877658417,6.875455002729041,0.3611853663120527
NG.L/SVT.L,2023-06-21,0.38621951486466366,3.3053356056586836,0.01949731228315264
NG.L/SVT.L,2023-06-22,0.38604488062311965,-1.8098516829129494,-0.4685834808620004
NG.L/SVT.L,2023-06-23,0.38618834604346497,2.229760199858447,-0.07638770666521946
NG.L/SVT.L,2023-06-26,0.3863775018915941,2.812607266663008,-0.0002483285440323523
NG.L/SVT.L,2023-06-27,0.38673136913342704,4.8818218500903185,0.22816753788275404
NG.L/SVT.L,2023-06-28,0.38724155891703865,6.8478012250989195,0.4155396667870664
NG.L/SVT.L,2023-06-29,0.38936709708484935,28.20970800964767,2.3643460052069667
NG.L/SVT.L,2023-06-30,0.3919741990916853,34.523841673094125,2.7322412696987106
NG.L/SVT.L,2023-07-03,0.3943367873631017,30.91652379164998,2.333362475725033
NG.L/SVT.L,2023-07-04,0.3973377163253131,39.481503574161934,2.863761020148979
NG.L/SVT.L,2023-07-05,0.40071138141343515,45.57366735116784,3.0621119789713576
NG.L/SVT.L,2023-07-06,0.4030960409131829,31.847320915732894,1.9444935477194376
NG.L/SVT.L,2023-07-07,0.40523048656404786,28.92034809211998,1.6776956246494248
NG.L/SVT.L,2023-07-10,0.40540896215090233,2.723644810104588,-0.15568720350792348
NG.L/SVT.L,2023-07-11,0.40581011691936913,5.608118865034271,0.05304698994686948
NG.L/SVT.L,2023-07-12,0.4063948996725915,7.824845770510365,0.1998596188262531
NG.L/SVT.L,2023-07-13,0.40732548283771036,12.21237648235899,0.4925921186269475
NG.L/SVT.L,2023-07-14,0.4087575040667811,18.670858344341468,0.9213735249887689
NG.L/SVT.L,2023-07-17,0.40974969501734604,13.064571042015245,0.5190648050411951
NG.L/SVT.L,2023-07-18,0.4102393569195501,6.642689027961978,0.06424502561470351
NG.L/SVT.L,2023-07-19,0.41009597671152437,-1.3561780976533555,-0.4798322053240075
NG.L/SVT.L,2023-07-20,0.40992189105093435,-1.7432113786903756,-0.49570195997418265
NG.L/SVT.L,2023-07-21,0.4098098884427605,-0.9751661584775775,-0.43245743115399726
NG.L/SVT.L,2023-07-24,0.4101709815775313,4.906867698225824,-0.022358816453372756
NG.L/SVT.L,2023-07-25,0.41000954358955205,-1.6178373870102405,-0.4707892507433576
NG.L/SVT.L,2023-07-26,0.4097403608282981,-2.973865355976841,-0.5563778743852816
NG.L/SVT.L,2023-07-27,0.4090778673783395,-7.944299490238109,-0.8781000329252253
NG.L/SVT.L,2023-07-28,0.4083084188458382,-9.388756408219706,-0.9614008634938638
NG.L/SVT.L,2023-07-31,0.4075319737682961,-9.447104734957293,-0.9497487302292248
NG.L/SVT.L,2023-08-01,0.40656113104367886,-12.018433020674138,-1.113970204702872
NG.L/SVT.L,2023-08-02,0.4052998911290447,-15.926238580518657,-1.3395634292060519
NG.L/SVT.L,2023-08-03,0.40361427251185267,-21.589402622625357,-1.6487399924677077
NG.L/SVT.L,2023-08-04,0.4018950612257005,-21.60893497148288,-1.5830636930383815
NG.L/SVT.L,2023-08-07,0.3999263498977169,-24.899794107862817,-1.7153225100275096
NG.L/SVT.L,2023-08-08,0.39897652036170006,-11.767767447551932,-0.8605685067457535
NG.L/SVT.L,2023-08-09,0.4004031314895336,19.293595907820645,1.0720681115148234
NG.L/SVT.L,2023-08-10,0.40108980556729873,9.20601298178849,0.44058388527976083
NG.L/SVT.L,2023-08-11,0.40216942062284616,14.450433079290633,0.7469052053252426
NG.L/SVT.L,2023-08-14,0.40286356303661075,9.406974703202309,0.42090201044761577
NG.L/SVT.L,2023-08-15,0.40345255123521334,8.12990078677285,0.3324515442434359
NG.L/SVT.L,2023-08-16,0.40417617404817513,9.90032158540987,0.4417835834486825
NG.L/SVT.L,2023-08-17,0.40428805858884675,1.8673661622499367,-0.0430845903613949
NG.L/SVT.L,2023-08-18,0.40525776271623887,13.097082085622787,0.6461742316985964
NG.L/SVT.L,2023-08-21,0.40633457230343123,14.548826900041831,0.7287760925415339
NG.L/SVT.L,2023-08-22,0.4068644698929941,7.296206082791173,0.27957473419182177
NG.L/SVT.L,2023-08-23,0.40736713265530883,6.777938124747038,0.24569965262592913
NG.L/SVT.L,2023-08-24,0.4075668126110317,2.9166198418638487,-0.012135192228170335
NG.L/SVT.L,2023-08-25,0.4083752193163669,10.636490779653514,0.4487483806029594
NG.L/SVT.L,2023-08-29,0.4085702612038155,2.8411802588234423,-0.06399670869680603
NG.L/SVT.L,2023-08-30,0.4089971875704845,5.754468406050364,0.0926139496718765
NG.L/SVT.L,2023-08-31,0.409533048788655,7.192778645987914,0.15578499367767004
NG.L/SVT.L,2023-09-01,0.4102166480088481,9.154294554061266,0.2638514593943883
NG.L/SVT.L,2023-09-04,0.4102791498330141,1.206838732648066,-0.30448694093337597
NG.L/SVT.L,2023-09-05,0.41021266392587197,-0.44766200021695113,-0.43944660763887766
NG.L/SVT.L,2023-09-06,0.4102976321790848,1.4969502489522029,-0.3070147912573956
NG.L/SVT.L,2023-09-07,0.41066119871955414,4.980984279328254,-0.07620424886234653
NG.L/SVT.L,2023-09-08,0.4107172134131661,1.1116202816077703,-0.35976524542114435
NG.L/SVT.L,2023-09-11,0.41031069988257535,-4.681362185720332,-0.758862653801412
NG.L/SVT.L,2023-09-12,0.4106341368824063,4.508020483129144,-0.09951526845066683
NG.L/SVT.L,2023-09-13,0.4117343903583815,14.521825852344932,0.6082573013796655
NG.L/SVT.L,2023-09-14,0.41161826195296364,-1.0206397538941019,-0.49788290067772545
NG.L/SVT.L,2023-09-15,0.41153053027123115,-0.6862529826684067,-0.47566874203197107
NG.L/SVT.L,2023-09-18,0.41221791042256944,9.168886818937494,0.22054686404710547
NG.L/SVT.L,2023-09-19,0.41309320338470973,11.63354087548987,0.385928597191714
NG.L/SVT.L,2023-09-20,0.41375178727603906,8.674219645177345,0.1699848166116083
NG.L/SVT.L,2023-09-21,0.41493775770421,15.57835843143937,0.6503329782751069
NG.L/SVT.L,2023-09-22,0.4159664539292916,13.640947550512692,0.5396894033220685
NG.L/SVT.L,2023-09-25,0.4176177059671996,22.284151518445128,1.2109355231234038
NG.L/SVT.L,2023-09-26,0.41884848808449265,16.456585098996925,0.8155993730021375
NG.L/SVT.L,2023-09-27,0.419794468723119,12.94000751896749,0.6155638920245093
NG.L/SVT.L,2023-09-28,0.4207548948355684,13.257181486514924,0.7531651932260528
NG.L/SVT.L,2023-09-29,0.41971707727359775,-12.73121623334032,-1.5352946259390177
NG.L/SVT.L,2023-10-02,0.41729777685211467,-30.50546929335337,-2.9663037492895037
NG.L/SVT.L,2023-10-03,0.41622547246130653,-13.757322419131697,-1.4347847757017624
NG.L/SVT.L,2023-10-04,0.41564156118653706,-7.239935969061889,-0.8453437991402561
NG.L/SVT.L,2023-10-05,0.4148342222293036,-9.937456883075583,-1.0446564189188334
NG.L/SVT.L,2023-10-06,0.4132732296046772,-19.560267787807334,-1.7843993469374098
NG.L/SVT.L,2023-10-09,0.41254824802991924,-8.826138317008372,-0.8556950098131543
NG.L/SVT.L,2023-10-10,0.41106527925463954,-17.948587240604297,-1.5651559762476257
NG.L/SVT.L,2023-10-11,0.40920119674203376,-22.57089953620664,-1.8575398544909554
NG.L/SVT.L,2023-10-12,0.4073588354639087,-22.515760734862738,-1.774432131670306
NG.L/SVT.L,2023-10-13,0.4061529045553898,-14.553792535799403,-1.1155123856436389
NG.L/SVT.L,2023-10-16,0.4028308425418439,-39.985434986547375,-2.835985938892959
NG.L/SVT.L,2023-10-17,0.3997095796904099,-37.72960125268003,-2.481372801427902
NG.L/SVT.L,2023-10-18,0.39673185865658867,-36.36978226075462,-2.243772631022629
NG.L/SVT.L,2023-10-19,0.395003709076531,-21.32710274170688,-1.2186922237883633
NG.L/SVT.L,2023-10-20,0.3934755642339228,-18.99187585545451,-1.0462738465330927
NG.L/SVT.L,2023-10-23,0.3913553644402633,-26.355318521507684,-1.4758485654708824
NG.L/SVT.L,2023-10-24,0.3888333897172285,-30.75447291079081,-1.690799618275939
NG.L/SVT.L,2023-10-25,0.38719799730687154,-19.950540155481576,-1.0090288317926825
NG.L/SVT.L,2023-10-26,0.38573189723228457,-17.711768228153574,-0.8685252465409379
NG.L/SVT.L,2023-10-27,0.3841297738108744,-19.549058790207255,-0.985350652923639
NG.L/SVT.L,2023-10-30,0.38197481558487084,-26.365283058204454,-1.3903834795624557
NG.L/SVT.L,2023-10-31,0.37954819484031477,-29.55758814340311,-1.5695897648170194
NG.L/SVT.L,2023-11-01,0.3772822113507042,-27.298774152731426,-1.3959225212689417
NG.L/SVT.L,2023-11-02,0.37678880438105217,-5.761101221613785,-0.08662511134728865
NG.L/SVT.L,2023-11-03,0.37557226291865214,-14.715659261169094,-0.6076654107252669
NG.L/SVT.L,2023-11-06,0.3747031584551221,-10.616167180093953,-0.3363435710372013
NG.L/SVT.L,2023-11-07,0.37429261234179234,-4.781597123881966,0.03752690271680623
NG.L/SVT.L,2023-11-08,0.37318976114954555,-13.652717064398189,-0.4916716998513001
NG.L/SVT.L,2023-11-09,0.37261310043578477,-6.878008932533021,-0.05320510156191245
NG.L/SVT.L,2023-11-10,0.37274570719802297,2.0946660542646214,0.5093549967309705
NG.L/SVT.L,2023-11-13,0.3724960097028538,-2.758027026924424,0.22425710846219188
NG.L/SVT.L,2023-11-14,0.37163588307061624,-10.289933981635272,-0.23105139418724044
NG.L/SVT.L,2023-11-15,0.3714003500830874,-2.5538490546904313,0.2798072745235131
NG.L/SVT.L,2023-11-16,0.37239890179907775,12.950215172355456,1.2693087212868386
NG.L/SVT.L,2023-11-17,0.37312974291652784,9.534962644202096,1.0361191269960623
NG.L/SVT.L,2023-11-20,0.3748902554656958,22.764816781466266,1.8342798803824942
NG.L/SVT.L,2023-11-21,0.37769220835590644,36.065900948712056,2.4963693727254177
NG.L/SVT.L,2023-11-22,0.3791986955747462,19.37331464375677,1.4680422253226546
NG.L/SVT.L,2023-11-23,0.37807942989141125,-13.596479044543912,-0.44558347226830997
NG.L/SVT.L,2023-11-24,0.37716298657377584,-11.034738876393703,-0.2768836437702828
NG.L/SVT.L,2023-11-27,0.3767643378205905,-4.587504611548411,0.11050216535666942
NG.L/SVT.L,2023-11-28,0.37649009080812545,-3.006734760776908,0.20686806138213112
NG.L/SVT.L,2023-11-29,0.37666006209154657,2.5424356462137894,0.5346752203757977
NG.L/SVT.L,2023-11-30,0.37966304072766655,39.827954891953596,2.562689883312928
NG.L/SVT.L,2023-12-01,0.3822144304219976,33.347891558946,2.0889891572781405
NG.L/SVT.L,2023-12-04,0.38518854281564624,38.96365034282269,2.2480283201468074
NG.L/SVT.L,2023-12-05,0.3867611383822075,20.378742609203755,1.2608553758847292
NG.L/SVT.L,2023-12-06,0.3883225570717276,19.96700737848232,1.228918827102777
NG.L/SVT.L,2023-12-07,0.3889119573554611,7.634786049818558,0.5947952925599271
NG.L/SVT.L,2023-12-08,0.38917352923762544,3.6526701555453656,0.38944463334123114
NG.L/SVT.L,2023-12-11,0.38969395611652774,6.904978831269773,0.5562346075702165
NG.L/SVT.L,2023-12-12,0.3912713975102624,20.415694766193383,1.2225775979483025
NG.L/SVT.L,2023-12-13,0.3923284596316557,13.677199970976972,0.8774782115903926
NG.L/SVT.L,2023-12-14,0.3948667761899578,32.93621203631801,1.7897279847913887
NG.L/SVT.L,2023-12-15,0.3968809827190218,26.41124531460696,1.4419700705624712
NG.L/SVT.L,2023-12-18,0.3979156377583398,13.778518417033865,0.8432288191766603
NG.L/SVT.L,2023-12-19,0.3981163664058908,2.9457203131146343,0.32816948403514334
NG.L/SVT.L,2023-12-20,0.3982281704807899,1.805260730501459,0.28269388831639064
NG.L/SVT.L,2023-12-21,0.399139575208261,12.02176553264485,0.7889894687457061
NG.L/SVT.L,2023-12-22,0.4001216260803983,12.940424051125547,0.8099600257909698
NG.L/SVT.L,2023-12-27,0.4011961857208024,14.136672837004198,0.8400337382225702
NG.L/SVT.L,2023-12-28,0.4022764835021612,14.254696760351862,0.8200270388859847
NG.L/SVT.L,2023-12-29,0.403572065063158,17.04204063476027,0.9314891872804789
NG.L/SVT.L,2024-01-02,0.40542072828322295,24.333963627369258,1.2467285354483908
NG.L/SVT.L,2024-01-03,0.4071167833937729,22.16451314694814,1.103335181823597
NG.L/SVT.L,2024-01-04,0.40890008067413497,22.973735893303456,1.1065062948559752
NG.L/SVT.L,2024-01-05,0.41036309884835115,18.985796064472197,0.8853375101065958
NG.L/SVT.L,2024-01-08,0.41130864775150433,12.440452932719609,0.5480122926347881
NG.L/SVT.L,2024-01-09,0.41111444545590264,-2.0119168271337458,-0.168777389070987
NG.L/SVT.L,2024-01-10,0.41050979310919694,-7.154420827409467,-0.42767646946773225
NG.L/SVT.L,2024-01-11,0.4112224259871902,9.624627201278372,0.3677180689544785
NG.L/SVT.L,2024-01-12,0.4107589733066615,-5.41525393322263,-0.43969193006302587
NG.L/SVT.L,2024-01-15,0.41061951016047576,-1.3428489128073124,-0.2657524607811343
NG.L/SVT.L,2024-01-16,0.41016002118451106,-5.368923005853958,-0.5076064973478656
NG.L/SVT.L,2024-01-17,0.40986895595700046,-3.367126535362786,-0.41614618609228626
NG.L/SVT.L,2024-01-18,0.4095866547939458,-3.271027342202615,-0.44290102114075736
NG.L/SVT.L,2024-01-19,0.40979503530382266,3.116125844958219,-0.11185303500813779
NG.L/SVT.L,2024-01-22,0.40930116195103416,-5.87581456856924,-0.6729195183154734
NG.L/SVT.L,2024-01-23,0.40879066359250904,-6.082266945485799,-0.7060459779707132
NG.L/SVT.L,2024-01-24,0.40916084598451236,5.149747353096473,-0.042647958977317664
NG.L/SVT.L,2024-01-25,0.40938116917428957,3.2399813989756012,-0.20035083437054535
NG.L/SVT.L,2024-01-26,0.40910067967583535,-3.100081836073514,-0.6706157142854458
NG.L/SVT.L,2024-01-29,0.4092975236916707,2.8914875708435375,-0.31202692617676114
NG.L/SVT.L,2024-01-30,0.40917638848734805,-1.1146364576482028,-0.6057930562394782
NG.L/SVT.L,2024-01-31,0.40860600749124243,-6.676210770759326,-1.0267136246388793
NG.L/SVT.L,2024-02-01,0.4080077798244973,-7.081162414169285,-1.065868378978288
NG.L/SVT.L,2024-02-02,0.4074703072268463,-6.407735841822614,-1.0128491288087653
NG.L/SVT.L,2024-02-05,0.40784801442155766,5.225629721726591,-0.19312990144465644
NG.L/SVT.L,2024-02-06,0.4079563417907475,1.7973135607321638,-0.46245572061914764
NG.L/SVT.L,2024-02-07,0.4080349991256951,1.414486246125307,-0.4900896135862072
NG.L/SVT.L,2024-02-08,0.40762156169083835,-4.9457855715855885,-0.9613020721210671
NG.L/SVT.L,2024-02-09,0.4070318057046967,-7.271960274147887,-1.1443102730514312
NG.L/SVT.L,2024-02-12,0.4061124637342673,-11.356661629866494,-1.4222551091828142
NG.L/SVT.L,2024-02-13,0.405014445251754,-13.613931283279953,-1.5270815738529753
NG.L/SVT.L,2024-02-14,0.4043687530082591,-7.81889320848768,-1.0739779656566082
NG.L/SVT.L,2024-02-15,0.4030513297034357,-16.061017204178825,-1.60235583310933
NG.L/SVT.L,2024-02-16,0.40212758654434944,-11.141831597319197,-1.2284952813329069
NG.L/SVT.L,2024-02-19,0.4020194266380127,-0.9558574135162416,-0.462141463423068
NG.L/SVT.L,2024-02-20,0.4018621798113082,-1.543235983961722,-0.5278235609501384
NG.L/SVT.L,2024-02-21,0.4022235155122513,4.949241865751446,-0.0635497740180377
NG.L/SVT.L,2024-02-22,0.4026623051186677,6.011005479351979,0.003478322076739404
NG.L/SVT.L,2024-02-23,0.403681651487238,13.450353344304062,0.549611393643091
NG.L/SVT.L,2024-02-26,0.4051408725265452,19.416605471791172,0.9755022591709158
NG.L/SVT.L,2024-02-27,0.4061983818293829,13.95916296238613,0.6286448687801768
NG.L/SVT.L,2024-02-28,0.40718400527749693,13.031095916845516,0.6049674224085086
NG.L/SVT.L,2024-02-29,0.408428665979652,16.286069629935128,0.9651410685548139
NG.L/SVT.L,2024-03-01,0.4090673524164296,8.516965366075965,0.2998843393082434
NG.L/SVT.L,2024-03-04,0.4101885831556636,14.70818565595141,0.8710408738644857
NG.L/SVT.L,2024-03-05,0.41172321304289816,19.75004815444254,1.290904837311416
NG.L/SVT.L,2024-03-06,0.41234327418898775,8.1881088979992,0.251908354872628
NG.L/SVT.L,2024-03-07,0.41159585001503357,-8.855707111208176,-1.2294977482570535
NG.L/SVT.L,2024-03-08,0.41038978358250994,-14.532318231118097,-1.6639713136008354
NG.L/SVT.L,2024-03-11,0.4092228599688965,-14.090151834527433,-1.559962583023953
NG.L/SVT.L,2024-03-12,0.4086719722257886,-6.637763433179998,-0.9060006074572995
NG.L/SVT.L,2024-03-13,0.4082153771044874,-5.364635992829562,-0.7686038056288347
NG.L/SVT.L,2024-03-14,0.4075913282951092,-7.47830243762337,-0.9342052990005646
NG.L/SVT.L,2024-03-15,0.4074876245540257,-0.9043676512253569,-0.31332504566945724
NG.L/SVT.L,2024-03-18,0.40877451127631503,17.105565881845678,1.3247999062592597
NG.L/SVT.L,2024-03-19,0.40937424916043397,8.106012796785762,0.5049937448039574
NG.L/SVT.L,2024-03-20,0.40990495542379063,7.099316169768599,0.42365688696750864
NG.L/SVT.L,2024-03-21,0.41062544446233173,9.536276269924883,0.6615086134887094
NG.L/SVT.L,2024-03-22,0.4113814893909438,9.933851861912444,0.7098521228113548
NG.L/SVT.L,2024-03-25,0.4126868289928074,17.00151525388401,1.3753852046506394
NG.L/SVT.L,2024-03-26,0.4136317580455666,12.52599125012489,1.001645592236015
NG.L/SVT.L,2024-03-27,0.4143089595147905,9.018261133739088,0.7029434393757696
NG.L/SVT.L,2024-03-28,0.41701746951774976,35.79840002877495,3.1726625463211104
NG.L/SVT.L,2024-04-02,0.4192630065689465,29.29287667615654,2.4599552754985208
NG.L/SVT.L,2024-04-03,0.4212229616145116,25.63115522659791,2.0432098521737556
NG.L/SVT.L,2024-04-04,0.4228126836300531,20.736075625428384,1.545118784354433
NG.L/SVT.L,2024-04-05,0.4231916751101256,5.361625551674706,0.191738472124474
NG.L/SVT.L,2024-04-08,0.4250435468802529,24.894011118063872,1.8283857924171916
NG.L/SVT.L,2024-04-09,0.42630385677056726,16.901778160111576,1.1096036864902925
NG.L/SVT.L,2024-04-10,0.42720588392592834,12.231241623084884,0.6932522436290259
NG.L/SVT.L,2024-04-11,0.4277913402005888,8.060375783312793,0.3235701982981892
NG.L/SVT.L,2024-04-12,0.4285822633588947,10.481306945668393,0.5100727864096702
NG.L/SVT.L,2024-04-15,0.42887417765905855,4.1526498506706275,-0.03823149031219767
NG.L/SVT.L,2024-04-16,0.42866732870613905,-2.2712726083859707,-0.5767801859472896
NG.L/SVT.L,2024-04-17,0.42849541801547236,-1.7956444843192685,-0.5444024537311987
NG.L/SVT.L,2024-04-18,0.4280236491742048,-5.505313938931749,-0.8626624289605711
NG.L/SVT.L,2024-04-19,0.4272911740279079,-8.686218205506293,-1.103070356769909
NG.L/SVT.L,2024-04-22,0.4261610434781723,-13.545223835802517,-1.4626796129654298
NG.L/SVT.L,2024-04-23,0.42644213610362885,3.9251491797160725,-0.02251130098846754
NG.L/SVT.L,2024-04-24,0.42716938650274017,9.652640772988661,0.4442078475890489
NG.L/SVT.L,2024-04-25,0.42738766922662946,3.1910679828627053,-0.09898530682423837
NG.L/SVT.L,2024-04-26,0.4272190008591031,-1.7270689537115231,-0.5179173450491771
NG.L/SVT.L,2024-04-29,0.4268181592855281,-4.6291662629355415,-0.766481956724813
NG.L/SVT.L,2024-04-30,0.42645575609407377,-4.186201094422358,-0.7343267904321492
NG.L/SVT.L,2024-05-01,0.42573657521155345,-8.60548492499197,-1.0759374918851006
NG.L/SVT.L,2024-05-02,0.425994450044536,3.6814280920702913,-0.05498827835222832
NG.L/SVT.L,2024-05-03,0.42607665013361257,1.4357096587523301,-0.2421691469031745
NG.L/SVT.L,2024-05-07,0.42587212342605196,-2.1003579544021704,-0.5422404371999864
NG.L/SVT.L,2024-05-08,0.42618994850004227,4.3508742335186525,-0.019536003866092676
NG.L/SVT.L,2024-05-09,0.4262774048506754,1.4870302518593235,-0.28309063896572245
NG.L/SVT.L,2024-05-10,0.4271816624879927,11.734592587664338,0.5679814415878832
NG.L/SVT.L,2024-05-13,0.42784333252509354,8.737903542784807,0.2856841081063405
NG.L/SVT.L,2024-05-14,0.4274833111215047,-4.054959517191719,-0.8810778739053241
NG.L/SVT.L,2024-05-15,0.42760594423130305,1.9239064255405083,-0.3674663951149824
NG.L/SVT.L,2024-05-16,0.42891438606577115,16.873129505047018,0.9774720825467464
NG.L/SVT.L,2024-05-17,0.4289788607991435,1.2145884015706088,-0.4633347876187326
NG.L/SVT.L,2024-05-20,0.423014052067182,-74.77468768214248,-5.279981612295533
NG.L/SVT.L,2024-05-21,0.41847960977893806,-57.24310616231878,-3.5751851749127503
NG.L/SVT.L,2024-05-22,0.4139736983005623,-56.23358086097937,-3.1483675810410445
NG.L/SVT.L,2024-05-23,0.4068210119464598,-94.56366518278082,-4.254647604553847
NG.L/SVT.L,2024-05-24,0.4000463221971674,-90.31444690267665,-3.54098389100283
NG.L/SVT.L,2024-05-28,0.3951535716321446,-65.86923274291155,-2.3986228827593945
NG.L/SVT.L,2024-05-29,0.3885543311716035,-87.52329997386812,-2.9211661659278483
NG.L/SVT.L,2024-05-30,0.384405164510103,-55.271022128690674,-1.7141534850898108
NG.L/SVT.L,2024-05-31,0.38208896090456557,-29.60319198252148,-0.811684119872633
NG.L/SVT.L,2024-06-03,0.38109335964972857,-12.592218595221539,-0.21524301656157976
NG.L/SVT.L,2024-06-04,0.3807036179547115,-4.545728499876759,0.06793218296336784
NG.L/SVT.L,2024-06-05,0.37970261965484137,-12.326420219421493,-0.1972353741015251
NG.L/SVT.L,2024-06-06,0.3764565447682168,-40.948091701634326,-1.1521259265444428
NG.L/SVT.L,2024-06-07,0.37391559971504845,-31.89089907001278,-0.8299145514900224
NG.L/SVT.L,2024-06-10,0.3720929572692016,-22.81782318213652,-0.5132026666732163
NG.L/SVT.L,2024-06-11,0.3705263775445093,-19.758714124842413,-0.40149385384085634
NG.L/SVT.L,2024-06-12,0.3692597033548493,-15.607518470254945,-0.2570897292341378
NG.L/SVT.L,2024-06-13,0.36530441694508825,-47.70772852574328,-1.2921276042036478
NG.L/SVT.L,2024-06-14,0.36383130158915666,-18.084576158618802,-0.291954556594159
NG.L/SVT.L,2024-06-17,0.36432725736103855,6.8916844772272725,0.5418767059127737
NG.L/SVT.L,2024-06-18,0.3658062673065247,19.558915519273455,0.9525170230782477
NG.L/SVT.L,2024-06-19,0.367127459608035,17.327934542365824,0.8713201939631825
NG.L/SVT.L,2024-06-20,0.36768857317750125,7.484566491388705,0.5475065086487358
NG.L/SVT.L,2024-06-21,0.36718374327840964,-5.916908437975962,0.11723166799379858
NG.L/SVT.L,2024-06-24,0.3658520546545474,-16.285346533019037,-0.2131051428015728
NG.L/SVT.L,2024-06-25,0.365544661225731,-3.4870608057108257,0.22274253115972864
NG.L/SVT.L,2024-06-26,0.3651866572360877,-4.163831170120034,0.22697817944675192
NG.L/SVT.L,2024-06-27,0.36530570036350435,1.9524045743459055,0.45877933592165576
NG.L/SVT.L,2024-06-28,0.3661347621250341,11.207888613226373,0.7958902016661218
NG.L/SVT.L,2024-07-01,0.3666900081334185,7.5560300009952925,0.6803522239665634
NG.L/SVT.L,2024-07-02,0.36866734872547224,26.25886075647111,1.312880874436385
NG.L/SVT.L,2024-07-03,0.37026084026419687,20.613030414344394,1.1217132930738982
NG.L/SVT.L,2024-07-04,0.3717809707830764,19.546301784729962,1.0810687614564982
NG.L/SVT.L,2024-07-05,0.37155558618049306,-2.35389584598488,0.32576259540821545
NG.L/SVT.L,2024-07-08,0.37148520166590565,-0.46486010355124563,0.39820831892879
NG.L/SVT.L,2024-07-09,0.36992189729795666,-18.644290349312428,-0.22612629842886411
NG.L/SVT.L,2024-07-10,0.36809542685365265,-21.66733111881831,-0.318544982845464
NG.L/SVT.L,2024-07-11,0.3652511103501036,-33.208178437495235,-0.707348374878102
NG.L/SVT.L,2024-07-12,0.3638643296421267,-16.68107706343926,-0.11439495898495852
NG.L/SVT.L,2024-07-15,0.36279989896972303,-13.123437750239304,0.016056613535502237
NG.L/SVT.L,2024-07-16,0.3644940431747541,23.005614611665465,1.2599677151612152
NG.L/SVT.L,2024-07-17,0.3654454304009028,12.685943020454147,0.878159468363717
NG.L/SVT.L,2024-07-18,0.3656589200759715,3.1016947883679222,0.546079936564815
NG.L/SVT.L,2024-07-19,0.3663222527857657,8.915386330957745,0.7486229795261558
NG.L/SVT.L,2024-07-22,0.36796879207944616,21.559467435199622,1.1663351921320202
NG.L/SVT.L,2024-07-23,0.3698330198099924,24.415959278324294,1.2345398906453071
NG.L/SVT.L,2024-07-24,0.37213541501689085,30.09319174948996,1.3851367833837331
NG.L/SVT.L,2024-07-25,0.3744263451098631,29.749502933745475,1.3344241471837803
NG.L/SVT.L,2024-07-26,0.37673346021677073,29.723798470526503,1.2935198728026969
NG.L/SVT.L,2024-07-29,0.37822110914454493,19.078688054592703,0.9340547363276136
NG.L/SVT.L,2024-07-30,0.3794719890712485,16.147517778002793,0.8275418560266232
NG.L/SVT.L,2024-07-31,0.38013598064127824,8.683303398172484,0.5805593775880818
NG.L/SVT.L,2024-08-01,0.37983277841333607,-3.363672952631646,0.1988398250502022
NG.L/SVT.L,2024-08-02,0.3790874512485969,-8.690773905440324,0.033355738557658166
NG.L/SVT.L,2024-08-05,0.3801040030511157,13.728228752946507,0.7519717687189198
NG.L/SVT.L,2024-08-06,0.38174906940216236,21.972237029511575,1.0037744358429375
NG.L/SVT.L,2024-08-07,0.3823908517298681,8.56395206918478,0.567644624792148
NG.L/SVT.L,2024-08-08,0.38338161188452047,13.054060520370854,0.7024625679295197
NG.L/SVT.L,2024-08-09,0.383937053823175,7.4531107922471165,0.5315102353635834
NG.L/SVT.L,2024-08-12,0.3847737051407143,11.089673226235163,0.6404204527842798
NG.L/SVT.L,2024-08-13,0.38494123195741087,2.5085712463613845,0.33960251640757283
NG.L/SVT.L,2024-08-14,0.38444675053673993,-5.738235280412255,0.0400995910972804
NG.L/SVT.L,2024-08-15,0.38390945554331124,-6.340899192082134,-0.008554622945134899
NG.L/SVT.L,2024-08-16,0.38413475725382096,3.273898964486193,0.2923103851995299
NG.L/SVT.L,2024-08-19,0.3842600832477084,1.991624281165059,0.20521059264151276
NG.L/SVT.L,2024-08-20,0.3852803033344733,13.479131312434333,0.6680806275778738
NG.L/SVT.L,2024-08-21,0.38744820514297623,28.7985563442561,1.429714313761126
NG.L/SVT.L,2024-08-22,0.38928068998807774,24.140758437618956,1.1987009602470082
NG.L/SVT.L,2024-08-23,0.390481595795993,15.679293136879096,0.7215962521876725
NG.L/SVT.L,2024-08-27,0.391290628038106,10.680493661173955,0.4303546947853495
NG.L/SVT.L,2024-08-28,0.3921992030656311,11.854375404821099,0.4792654711561954
NG.L/SVT.L,2024-08-29,0.3920781017264408,-1.1201763784824834,-0.24063543697829434
NG.L/SVT.L,2024-08-30,0.3914248150571213,-7.725784938747324,-0.6660064656959663
NG.L/SVT.L,2024-09-02,0.3909219381341462,-5.907081102717257,-0.6068118614244018
NG.L/SVT.L,2024-09-03,0.3896449206959615,-15.452980869964904,-1.197047018680403
NG.L/SVT.L,2024-09-04,0.38892596933484147,-8.568123930944694,-0.8030114177050047
NG.L/SVT.L,2024-09-05,0.38769612986102303,-14.614940772980162,-1.1753843704517384
NG.L/SVT.L,2024-09-06,0.3855768309402952,-25.370155282557334,-1.976492096582579
NG.L/SVT.L,2024-09-09,0.3847177545061551,-10.132577531575407,-1.0027986925697836
NG.L/SVT.L,2024-09-10,0.38512473470004893,5.49086043200964,0.028621308267831942
NG.L/SVT.L,2024-09-11,0.38549376144842923,5.039073714906181,0.014908535658884762
NG.L/SVT.L,2024-09-12,0.38630396592745975,10.71636152558085,0.4013410743592032
NG.L/SVT.L,2024-09-13,0.3866896576767561,5.25532770379732,0.039261937428931276
NG.L/SVT.L,2024-09-16,0.387135398874046,6.009493514770384,0.0766766001413565
NG.L/SVT.L,2024-09-17,0.38720509046800694,1.2740137146788584,-0.2650057384210282
NG.L/SVT.L,2024-09-18,0.38796173132004363,9.999596707215005,0.3155640293887513
NG.L/SVT.L,2024-09-19,0.3876323456063484,-3.813427407264953,-0.6292971878924984
NG.L/SVT.L,2024-09-20,0.38855011294781494,12.181575698893425,0.45221070531468444
NG.L/SVT.L,2024-09-23,0.3897088326376563,15.17734838138631,0.6507317769091503
NG.L/SVT.L,2024-09-24,0.3906028874711629,11.757519293946643,0.4124225953062651
NG.L/SVT.L,2024-09-25,0.39099949051119115,5.432356219226449,0.005770931774723121
NG.L/SVT.L,2024-09-26,0.3913680637822284,5.088203280516154,-0.00014208026010299627
NG.L/SVT.L,2024-09-27,0.3909207921336486,-5.214191094134321,-0.6946307611647823
NG.L/SVT.L,2024-09-30,0.39071211319568994,-2.237938263465594,-0.48579723880159026
NG.L/SVT.L,2024-10-01,0.39045440893669076,-2.7981710150102117,-0.521770287271696
NG.L/SVT.L,2024-10-02,0.39109392013572386,8.649860225811949,0.2551029360153905
NG.L/SVT.L,2024-10-03,0.39087105219566115,-2.459770262250572,-0.5824017098504487
NG.L/SVT.L,2024-10-04,0.39073865674238967,-1.3154143079705136,-0.5776929505753473
NG.L/SVT.L,2024-10-07,0.3910460590794831,4.4255569801230195,-0.15332940923645197
NG.L/SVT.L,2024-10-08,0.3916582370945743,8.376151776898837,0.1438235958716457
NG.L/SVT.L,2024-10-09,0.39174048659438815,1.4663074238243325,-0.41039416092144
NG.L/SVT.L,2024-10-10,0.3924523478070088,9.57210982378308,0.28298568118729306
NG.L/SVT.L,2024-10-11,0.39252795989678146,1.3685537974441786,-0.41224883438170545
NG.L/SVT.L,2024-10-14,0.3918813497433466,-7.6207855212180675,-1.140589349224786
NG.L/SVT.L,2024-10-15,0.39118742529905015,-8.165283612508802,-1.1488299533724713
NG.L/SVT.L,2024-10-16,0.38840867020861464,-32.689990522394055,-2.9581195472811745
NG.L/SVT.L,2024-10-17,0.38636954922322386,-24.564445605871015,-2.222695878777445
NG.L/SVT.L,2024-10-18,0.3849780262908625,-16.7946568459231,-1.5735144299971853
NG.L/SVT.L,2024-10-21,0.38411940924233784,-10.409887600935008,-1.0406101571231066
NG.L/SVT.L,2024-10-22,0.38273276328486716,-17.126229465563938,-1.5419227589150137
NG.L/SVT.L,2024-10-23,0.3814471051220691,-15.769510655451995,-1.3803751818731909
NG.L/SVT.L,2024-10-24,0.3815685812545379,1.9675241114797473,0.08882447701608226
NG.L/SVT.L,2024-10-25,0.3811498802078754,-4.942583236462383,-0.4791662626074552
NG.L/SVT.L,2024-10-28,0.38118684429146193,0.8799202282322085,-0.012036997385931501
NG.L/SVT.L,2024-10-29,0.3810975708099392,-0.7378721568762785,-0.1274339682927493
NG.L/SVT.L,2024-10-30,0.38048830644322246,-7.35001174998763,-0.6558647645222514
NG.L/SVT.L,2024-10-31,0.3804056830976834,-0.6609009144781339,-0.06913229460456904
NG.L/SVT.L,2024-11-01,0.38055686533977046,2.3373806242027513,0.20672459251787398
NG.L/SVT.L,2024-11-04,0.38086728153911037,4.387795981108866,0.3906030923335492
NG.L/SVT.L,2024-11-05,0.37970340950148185,-14.02171115511544,-1.1749552574633457
NG.L/SVT.L,2024-11-06,0.3793652409624254,-3.8845186138728423,-0.2843621743910303
NG.L/SVT.L,2024-11-07,0.3789062414825544,-5.404507394259213,-0.4170639741663445
NG.L/SVT.L,2024-11-08,0.3776424913774561,-15.477783860000727,-1.264611609783272
NG.L/SVT.L,2024-11-11,0.3763979732000078,-15.019879861108393,-1.18568017531745
NG.L/SVT.L,2024-11-12,0.37584465101427067,-6.631912358288901,-0.46021331275116756
NG.L/SVT.L,2024-11-13,0.37513427462436333,-8.719559994946053,-0.6122645165363255
NG.L/SVT.L,2024-11-14,0.3729935293124116,-26.006875326032286,-2.0651272064387975
NG.L/SVT.L,2024-11-15,0.37107432626149234,-23.349487702584156,-1.7992960382784962
NG.L/SVT.L,2024-11-18,0.36925926463128816,-22.099201152703586,-1.6339952980956725
NG.L/SVT.L,2024-11-19,0.36889638478175274,-4.1382179165347,0.0020008642713202425
NG.L/SVT.L,2024-11-20,0.3673244882848659,-19.05700571032969,-1.316453318185665
NG.L/SVT.L,2024-11-21,0.36457976972339007,-33.65011607858287,-2.4648441410994986
NG.L/SVT.L,2024-11-22,0.3633774745308596,-14.379160844799117,-0.7808022188484474
NG.L/SVT.L,2024-11-25,0.36264921460314836,-8.697909640447392,-0.28647565455744856
NG.L/SVT.L,2024-11-26,0.3623198049612264,-3.750365992741763,0.12403078798734458
NG.L/SVT.L,2024-11-27,0.36180063137619367,-6.089889023661726,-0.0825981649439646
NG.L/SVT.L,2024-11-28,0.3623156583600875,6.927911291980308,1.0133849926058855
NG.L/SVT.L,2024-11-29,0.3632865006090162,12.812532844086604,1.4807760981034799
NG.L/SVT.L,2024-12-02,0.36403344491442496,9.867748392864542,1.1827929930065164
NG.L/SVT.L,2024-12-03,0.36382939335245174,-2.156118123372835,0.15486090917864237
NG.L/SVT.L,2024-12-04,0.36299380039189083,-10.153189985272434,-0.5199582452040733
NG.L/SVT.L,2024-12-05,0.3615163802067552,-18.060482270888315,-1.1709589340776345
NG.L/SVT.L,2024-12-06,0.36136312472054416,-1.5743511280877556,0.2823130505688308
NG.L/SVT.L,2024-12-09,0.3620310192949353,9.03683041378224,1.2053760094574224
NG.L/SVT.L,2024-12-10,0.3627110613152421,9.275129389208246,1.2022071155799083
NG.L/SVT.L,2024-12-11,0.3636423365382514,12.671802810565737,1.4846387756128023
NG.L/SVT.L,2024-12-12,0.3633918234237732,-2.7949594631026002,0.15023968135187454
NG.L/SVT.L,2024-12-13,0.3631480779871154,-2.683464787639764,0.1844709435450345
NG.L/SVT.L,2024-12-16,0.3627648926777576,-4.478878745418683,0.05724126897252404
NG.L/SVT.L,2024-12-17,0.3629233031826187,2.4384923022935254,0.7059679041504048
NG.L/SVT.L,2024-12-18,0.3629454164393994,0.6934817627063694,0.5565210734806538
NG.L/SVT.L,2024-12-19,0.36209353140563966,-10.416889949764254,-0.44589197507586603
NG.L/SVT.L,2024-12-20,0.36320017198017923,14.78291066183965,1.8061413723719724
NG.L/SVT.L,2024-12-23,0.36507620710647687,24.70687239008612,2.512198015304057
NG.L/SVT.L,2024-12-24,0.366229054678975,15.071514513276043,1.6290292646771283
NG.L/SVT.L,2024-12-27,0.36770508426365045,19.31015841072042,1.9228720208842338
NG.L/SVT.L,2024-12-30,0.3692148314096424,19.815643404125467,1.8746770009834648
NG.L/SVT.L,2024-12-31,0.37075812760533294,20.129681925671548,1.8178731481396406
NG.L/SVT.L,2025-01-02,0.37263377983356527,24.304771885955347,2.0414934819125103
NG.L/SVT.L,2025-01-03,0.3747616445954275,27.998122268176076,2.2065395392422977
NG.L/SVT.L,2025-01-06,0.37631687603809405,20.59060383732458,1.61941478184702
NG.L/SVT.L,2025-01-07,0.377354353220253,13.767772004495782,1.133402964907289
NG.L/SVT.L,2025-01-08,0.3794278901369511,27.809018815971967,2.0048045950010143
NG.L/SVT.L,2025-01-09,0.38116475885597045,23.042939616794683,1.6157574333450073
NG.L/SVT.L,2025-01-10,0.38233099235646284,15.710448213180939,1.0994627368443528
NG.L/SVT.L,2025-01-13,0.38310784541124177,10.513670796874067,0.7390061844516661
NG.L/SVT.L,2025-01-14,0.3840602484586528,12.862957169184597,0.8689008634790293
NG.L/SVT.L,2025-01-15,0.38343889610673487,-7.266578096179046,-0.5193327165731817
NG.L/SVT.L,2025-01-16,0.3828660663227068,-6.62425786171184,-0.4807596358904363
NG.L/SVT.L,2025-01-17,0.38319289452031197,4.45324810736804,0.262022149759378
NG.L/SVT.L,2025-01-20,0.38408053043612816,11.556906698509806,0.7314283520323324
NG.L/SVT.L,2025-01-21,0.38452184500007053,5.883331092469689,0.32750393841973363
NG.L/SVT.L,2025-01-22,0.3853392249907272,10.838925330639768,0.6558715690651984
NG.L/SVT.L,2025-01-23,0.3861438394571464,10.61633424466936,0.6267609272035971
NG.L/SVT.L,2025-01-24,0.3870254313506909,11.815799325903185,0.6932420857985317
NG.L/SVT.L,2025-01-27,0.38762292821035427,8.034603417649237,0.41303278409716415
NG.L/SVT.L,2025-01-28,0.3882227298889392,7.995378807178781,0.39980992340657606
NG.L/SVT.L,2025-01-29,0.38880850906114894,7.8536875920947296,0.38304454679599603
NG.L/SVT.L,2025-01-30,0.38858030356211243,-2.4384416513410088,-0.32508476852041646
NG.L/SVT.L,2025-01-31,0.38841093501133744,-1.7082293958638957,-0.29159371741479323
NG.L/SVT.L,2025-02-03,0.3892051113800376,10.460616946165146,0.5462552748918515
NG.L/SVT.L,2025-02-04,0.390443962833305,16.283317550412903,0.9253782506796078
NG.L/SVT.L,2025-02-05,0.3914505811928518,13.169529682118537,0.6816110908808486
NG.L/SVT.L,2025-02-06,0.39214844328139004,9.376242073739377,0.3902713130803439
NG.L/SVT.L,2025-02-07,0.39325297452332686,14.59939542548409,0.7390987785765281
NG.L/SVT.L,2025-02-10,0.39343101119175394,2.674563540985673,-0.12951739906059573
NG.L/SVT.L,2025-02-11,0.39304033516555953,-4.566693007227059,-0.7048680611478811
NG.L/SVT.L,2025-02-12,0.3924042200892495,-7.764944156902288,-0.9951842746095382
NG.L/SVT.L,2025-02-13,0.3917193440647465,-8.278188816848797,-1.0842794914332277
NG.L/SVT.L,2025-02-14,0.39088251784508826,-10.222260740222396,-1.2213099584914016
NG.L/SVT.L,2025-02-17,0.3901156453922672,-9.344602972605344,-1.1888085007327769
NG.L/SVT.L,2025-02-18,0.3896260747450507,-5.9098834659321255,-1.0325576778648573
NG.L/SVT.L,2025-02-19,0.38967449463727555,1.0294185542836658,-0.4571159893627093
NG.L/SVT.L,2025-02-20,0.390159673465911,6.663128937315605,0.028442260712415495
NG.L/SVT.L,2025-02-21,0.3906942174092754,7.250250303010716,0.0659251377254217
NG.L/SVT.L,2025-02-24,0.39146258337132483,10.085503836625094,0.3061140804547885
NG.L/SVT.L,2025-02-25,0.3916295785422863,2.4959405050185524,-0.39480636642843414
NG.L/SVT.L,2025-02-26,0.39185558204160587,3.2578892282003835,-0.3095484169194848
NG.L/SVT.L,2025-02-27,0.39209137126749577,3.426238189107721,-0.283835266394013
NG.L/SVT.L,2025-02-28,0.3916389326318247,-5.2636901560083516,-1.0855817601748874
NG.L/SVT.L,2025-03-03,0.3918440528718124,3.062528707978572,-0.3386630007272087
NG.L/SVT.L,2025-03-04,0.39099655758604024,-10.171438436181575,-1.6479403592758406
NG.L/SVT.L,2025-03-05,0.3906875336218076,-3.652123709331022,-1.0070985410868452
NG.L/SVT.L,2025-03-06,0.3902677617760432,-5.1263245162496105,-1.1155241432736347
NG.L/SVT.L,2025-03-07,0.3899734349567008,-3.399286070856874,-0.9231760701119389
NG.L/SVT.L,2025-03-10,0.3896714813700639,-3.374349463041426,-0.8919962732781312
NG.L/SVT.L,2025-03-11,0.388820843660513,-10.185624216449241,-1.5062776020328386
NG.L/SVT.L,2025-03-12,0.3889477569667609,2.0261969121264656,-0.3712064290743451
NG.L/SVT.L,2025-03-13,0.3892525289230707,4.290279567713924,-0.17331932039945513
NG.L/SVT.L,2025-03-14,0.389745584956163,6.6466862163656515,0.04361847756050283
NG.L/SVT.L,2025-03-17,0.39109817008151676,17.620041833798382,1.0512549154261683
NG.L/SVT.L,2025-03-18,0.3918866661376939,10.459124049568686,0.35071552610299594
NG.L/SVT.L,2025-03-19,0.3931929184039894,17.15479384678099,0.9883778593634075
NG.L/SVT.L,2025-03-20,0.3946141204853839,18.306422998251037,1.1258139745225109
NG.L/SVT.L,2025-03-21,0.3953679131676517,9.983736343790042,0.32481928875599264
NG.L/SVT.L,2025-03-24,0.3957636092034755,5.495505353666999,-0.09322133635080215
NG.L/SVT.L,2025-03-25,0.3959661408569944,3.005156689189448,-0.31705055930014847
NG.L/SVT.L,2025-03-26,0.3963832609161271,5.687492125560311,-0.023234665722682003
NG.L/SVT.L,2025-03-27,0.39734330062483475,12.673287091640873,0.7314939761289067
NG.L/SVT.L,2025-03-28,0.39850069641706454,14.837222289029455,1.0229725508391558
NG.L/SVT.L,2025-03-31,0.398533643090698,0.8159016669339962,-0.4879137189545989
NG.L/SVT.L,2025-04-01,0.3982547067822037,-3.0422602148302076,-0.8897678129586738
NG.L/SVT.L,2025-04-02,0.3978584219871077,-4.5413228665578345,-1.0494613729995435
NG.L/SVT.L,2025-04-03,0.3965648494090406,-14.93352803697212,-2.2014518372473035
NG.L/SVT.L,2025-04-04,0.39633806856139253,-2.4171092946276076,-0.6978309961743691
NG.L/SVT.L,2025-04-07,0.39537402351443146,-12.272536988635807,-1.7910151868906867
NG.L/SVT.L,2025-04-08,0.39478094382863094,-7.190882566671348,-1.1572597684772397
NG.L/SVT.L,2025-04-09,0.39419830650598797,-7.161322768410969,-1.1542869317290951
NG.L/SVT.L,2025-04-10,0.3933934864737935,-9.695325264302824,-1.4337311139567839
NG.L/SVT.L,2025-04-11,0.39301337648571444,-4.324422784850071,-0.7892100926450012
NG.L/SVT.L,2025-04-14,0.39338831895060616,5.037578867626507,0.3074917408977283
NG.L/SVT.L,2025-04-15,0.3928706251223973,-5.848296853102738,-0.9324961796544412
NG.L/SVT.L,2025-04-16,0.39284574144200696,0.10815756815122768,-0.22377416967022612
NG.L/SVT.L,2025-04-17,0.3930186634028205,2.525795003838766,0.0749454876764373
NG.L/SVT.L,2025-04-22,0.3935158563164919,6.503910362161378,0.5591192643865232
NG.L/SVT.L,2025-04-23,0.39430614522171686,10.469231166967802,1.02131113882188
NG.L/SVT.L,2025-04-24,0.3945084166405613,2.9407013393090438,0.14069991547690908
NG.L/SVT.L,2025-04-25,0.3948500851925356,4.722389780400363,0.35998415975453196
NG.L/SVT.L,2025-04-28,0.3946673243994385,-1.8830452959693957,-0.4294406304005271
NG.L/SVT.L,2025-04-29,0.39408046330731483,-6.863732977606787,-1.0063029157107202
NG.L/SVT.L,2025-04-30,0.3929629271360654,-13.351846093323047,-1.7006017393035946
NG.L/SVT.L,2025-05-01,0.3915619123474844,-17.02504362735408,-2.0435223141537393
NG.L/SVT.L,2025-05-02,0.3910965049992951,-5.486204745279792,-0.68520397670637
NG.L/SVT.L,2025-05-06,0.3903286079870052,-9.198563508888583,-1.0830765623603633
NG.L/SVT.L,2025-05-07,0.3902426346367665,-0.6734290815491022,-0.057015644727357706
NG.L/SVT.L,2025-05-08,0.39099969317813826,10.247150807228081,1.2241535970924502
NG.L/SVT.L,2025-05-09,0.3912925691414292,4.164599968399443,0.4855501140766489
NG.L/SVT.L,2025-05-12,0.39087261079356495,-5.049818182916624,-0.6159442108650359
NG.L/SVT.L,2025-05-13,0.39082239081703696,-0.25315470470468426,-0.06074975821737703
NG.L/SVT.L,2025-05-14,0.3909565511982817,2.144216174851522,0.20542966679259544
NG.L/SVT.L,2025-05-15,0.3918896858425115,12.19198927858156,1.380143734872803
NG.L/SVT.L,2025-05-16,0.3927601620682593,11.25695102905911,1.223033734703067
NG.L/SVT.L,2025-05-19,0.39336563281754955,7.912924604915361,0.8019348646340483
NG.L/SVT.L,2025-05-20,0.39468090474600687,16.7247609597448,1.7923520605749557
NG.L/SVT.L,2025-05-21,0.3946045962573702,-0.5218392029846655,-0.20853399660106534
NG.L/SVT.L,2025-05-22,0.39500484964119514,5.398537600890904,0.4985434402488787
NG.L/SVT.L,2025-05-23,0.3955731733265825,7.525503699259161,0.736578333563533
NG.L/SVT.L,2025-05-27,0.39573086566248816,2.3885476774382823,0.13423286138413454
NG.L/SVT.L,2025-05-28,0.39533510519330284,-4.5936030521086195,-0.669171277790252
NG.L/SVT.L,2025-05-29,0.39398927446393933,-16.97852940670191,-2.0321259674396317
NG.L/SVT.L,2025-05-30,0.39276075530614013,-15.099855540826411,-1.738241048491165
NG.L/SVT.L,2025-06-02,0.39105839209682847,-20.92603603663042,-2.2824227393071337
NG.L/SVT.L,2025-06-03,0.39117795987345455,1.947676168044154,0.15169540276268964
NG.L/SVT.L,2025-06-04,0.3913281181757131,2.331542736367055,0.17998735791476944
NG.L/SVT.L,2025-06-05,0.39098259968587556,-3.9860829712736177,-0.4966365131932449
NG.L/SVT.L,2025-06-06,0.39069186855869914,-3.2757727587677437,-0.4206620294005781
NG.L/SVT.L,2025-06-09,0.39046280678163375,-2.494530209352206,-0.35438151536617224
NG.L/SVT.L,2025-06-10,0.38940913254236836,-12.709774022639749,-1.4106219777685551
NG.L/SVT.L,2025-06-11,0.3885209159374457,-10.634812831705858,-1.151252602576408
NG.L/SVT.L,2025-06-12,0.38850332507821167,0.18939771316240694,0.0018112335140637325
NG.L/SVT.L,2025-06-13,0.3892680834433633,10.052128731953417,1.081083508016637
NG.L/SVT.L,2025-06-16,0.3895238836220375,3.647558787165053,0.405251355920709
NG.L/SVT.L,2025-06-17,0.3896699106450685,2.2616651542498403,0.2898983918583707
NG.L/SVT.L,2025-06-18,0.3893081414861685,-4.157515034906055,-0.405108371577325
NG.L/SVT.L,2025-06-19,0.38876876976804003,-6.3682112395767945,-0.6379305138269203
NG.L/SVT.L,2025-06-20,0.3890035828701743,3.3832246036818105,0.5184014880562429
NG.L/SVT.L,2025-06-23,0.38976363673478176,9.849855038917667,1.2551708490539577
NG.L/SVT.L,2025-06-24,0.3896831635165647,-0.5945961939812605,0.04627989529510391
NG.L/SVT.L,2025-06-25,0.3901077344076613,5.771796406851081,0.8218393580150309
NG.L/SVT.L,2025-06-26,0.390015896949008,-0.7365473487370764,0.07733136690873552
NG.L/SVT.L,2025-06-27,0.3895264234437298,-5.721004975258893,-0.5236691716260069
NG.L/SVT.L,2025-06-30,0.38927555398912467,-2.751577361969794,-0.15832604712012432
NG.L/SVT.L,2025-07-01,0.3887996044156132,-5.500828304611787,-0.4947800794113376
NG.L/SVT.L,2025-07-02,0.38815295511356424,-7.944370654615113,-0.8250179482469888
NG.L/SVT.L,2025-07-03,0.3878068837622914,-3.9995975654055655,-0.3266886203394032
NG.L/SVT.L,2025-07-04,0.3880284539183931,3.2284481056321965,0.5543090015505171
NG.L/SVT.L,2025-07-07,0.387943920722038,-0.672049505371433,0.04518843680251414
NG.L/SVT.L,2025-07-08,0.38808455536688585,2.2127737112166415,0.39519046991369605
NG.L/SVT.L,2025-07-09,0.3881121262185152,0.7592270429795462,0.18853232466855901
NG.L/SVT.L,2025-07-10,0.38852744383771454,5.750134588264132,0.8105442439523878
NG.L/SVT.L,2025-07-11,0.38925357368887537,9.734305237160697,1.301327095222604
NG.L/SVT.L,2025-07-14,0.3902213179412651,12.593168340745024,1.5977388300878324
NG.L/SVT.L,2025-07-15,0.3909354800224559,9.434139569211311,1.1679398369185467
NG.L/SVT.L,2025-07-16,0.39111762311798093,2.6966366156493677,0.3322516669239988
NG.L/SVT.L,2025-07-17,0.392254791641901,14.85959398790601,1.7821127157675536
NG.L/SVT.L,2025-07-18,0.3927478960078388,6.566667550276179,0.7913779331123522
NG.L/SVT.L,2025-07-21,0.39298402386533926,3.3229963841563404,0.394105385036641
NG.L/SVT.L,2025-07-22,0.39234450920545605,-7.364571012577926,-0.8833757204951637
NG.L/SVT.L,2025-07-23,0.3920909910386255,-2.7835662197753663,-0.32399105064752354
NG.L/SVT.L,2025-07-24,0.3926936241244543,8.104340967731332,0.9675663883867806
NG.L/SVT.L,2025-07-25,0.39354339481386585,11.261005255036252,1.311977415070556
NG.L/SVT.L,2025-07-28,0.3944452651874135,12.002543600506215,1.37735775760168
NG.L/SVT.L,2025-07-29,0.3948473298583787,5.575281037803279,0.5496114182609181
NG.L/SVT.L,2025-07-30,0.395953572905094,14.558422614340316,1.6172900971937578
NG.L/SVT.L,2025-07-31,0.3966551650158981,9.283191093382129,0.9315805245289736
NG.L/SVT.L,2025-08-01,0.39835693973510483,21.880099505023054,2.3696384239873596
NG.L/SVT.L,2025-08-04,0.3997456488691528,17.800524055626965,1.805348238246196
NG.L/SVT.L,2025-08-05,0.40039704094372164,8.55716441700838,0.711244257882715
NG.L/SVT.L,2025-08-06,0.4005449499444385,2.2565214263611324,-0.023594135594633314
NG.L/SVT.L,2025-08-07,0.4010166219315383,6.434047319326055,0.4517172920112599
NG.L/SVT.L,2025-08-08,0.401413621680118,5.538695366145021,0.36445141516915686
NG.L/SVT.L,2025-08-11,0.4019853594906034,7.743414951954264,0.6326602295739047
NG.L/SVT.L,2025-08-12,0.40191496549236744,-0.5029566528487521,-0.3212310515875493
NG.L/SVT.L,2025-08-13,0.40158224489610256,-3.8578122737378635,-0.6911543412389151
NG.L/SVT.L,2025-08-14,0.4016992432408251,1.8854217481866726,-0.0040324273823169506
NG.L/SVT.L,2025-08-15,0.40159436050252884,-0.9220298396389808,-0.3300152037544252
NG.L/SVT.L,2025-08-18,0.4014560444322685,-1.350419298800034,-0.36492801339816183
NG.L/SVT.L,2025-08-19,0.40211031118236784,8.805220985541837,0.8457272624209637
NG.L/SVT.L,2025-08-20,0.4022536370393546,2.196337368661034,0.03754564954777897
NG.L/SVT.L,2025-08-21,0.4020664794360464,-1.9281190858691843,-0.5137225917360031
NG.L/SVT.L,2025-08-22,0.4017520569998521,-3.562633538681439,-0.773054702125829
NG.L/SVT.L,2025-08-26,0.40214739607930894,5.462183586365427,0.38525048553369007
NG.L/SVT.L,2025-08-27,0.4025674067547598,5.712927842457702,0.41158491022252136
NG.L/SVT.L,2025-08-28,0.40289106774726413,4.536515699496931,0.23819685594462076
NG.L/SVT.L,2025-08-29,0.40280898037427126,-0.637734112171529,-0.5115971392753739
NG.L/SVT.L,2025-09-01,0.4026017971626021,-2.2769338457968615,-0.7509409024944708
NG.L/SVT.L,2025-09-02,0.40319318827444117,8.18363123985364,0.7295052806236179
NG.L/SVT.L,2025-09-03,0.4038168322725261,8.479842441595565,0.7522601588168014
NG.L/SVT.L,2025-09-04,0.4040592138347742,3.507020325684607,-0.03133787269558885
NG.L/SVT.L,2025-09-05,0.40416825099675796,1.7794310669203242,-0.3061942451351934
NG.L/SVT.L,2025-09-08,0.40431309152521316,2.2394030748607747,-0.21547628807804664
NG.L/SVT.L,2025-09-09,0.40455981144120257,3.537886348791062,-0.010106635723147838
NG.L/SVT.L,2025-09-10,0.404802152499726,3.4693349063220467,-0.024121726574757522
NG.L/SVT.L,2025-09-11,0.4049959232645856,2.85513744406353,-0.1414608245277881
NG.L/SVT.L,2025-09-12,0.40528973827253717,4.092910624276783,0.02943204595647587
NG.L/SVT.L,2025-09-15,0.40526547121318124,0.10444790009933058,-0.6129965570019094
NG.L/SVT.L,2025-09-16,0.40570358061072076,6.007859454605068,0.3640022993817549
NG.L/SVT.L,2025-09-17,0.40575783982743224,1.0969109816924174,-0.44953555995104943
NG.L/SVT.L,2025-09-18,0.4059221864443298,2.512085743543821,-0.20729800559430336
NG.L/SVT.L,2025-09-19,0.4062090057765275,4.0657077615830985,0.036018622267325016
NG.L/SVT.L,2025-09-22,0.406783434073977,7.733516111219615,0.618496000301099
NG.L/SVT.L,2025-09-23,0.4074811527287956,9.317168842699857,0.8565359135246016
NG.L/SVT.L,2025-09-24,0.40872545972914404,16.26144781377252,1.9551712788242752
NG.L/SVT.L,2025-09-25,0.4099298942274396,15.766419366971604,1.8246986252960649
NG.L/SVT.L,2025-09-26,0.4109841523692602,13.764735966524995,1.437845081758567
NG.L/SVT.L,2025-09-29,0.4117342652233055,9.893825749255711,0.7563049084437908
NG.L/SVT.L,2025-09-30,0.41183739909838624,1.690797684594827,-0.6466960987255223
NG.L/SVT.L,2025-10-01,0.4120925773632047,3.5847455440609792,-0.32779256191370915
NG.L/SVT.L,2025-10-02,0.41227135692000094,2.655139372334588,-0.4939759899540642
NG.L/SVT.L,2025-10-03,0.4126154601367682,4.7248441414465105,-0.1357315046000816
NG.L/SVT.L,2025-10-06,0.4131362008601763,6.9568640435516045,0.2563283125252411
NG.L/SVT.L,2025-10-07,0.4139127118385374,10.141258985166814,0.8181042868515198
NG.L/SVT.L,2025-10-08,0.41461732553101965,9.286769142293224,0.6703955557601807
NG.L/SVT.L,2025-10-09,0.4150148083737418,5.376228391684208,-0.016435458095757655
NG.L/SVT.L,2025-10-10,0.4151479489623456,2.063581694916593,-0.5673259327885891
NG.L/SVT.L,2025-10-13,0.4145423813583138,-7.1522477858713955,-2.082275164983664
NG.L/SVT.L,2025-10-14,0.4139458944593486,-7.016470839112571,-1.9625202581733294
NG.L/SVT.L,2025-10-15,0.412960990374671,-11.743501632199468,-2.6554995488762088
NG.L/SVT.L,2025-10-16,0.4127217847951243,-2.5504865136229,-1.1799176766485024
NG.L/SVT.L,2025-10-17,0.4128307494693872,1.7611869930135526,-0.46986458494264466
NG.L/SVT.L,2025-10-20,0.4133752903197132,7.230988722249094,0.4244298357041789
NG.L/SVT.L,2025-10-21,0.4133328957537929,-0.11688535705047798,-0.7404592685231287
NG.L/SVT.L,2025-10-22,0.4115710529846279,-20.943432781737783,-3.5925484186905265
NG.L/SVT.L,2025-10-23,0.4110281275266194,-6.313559230579358,-1.4362297700057118
NG.L/SVT.L,2025-10-24,0.41011647888923214,-10.826672432639725,-1.981363624157408
NG.L/SVT.L,2025-10-28,0.410031142969955,-0.6583270801922936,-0.5321791493710457
NG.L/SVT.L,2025-10-29,0.40998322521371316,-0.19430177715594255,-0.436558953917562
NG.L/SVT.L,2025-10-30,0.4108489276626535,11.364059546906446,1.3429989604780252
NG.L/SVT.L,2025-10-31,0.41065744762027667,-2.0089350882938106,-0.7060908361991064
NG.L/SVT.L,2025-11-03,0.4110468919741865,5.380223227895613,0.4322880709865295
NG.L/SVT.L,2025-11-04,0.4114058214324112,4.9325571786121145,0.36521510173624594
NG.L/SVT.L,2025-11-05,0.4108651426203781,-6.286499975375818,-1.3131089228669306
NG.L/SVT.L,2025-11-06,0.41077354194768784,-0.7274969662937565,-0.4648722841702956
NG.L/SVT.L,2025-11-07,0.4115669521623349,10.317818083937027,1.1775079134557513
NG.L/SVT.L,2025-11-10,0.4124936570685736,12.104326890529137,1.3987072783118288
NG.L/SVT.L,2025-11-11,0.4133360284329846,11.05689457762469,1.2005713144969594
NG.L/SVT.L,2025-11-12,0.4153573200350086,26.063302755424502,3.0750715147777696
NG.L/SVT.L,2025-11-13,0.4175292620877562,27.96690437109578,3.0321294547592466
NG.L/SVT.L,2025-11-14,0.4190671820501761,20.019609194228906,1.936608784729173
NG.L/SVT.L,2025-11-17,0.4208606252602494,23.17818497144731,2.182499522588341
NG.L/SVT.L,2025-11-18,0.4227283053495893,24.311822739648278,2.181905346443879
NG.L/SVT.L,2025-11-19,0.42405107899544353,17.444598912489255,1.365744775271374
NG.L/SVT.L,2025-11-20,0.4231860854638792,-10.525620374047321,-1.6545803290795287
NG.L/SVT.L,2025-11-21,0.42089131220306214,-28.009373354616855,-3.1667552828029906
NG.L/SVT.L,2025-11-24,0.41674582939833094,-50.681299809165694,-4.361317984349373
NG.L/SVT.L,2025-11-25,0.4136539390016206,-37.83728702131566,-3.0160328937204652
NG.L/SVT.L,2025-11-26,0.41064327554897234,-36.45038292683466,-2.6790589560658615
NG.L/SVT.L,2025-11-27,0.4095105710019451,-13.69479639885185,-1.063318910673827
NG.L/SVT.L,2025-11-28,0.40899444235287136,-6.056614082150418,-0.5246531755378901
NG.L/SVT.L,2025-12-01,0.4084373877030048,-6.578267262796317,-0.5495151037925377
NG.L/SVT.L,2025-12-02,0.40861787223375134,2.679989262340996,0.08505538158462479
NG.L/SVT.L,2025-12-03,0.4082840389406823,-3.7889761106123387,-0.34998858079406536
NG.L/SVT.L,2025-12-04,0.4077862083856475,-5.836287723727537,-0.4788091698568293
NG.L/SVT.L,2025-12-05,0.4081028790217561,4.450412004583995,0.22301893518407673
NG.L/SVT.L,2025-12-08,0.4088739378180208,10.264784445072337,0.6118478921797136
NG.L/SVT.L,2025-12-09,0.409196353209498,4.515685450934598,0.21472376482200886
NG.L/SVT.L,2025-12-10,0.40966164685572076,6.3942011065441875,0.3422889060190824
NG.L/SVT.L,2025-12-11,0.4104297616254802,10.288294388269833,0.5954348892008574
NG.L/SVT.L,2025-12-12,0.4110978607021694,8.933274784177001,0.4950603143279896
NG.L/SVT.L,2025-12-15,0.4120846679130572,12.944629207558592,0.7534930648862104
NG.L/SVT.L,2025-12-16,0.41258072329491824,6.693727552515156,0.3329244305451875
NG.L/SVT.L,2025-12-17,0.41268943343951814,1.750763176016335,0.007701885408635606
NG.L/SVT.L,2025-12-18,0.41272186100420133,0.8120877993992508,-0.03872381466115792
NG.L/SVT.L,2025-12-19,0.41293156786056845,3.0351572421709534,0.12853867777454617
NG.L/SVT.L,2025-12-22,0.41259998809782705,-3.7724917743291826,-0.3216220174752076
NG.L/SVT.L,2025-12-23,0.4129789725962858,5.185764749746113,0.30453233963841175
NG.L/SVT.L,2025-12-24,0.4132577250713692,3.9214544344088154,0.21415555850930845
NG.L/SVT.L,2025-12-29,0.4128772157419559,-4.332107347523561,-0.3488732629101224
NG.L/SVT.L,2025-12-30,0.41209455224066577,-9.258913024837966,-0.6740177451477123
NG.L/SVT.L,2025-12-31,0.4115550200905263,-6.337167432445767,-0.4590590520654891
NG.L/SVT.L,2026-01-02,0.41151400466612315,-0.10075640874970304,-0.020862677402712367
NG.L/SVT.L,2026-01-05,0.41109802613589536,-4.784949193800458,-0.3283571912050799
NG.L/SVT.L,2026-01-06,0.4114187506804282,4.380508208879064,0.3134560726649429
NG.L/SVT.L,2026-01-07,0.41122940406232084,-1.9084937106015332,-0.11535235826357136
NG.L/SVT.L,2026-01-08,0.4108431690152838,-4.3479246485671865,-0.27754094021844306
NG.L/SVT.L,2026-01-09,0.41069590799021827,-1.4048888366467054,-0.07965308776155999
NG.L/SVT.L,2026-01-12,0.41194734312985964,16.380535324811945,1.1223217295477295
NG.L/SVT.L,2026-01-13,0.4132809003286607,17.78797181007235,1.1781017688414739
NG.L/SVT.L,2026-01-14,0.4144448720136305,15.242081930528457,0.975349831407257
NG.L/SVT.L,2026-01-15,0.4152444813572696,10.41124297322358,0.634426684289917
NG.L/SVT.L,2026-01-16,0.4168046360912873,19.84173975585304,1.2449754698490152
NG.L/SVT.L,2026-01-19,0.41665212666815493,-1.470124048636535,-0.18222859715567374
NG.L/SVT.L,2026-01-20,0.4169041145012806,3.5609665940210107,0.13009833710408386
NG.L/SVT.L,2026-01-21,0.4168650684503111,-0.07876594832009687,-0.12601779384048423
NG.L/SVT.L,2026-01-22,0.41727608390476184,5.595165014414533,0.24533770720720163
NG.L/SVT.L,2026-01-23,0.418365039459352,14.20515487579928,0.8170447672298072
NG.L/SVT.L,2026-01-26,0.41896244921487635,7.84801153346416,0.37186483176351826
NG.L/SVT.L,2026-01-27,0.4194014670407266,5.802299493858982,0.23881124131522102
NG.L/SVT.L,2026-01-28,0.4194274059065609,0.7260407832386591,-0.11288774454100166
NG.L/SVT.L,2026-01-29,0.4193329565781468,-0.7546706964478744,-0.2075834510689643
NG.L/SVT.L,2026-01-30,0.41974171350502376,5.482295052047903,0.22021825541598622
NG.L/SVT.L,2026-02-02,0.42046190036530173,9.372513018937525,0.47001145760489976
NG.L/SVT.L,2026-02-03,0.4216447764644534,15.082858963919989,0.8397651770610076
NG.L/SVT.L,2026-02-04,0.4223659171038986,9.19741132855711,0.4389086192505971
NG.L/SVT.L,2026-02-05,0.42342136264369606,13.413190210081893,0.725089487507047
NG.L/SVT.L,2026-02-06,0.42487102664154,18.441828613305688,1.0530656966174903
NG.L/SVT.L,2026-02-09,0.4270242306337402,27.539721233497403,1.664338356993936
NG.L/SVT.L,2026-02-10,0.42737568369789575,4.730016275267872,0.15032972739895392
NG.L/SVT.L,2026-02-11,0.4280998699525694,9.152245028336665,0.4749921116249482
NG.L/SVT.L,2026-02-12,0.42776753442107895,-3.5360843501646286,-0.39084626171062065
NG.L/SVT.L,2026-02-13,0.42749458762167,-2.850958074944856,-0.31637320422130066
NG.L/SVT.L,2026-02-16,0.4274595506024745,-0.014179742136548157,-0.08920889922139622
NG.L/SVT.L,2026-02-17,0.4274372705558884,0.13784857019322772,-0.0916927841802483
NG.L/SVT.L,2026-02-18,0.42732412758085975,-1.0032118230280958,-0.21901765992047234
NG.L/SVT.L,2026-02-19,0.4276413262576713,4.39547563957899,0.15180069432173524
NG.L/SVT.L,2026-02-20,0.4277648662947754,1.948450552785289,-0.15283080213908992
NG.L/SVT.L,2026-02-23,0.4284564298502167,8.989149251662866,0.6054126985623531
NG.L/SVT.L,2026-02-24,0.428499207773591,0.9311983243812847,-0.45473731889092456
NG.L/SVT.L,2026-02-25,0.4293916194768063,11.353458649378354,0.8804260901518932
NG.L/SVT.L,2026-02-26,0.4293037373567888,-0.6651456594670435,-0.7324408879964962
NG.L/SVT.L,2026-02-27,0.4281628363171042,-13.385170705046676,-2.2935155625957644
NG.L/SVT.L,2026-03-02,0.4280466322028356,-1.0108381891827776,-0.7187084771817378
NG.L/SVT.L,2026-03-03,0.4273269583686957,-8.710865793839503,-1.6878672682915652
NG.L/SVT.L,2026-03-04,0.42603136262062047,-15.754181575729035,-2.4122888465044388
NG.L/SVT.L,2026-03-05,0.42544533703988546,-6.884579397050402,-1.2918731593888246
NG.L/SVT.L,2026-03-06,0.42589620979339987,6.133216573587788,0.26399951196999977
NG.L/SVT.L,2026-03-09,0.42728278950273024,18.15996518615657,1.6419953388755606
NG.L/SVT.L,2026-03-10,0.42902384968731155,22.367949394337074,2.0425796606730446
NG.L/SVT.L,2026-03-11,0.42964217169554786,8.178869263711249,0.4379797810275251
NG.L/SVT.L,2026-03-12,0.43003523364870977,5.203078711882426,0.11642719648401181
NG.L/SVT.L,2026-03-13,0.4310060973957019,12.365603348182049,0.9176509943310381
NG.L/SVT.L,2026-03-16,0.4309824373579744,0.1153468097259065,-0.4687092949998517
NG.L/SVT.L,2026-03-17,0.4304227668777802,-6.465548353292206,-1.1876649403819328
NG.L/SVT.L,2026-03-18,0.4291082666783649,-16.111049761182358,-2.143156019403286
NG.L/SVT.L,2026-03-19,0.4281513781598905,-12.036072075864467,-1.6589303475282113
NG.L/SVT.L,2026-03-20,0.42602753490119105,-27.19546068702016,-2.9529848908546987
NG.L/SVT.L,2026-03-23,0.423845503660658,-27.906115481562892,-2.7676355299993185
NG.L/SVT.L,2026-03-24,0.423488409077583,-4.174290401285134,-0.6151161879880793
NG.L/SVT.L,2026-03-25,0.4233592996403889,-1.1985763767197568,-0.360537767585188
NG.L/SVT.L,2026-03-26,0.4215181027671711,-22.50335381210016,-2.20178979398655
NG.L/SVT.L,2026-03-27,0.4198089245424287,-20.83539238684648,-1.9571675783112792
NG.L/SVT.L,2026-03-30,0.4182069772264278,-18.931614027977048,-1.7334081533124552
NG.L/SVT.L,2026-03-31,0.4166907325744537,-18.083032936995323,-1.5959640622006763
NG.L/SVT.L,2026-04-01,0.4156671165073413,-11.952153577543868,-1.0729716814232733
NG.L/SVT.L,2026-04-02,0.4157984977342942,1.9941158751103103,0.04374805713928844
NG.L/SVT.L,2026-04-07,0.41582390187266305,0.7195508955956029,-0.0621565517798633
NG.L/SVT.L,2026-04-08,0.4160752574026601,3.4732370968449686,0.18011414664697326
NG.L/SVT.L,2026-04-09,0.4158857003164783,-1.873654304059528,-0.23440085226345583
NG.L/SVT.L,2026-04-10,0.4154618707385225,-4.741044151973938,-0.449860399352792
NG.L/SVT.L,2026-04-13,0.41524181680614997,-2.342818042367071,-0.23172097856945356
NG.L/SVT.L,2026-04-14,0.41417492398724254,-12.856658787283095,-1.088565143208926
NG.L/SVT.L,2026-04-15,0.4129936121921469,-14.373567411045315,-1.1855566441044525
NG.L/SVT.L,2026-04-16,0.41158721259561676,-17.129001985504374,-1.3681959481689467
NG.L/SVT.L,2026-04-17,0.4101493519386472,-17.58937063715007,-1.3600534416772754
NG.L/SVT.L,2026-04-20,0.408596125652185,-18.85816470800728,-1.4094903794815006
NG.L/SVT.L,2026-04-21,0.40788572560763126,-8.617020886619684,-0.5579524641603275
NG.L/SVT.L,2026-04-22,0.4081034834084276,3.135730439350027,0.4098507083744992
NG.L/SVT.L,2026-04-23,0.4082105162348438,1.7313674176994027,0.3010682873447586
NG.L/SVT.L,2026-04-24,0.40869317171578,6.3755765006781075,0.6727272182779361
NG.L/SVT.L,2026-04-27,0.40953625065883126,10.916497463103497,1.0195686405118243
NG.L/SVT.L,2026-04-28,0.4106995826762278,14.904061739014878,1.3143752941430888
NG.L/SVT.L,2026-04-29,0.4124667065328939,22.995362818173817,1.8962488604117727
NG.L/SVT.L,2026-04-30,0.4100409449889459,-28.230601338747192,-2.008176394900391
NG.L/SVT.L,2026-05-01,0.4098908936208345,-1.4342598936705144,0.05568171048891477
NG.L/SVT.L,2026-05-05,0.410113522221071,3.199116375595395,0.4301731743454929
NG.L/SVT.L,2026-05-06,0.4086621711158891,-17.292601997849488,-1.1317687947901116
NG.L/SVT.L,2026-05-07,0.4082326087899955,-5.004591266548687,-0.12768803273361026
NG.L/SVT.L,2026-05-08,0.4081168176158688,-1.042906581803436,0.20978085794802295
NG.L/SVT.L,2026-05-11,0.407551376300066,-6.613492403301052,-0.2344078570649958
NG.L/SVT.L,2026-05-12,0.40766371994228906,1.8142711867162689,0.46561601755342835
NG.L/SVT.L,2026-05-13,0.40820990961118064,7.268775935923259,0.9027205789473968
NG.L/SVT.L,2026-05-14,0.40890123948032964,8.988023565194908,1.0248287540427268
NG.L/SVT.L,2026-05-15,0.40945821199757854,7.927374598612687,0.9203735356992351
NG.L/SVT.L,2026-05-18,0.4111790513610633,22.615470723615317,2.0192355343769255
NG.L/SVT.L,2026-05-19,0.411961351910008,10.15708485621667,1.0191577702712982
NG.L/SVT.L,2026-05-20,0.4110275458807459,-10.975100743109351,-0.6250566165853328
NG.L/SVT.L,2026-05-21,0.41131456068906946,3.910721920184642,0.5529419555881638
NG.L/SVT.L,2026-05-22,0.41092165454223933,-4.375050333104809,-0.09390487859647285
NG.L/SVT.L,2026-05-26,0.41124221015855245,4.330064795680983,0.607742615362125
NG.L/SVT.L,2026-05-27,0.41053079158931227,-8.403892367137814,-0.39549431375165395
NG.L/SVT.L,2026-05-28,0.40985961579307534,-8.218285842398245,-0.3891822271882655
NG.L/SVT.L,2026-05-29,0.4084583050254156,-17.62116592548432,-1.1065719983598346
NG.L/SVT.L,2026-06-01,0.40778108471571617,-8.35189170875401,-0.37438920925409247
NG.L/SVT.L,2026-06-02,0.4080676316793038,4.103868130019009,0.5871812229213678
NG.L/SVT.L,2026-06-03,0.4085385632468042,6.384472445825395,0.7477291807459671
NG.L/SVT.L,2026-06-04,0.4080582383947678,-5.587919741354426,-0.1850217697532568
NG.L/SVT.L,2026-06-05,0.4085520639318424,6.551682506019233,0.8111306749445121
NG.L/SVT.L,2026-06-08,0.40908561766525164,7.151825182134644,0.909060832179632
NG.L/SVT.L,2026-06-09,0.40953696249349986,6.109291293941396,0.8268829454252131
NG.L/SVT.L,2026-06-10,0.4096407094134649,1.710565675028647,0.46393367210609215
NG.L/SVT.L,2026-06-11,0.4107996306654816,15.037872547441566,1.5734809525055853
NG.L/SVT.L,2026-06-12,0.4112270984992075,5.749509791318815,0.7844505119338858
NG.L/SVT.L,2026-06-15,0.41294013543205677,22.210050768268957,2.0403267975525314
NG.L/SVT.L,2026-06-16,0.4147327272094681,22.934022001380526,1.9935095673470884
NG.L/SVT.L,2026-06-17,0.4154594589782836,9.505731127064337,0.9120260977343724
NG.L/SVT.L,2026-06-18,0.41466702936389876,-9.54638297912311,-0.6174111048497518
NG.L/SVT.L,2026-06-19,0.4167862880013399,27.493369500192102,2.2742470711526614
NG.L/SVT.L,2026-06-22,0.41804619006712695,16.190880226540003,1.3238952640881434
NG.L/SVT.L,2026-06-23,0.41963012832973345,20.32227143700561,1.5855819721618285
NG.L/SVT.L,2026-06-24,0.42024714802859875,7.994867684091332,0.6103990853728261
NG.L/SVT.L,2026-06-25,0.4208711024873577,8.063278842395903,0.5903140710646759
NG.L/SVT.L,2026-06-26,0.42093617292399005,1.2126728366854422,0.011925732174158439
NG.L/SVT.L,2026-06-29,0.42130113393177887,4.920836758343967,0.2917231781201914
NG.L/SVT.L,2026-06-30,0.4214455606771421,2.206922638367814,0.04418468500811133
NG.L/SVT.L,2026-07-01,0.42059357743750214,-10.403748878506121,-1.001554007335833
NG.L/SVT.L,2026-07-02,0.418982914211752,-19.407050179444468,-1.688982290677353
NG.L/SVT.L,2026-07-03,0.41805429724955356,-10.999000343159878,-0.9705174129752968
NG.L/SVT.L,2026-07-06,0.4169040622230654,-13.87552979807333,-1.1750379293535744
NG.L/SVT.L,2026-07-07,0.41672296861196323,-1.8354598986657038,-0.20883087735033296
NG.L/SVT.L,2026-07-08,0.4175441450445989,10.734242377898,0.7841840041670634
NG.L/SVT.L,2026-07-09,0.41729734484419573,-2.6963566697540955,-0.311147076037671
NG.L/SVT.L,2026-07-10,0.4166769299262442,-7.363712581682876,-0.7058995206954505
NG.L/SVT.L,2026-07-13,0.4157013269455775,-11.592396760079282,-1.0703440304609135
NG.L/SVT.L,2026-07-14,0.41558185084887805,-1.0702073534250758,-0.22760126893321747
NG.L/SVT.L,2026-07-15,0.41522660991453897,-4.03620398498424,-0.5112710172347666
NG.L/SVT.L,2026-07-16,0.41385347228289726,-16.78334740303376,-1.5791820809475654
NG.L/SVT.L,2026-07-17,0.41304664452854656,-9.401012124523731,-0.9250377658611221
NG.L/SVT.L,2026-07-20,0.4125512121297998,-5.779148510697269,-0.6059035596543421
NG.L/SVT.L,2026-07-21,0.4121784628196765,-4.2918192026359065,-0.4652256960986804
NG.L/SVT.L,2026-07-22,0.4119762711961071,-2.0839118937733474,-0.26205140973716234
NG.L/SVT.L,2026-07-23,0.41145295250645325,-6.119198854450133,-0.5798420848565823
NG.L/SVT.L,2026-07-24,0.4110976232485661,-4.014822210669536,-0.3727148925182736
NG.L/SVT.L,2026-07-27,0.41016363137629264,-11.272203179888265,-1.0887660085795619
NG.L/SVT.L,2026-07-28,0.40771897945697233,-29.62007713833532,-2.582101905891855
NG.L/SVT.L,2026-07-29,0.40490335495616314,-34.66697222708672,-2.7660877364626346
NG.L/SVT.L,2026-07-30,0.40219734846688343,-33.35357115772308,-2.5284207078888494
NG.L/SVT.L,2026-07-31,0.40063675723295816,-19.121733329067638,-1.380018299314932
NG.L/SVT.L,2026-08-03,0.398842501373138,-21.88583416884694,-1.533199897832103
NG.L/SVT.L,2026-08-04,0.39697116067871446,-22.762040070079138,-1.547828117719161
NG.L/SVT.L,2026-08-05,0.3946033520537779,-28.667531029743486,-1.885645089764638
NG.L/SVT.L,2026-08-06,0.392384416366283,-26.669841397337905,-1.6680460221519904
NG.L/SVT.L,2026-08-07,0.3902126779116015,-26.048233998252044,-1.559394465921937
NG.L/SVT.L,2026-08-10,0.3880383308289432,-26.64274890806587,-1.5366229129252436
NG.L/SVT.L,2026-08-11,0.3873426490682564,-8.290044428366173,-0.26549241523642564
NG.L/SVT.L,2026-08-12,0.3868911188254611,-5.183815071882236,-0.0314616383533183
NG.L/SVT.L,2026-08-13,0.38683834531525857,-0.24622385856264373,0.3034852971248024
NG.L/SVT.L,2026-08-14,0.3866944838272054,-1.385955026064721,0.23007356300265283
NG.L/SVT.L,2026-08-17,0.3875565034883621,11.32822939537914,1.097343392085861
NG.L/SVT.L,2026-08-18,0.38834919775681304,10.224280535933985,1.0076979217539261
NG.L/SVT.L,2026-08-19,0.3875228668474526,-9.920155487984402,-0.3892888914256265
NG.L/SVT.L,2026-08-20,0.38678951684303226,-8.67960704496977,-0.3026073051068147
NG.L/SVT.L,2026-08-21,0.3845940737413134,-26.625945630449905,-1.517920072346839
NG.L/SVT.L,2026-08-24,0.3825474553871818,-24.813155718781672,-1.3538666349412438
NG.L/SVT.L,2026-08-25,0.38120294779383335,-16.05169144616275,-0.7389556982370211
NG.L/SVT.L,2026-08-26,0.3799936558484917,-14.480015922748862,-0.6108713095123844
NG.L/SVT.L,2026-08-27,0.3788184719167665,-14.337262941976178,-0.5896249933625134
NG.L/SVT.L,2026-08-28,0.3773853039229989,-17.254166141754467,-0.7597502172902371
NG.L/SVT.L,2026-09-01,0.3778953539323613,6.884426259109659,0.8659510243152568
NG.L/SVT.L,2026-09-02,0.3790700182459457,15.596925517605996,1.4247442035169067
NG.L/SVT.L,2026-09-03,0.37989082172464517,10.886224686760215,1.0921194974497916
NG.L/SVT.L,2026-09-04,0.3810236953139725,14.7873405737339,1.3503517677933452
NG.L/SVT.L,2026-09-07,0.3827313684402041,22.23885131203906,1.7822451165889306
NG.L/SVT.L,2026-09-08,0.3842898709598428,20.262098345740924,1.6629338124835022
NG.L/SVT.L,2026-09-09,0.38503668617554393,9.882656250358423,1.0261578900399206
NG.L/SVT.L,2026-09-10,0.38547674342251936,5.991723153623525,0.7755629142649021
NG.L/SVT.L,2026-09-11,0.385518364470884,0.9311921003097723,0.42788348182185915
NG.L/SVT.L,2026-09-14,0.3842562523423927,-15.491231830417064,-0.6375381051117721
NG.L/SVT.L,2026-09-15,0.38269761366791755,-18.957960320356733,-0.8485999279273235
NG.L/SVT.L,2026-09-16,0.3815436395533695,-13.683267776535558,-0.45346703945271366
NG.L/SVT.L,2026-09-17,0.38044904786166356,-12.761271222477035,-0.3655123092056518
NG.L/SVT.L,2026-09-18,0.3795156198511591,-11.040703025439825,-0.21948300373956978
NG.L/SVT.L,2026-09-21,0.3779223876016369,-19.024332913854778,-0.781464506887057
NG.L/SVT.L,2026-09-22,0.376322977828046,-19.111815089567017,-0.7609652008145733
NG.L/SVT.L,2026-10-05,0.37507311769187246,-14.976811080188327,-0.43653876500463185
NG.L/SVT.L,2026-10-06,0.3739456524536904,-13.466761740791753,-0.3206376194581047
NG.L/SVT.L,2026-10-07,0.3743335903709956,5.2878806454953065,1.0326690554701596
NG.L/SVT.L,2026-10-08,0.3738912330904996,-5.067257648186796,0.26208485123279696
NG.L/SVT.L,2026-10-09,0.3732314283368317,-7.778039274157209,0.054943702184811184
SVT.L/UU.L,2018-01-02,2.612290660682797,5.4558962555688595,
SVT.L/UU.L,2018-01-03,2.624902439342688,13.047164935620003,
SVT.L/UU.L,2018-01-04,2.632523813722732,15.11630391169092,
SVT.L/UU.L,2018-01-05,2.6278916427599475,-8.38235409719573,
SVT.L/UU.L,2018-01-08,2.626697376909495,-1.2019472751367175,
SVT.L/UU.L,2018-01-09,2.6279916466210143,8.003390168458054,
SVT.L/UU.L,2018-01-10,2.6325064996819854,25.201544975398974,
SVT.L/UU.L,2018-01-11,2.6343791279550364,13.385649296756128,
SVT.L/UU.L,2018-01-12,2.633772538854529,-1.302805287116371,
SVT.L/UU.L,2018-01-15,2.635569657070379,15.637061151832995,
SVT.L/UU.L,2018-01-16,2.636776024916793,12.114912031568565,
SVT.L/UU.L,2018-01-17,2.634484069145671,-16.91352324869331,
SVT.L/UU.L,2018-01-18,2.6332208339193035,-9.067186587005608,
SVT.L/UU.L,2018-01-19,2.633142463058097,1.8506828239642346,
SVT.L/UU.L,2018-01-22,2.633037281886377,1.5118580578055116,
SVT.L/UU.L,2018-01-23,2.6338570258967464,12.015229226280553,
SVT.L/UU.L,2018-01-24,2.6355340976737716,23.184308333778745,
SVT.L/UU.L,2018-01-25,2.6396817730193294,56.517785015196296,
SVT.L/UU.L,2018-01-26,2.6420354451819494,34.25555092312993,
SVT.L/UU.L,2018-01-29,2.6435926727099153,24.810039995285706,
SVT.L/UU.L,2018-01-30,2.644577918428248,17.227382277612605,
SVT.L/UU.L,2018-01-31,2.6445631966133925,2.4183354883218726,
SVT.L/UU.L,2018-02-01,2.6417325555786566,-42.02916135174405,
SVT.L/UU.L,2018-02-02,2.6400514418335823,-24.984981021740396,
SVT.L/UU.L,2018-02-05,2.63893482428895,-16.567912884529505,
SVT.L/UU.L,2018-02-06,2.6383253402002174,-8.587551877022406,
SVT.L/UU.L,2018-02-07,2.637743167155089,-8.00721330223223,
SVT.L/UU.L,2018-02-08,2.6361780384711455,-26.68925763958964,
SVT.L/UU.L,2018-02-09,2.6357127736080934,-6.504145358493815,
SVT.L/UU.L,2018-02-12,2.6347135454155275,-17.619620279959463,
SVT.L/UU.L,2018-02-13,2.6335786931338205,-21.51408918728066,
SVT.L/UU.L,2018-02-14,2.632022372906047,-30.683076679635406,
SVT.L/UU.L,2018-02-15,2.6305480387310762,-29.876498309204635,
SVT.L/UU.L,2018-02-16,2.629449447782972,-21.520930642130907,
SVT.L/UU.L,2018-02-19,2.628095685581812,-27.80326005519919,
SVT.L/UU.L,2018-02-20,2.6265311963062627,-32.89826960181517,
SVT.L/UU.L,2018-02-21,2.625401444214503,-23.408475976701766,
SVT.L/UU.L,2018-02-22,2.6239271781134135,-31.62399548882786,
SVT.L/UU.L,2018-02-23,2.6223001192488766,-34.30428497181015,
SVT.L/UU.L,2018-02-26,2.6211941886534413,-22.731164407098277,
SVT.L/UU.L,2018-02-27,2.619904496632262,-27.56454916636062,
SVT.L/UU.L,2018-02-28,2.6183028308042857,-36.132800869723724,
SVT.L/UU.L,2018-03-01,2.6165839661860715,-38.85793434820175,
SVT.L/UU.L,2018-03-02,2.616020996377437,-11.311417855899435,
SVT.L/UU.L,2018-03-05,2.614801584627418,-27.267331977286858,
SVT.L/UU.L,2018-03-06,2.612783781330382,-46.687923647769594,
SVT.L/UU.L,2018-03-07,2.6110482558490506,-39.5667997427704,
SVT.L/UU.L,2018-03-08,2.6096235555820986,-31.93620581451478,
SVT.L/UU.L,2018-03-09,2.609242752781588,-6.6523709267041795,
SVT.L/UU.L,2018-03-12,2.608683555857665,-11.135552396673802,
SVT.L/UU.L,2018-03-13,2.608347218855867,-5.843668370031764,
SVT.L/UU.L,2018-03-14,2.606778108545642,-36.621565933387956,
SVT.L/UU.L,2018-03-15,2.6050550218040476,-41.210321409889275,
SVT.L/UU.L,2018-03-16,2.603690379814179,-32.31605371227374,
SVT.L/UU.L,2018-03-19,2.6016633951030808,-49.92105345347363,
SVT.L/UU.L,2018-03-20,2.6002572689596692,-34.7333180468454,
SVT.L/UU.L,2018-03-21,2.5987383914356093,-37.83066509933042,
SVT.L/UU.L,2018-03-22,2.597656648123397,-26.726648904027797,
SVT.L/UU.L,2018-03-23,2.5968047673093966,-20.73659942907011,
SVT.L/UU.L,2018-03-26,2.597046212191714,9.340396355909888,0.9478964695466132
SVT.L/UU.L,2018-03-27,2.5971902313372617,6.560841823541523,0.8246246912196967
SVT.L/UU.L,2018-03-28,2.5958776450789847,-30.71221557820445,-0.7814869996530606
SVT.L/UU.L,2018-03-29,2.5953107114666576,-12.056831743614339,0.061488997417308275
SVT.L/UU.L,2018-04-03,2.5950515781728107,-4.2504253191596035,0.40669062903545344
SVT.L/UU.L,2018-04-04,2.595522104582525,15.083954340428818,1.2436017677049502
SVT.L/UU.L,2018-04-05,2.5961542688090327,19.39293015196813,1.4113038307932155
SVT.L/UU.L,2018-04-06,2.5962018005988856,3.851539264069288,0.7624014490093773
SVT.L/UU.L,2018-04-09,2.5960009001855155,-2.6075503392544306,0.49147397604736925
SVT.L/UU.L,2018-04-10,2.5963541911493757,12.124908616887978,1.1347616417576225
SVT.L/UU.L,2018-04-11,2.596480261841659,6.019159445301284,0.8763410280969899
SVT.L/UU.L,2018-04-12,2.597138913172241,20.65392792428497,1.515106985739909
SVT.L/UU.L,2018-04-13,2.597541684275957,13.545153499725984,1.161942934782181
SVT.L/UU.L,2018-04-16,2.5985593782127054,30.73497884528979,1.8352320167244993
SVT.L/UU.L,2018-04-17,2.599439900019009,26.953162751967966,1.6225147529523045
SVT.L/UU.L,2018-04-18,2.5998604991357737,14.188209198044433,1.0704009732190016
SVT.L/UU.L,2018-04-19,2.600491218946324,19.961355741654643,1.296983542824647
SVT.L/UU.L,2018-04-20,2.601001433402726,16.589331106543113,1.169047648010942
SVT.L/UU.L,2018-04-23,2.601951340849201,29.217725354536242,1.7939359695218224
SVT.L/UU.L,2018-04-24,2.602653841848619,22.17838931719598,1.519950250841437
SVT.L/UU.L,2018-04-25,2.6029022125650454,9.496786344136353,0.9846551772385552
SVT.L/UU.L,2018-04-26,2.6030311560760393,6.086898050374657,0.8475718501663769
SVT.L/UU.L,2018-04-27,2.6033709921783568,11.667728946619718,1.0869470455842918
SVT.L/UU.L,2018-04-30,2.603484603170003,5.678856112065205,0.7890685525409593
SVT.L/UU.L,2018-05-01,2.6042423826596757,22.812760661083303,1.5076849104945735
SVT.L/UU.L,2018-05-02,2.604972987545066,21.99351281718782,1.4178011395943957
SVT.L/UU.L,2018-05-03,2.605052848541386,4.723792117296398,0.6452999707400431
SVT.L/UU.L,2018-05-04,2.605006253513544,1.3765283084601379,0.49058347729474394
SVT.L/UU.L,2018-05-08,2.6047255203413973,-4.885243027830711,0.20135845507950864
SVT.L/UU.L,2018-05-09,2.604374686054609,-6.730462871632199,0.12037437804199617
SVT.L/UU.L,2018-05-10,2.6037725315046307,-13.377510764076533,-0.17522546194842617
SVT.L/UU.L,2018-05-11,2.603005810281751,-18.24911591893556,-0.3925014453656071
SVT.L/UU.L,2018-05-14,2.602346235653369,-15.469273063723222,-0.2831463926079166
SVT.L/UU.L,2018-05-15,2.601993438015001,-7.163766633286059,0.06913225657415602
SVT.L/UU.L,2018-05-16,2.6014688671358934,-11.852874656832,-0.14808407930088016
SVT.L/UU.L,2018-05-17,2.6007566086759324,-16.530854386722012,-0.36812592568876096
SVT.L/UU.L,2018-05-18,2.5999149740644634,-20.05484765127585,-0.540937640630982
SVT.L/UU.L,2018-05-21,2.599505053193614,-8.451396956894769,-0.02525037422156312
SVT.L/UU.L,2018-05-22,2.598990231791053,-11.221650676850459,-0.16880326954970806
SVT.L/UU.L,2018-05-23,2.598594820431704,-7.985023229750368,-0.040424413499977586
SVT.L/UU.L,2018-05-24,2.5974294227970645,-29.122636058646094,-1.017812567381552
SVT.L/UU.L,2018-05-25,2.5962711695265304,-28.22973819070785,-0.975302764839562
SVT.L/UU.L,2018-05-29,2.594618374143639,-43.20246522398884,-1.6516691814608178
SVT.L/UU.L,2018-05-30,2.593397849245358,-31.468927820863655,-1.1250949970680117
SVT.L/UU.L,2018-05-31,2.59254266684645,-21.582834583670547,-0.6559964301653319
SVT.L/UU.L,2018-06-01,2.591157367395459,-36.405938605761094,-1.3240411847109363
SVT.L/UU.L,2018-06-04,2.5891673809416877,-52.115907847255585,-2.024525967183074
SVT.L/UU.L,2018-06-05,2.586751053388882,-65.34301008105308,-2.507836650885801
SVT.L/UU.L,2018-06-06,2.5853027424296817,-39.01593135634744,-1.341360635600037
SVT.L/UU.L,2018-06-07,2.5827926145735884,-68.22096597686959,-2.4332144837920637
SVT.L/UU.L,2018-06-08,2.580158506530447,-72.56293131147527,-2.4352866758761924
SVT.L/UU.L,2018-06-11,2.5771054606622514,-84.94176050933402,-2.6842265779365024
SVT.L/UU.L,2018-06-12,2.5740371764926837,-84.92554304098417,-2.522718759201116
SVT.L/UU.L,2018-06-13,2.571188224547761,-78.75011304122813,-2.2073660588276502
SVT.L/UU.L,2018-06-14,2.566315598189426,-136.00201367482168,-3.600658519165396
SVT.L/UU.L,2018-06-15,2.5632371411054495,-87.80044527236646,-2.0882274517684536
SVT.L/UU.L,2018-06-18,2.5594745351055974,-106.80893108715895,-2.4678128173851395
SVT.L/UU.L,2018-06-19,2.5556312125155345,-108.58218555291819,-2.367890628583046
SVT.L/UU.L,2018-06-20,2.5518243364984663,-105.79779291293153,-2.1684392926482765
SVT.L/UU.L,2018-06-21,2.5516495692682883,-2.7032010064899623,0.4005514886637316
SVT.L/UU.L,2018-06-22,2.5520592806158153,14.849006235158413,0.8349166193012592
SVT.L/UU.L,2018-06-25,2.5523936574604713,12.585028690224135,0.774617932390063
SVT.L/UU.L,2018-06-26,2.5525776992506666,8.035971957693391,0.6436013643474964
SVT.L/UU.L,2018-06-27,2.5532065860638338,21.276969496257607,0.9509309841413245
SVT.L/UU.L,2018-06-28,2.5540595770157037,27.599844349148498,1.0833554822354008
SVT.L/UU.L,2018-06-29,2.554990645522182,29.913564170354448,1.1271660675395208
SVT.L/UU.L,2018-07-02,2.5558322876298147,27.313384155501126,1.0576031453024164
SVT.L/UU.L,2018-07-03,2.556978124772633,35.69012391052206,1.2333357339127076
SVT.L/UU.L,2018-07-04,2.558395687093899,43.65709075768359,1.3831556744291575
SVT.L/UU.L,2018-07-05,2.559741619046069,41.55194231628957,1.3071299949135018
SVT.L/UU.L,2018-07-06,2.561793266908661,61.38173854068077,1.7058685389723658
SVT.L/UU.L,2018-07-09,2.5630359294265728,39.04397210494312,1.1833644835705204
SVT.L/UU.L,2018-07-10,2.5644052049691615,44.45406627641955,1.2794676434235537
SVT.L/UU.L,2018-07-11,2.5658575679380875,47.41126731860891,1.3295702304482384
SVT.L/UU.L,2018-07-12,2.567054290500348,39.051193620135564,1.1347974840641515
SVT.L/UU.L,2018-07-13,2.568800879318216,55.7794232093629,1.4648325101156818
SVT.L/UU.L,2018-07-16,2.568889445772904,5.293709500958357,0.37586814074828506
SVT.L/UU.L,2018-07-17,2.5704083731848386,49.6672692932068,1.3138368458536964
SVT.L/UU.L,2018-07-18,2.571565560319089,38.37315513659519,1.0642420943651496
SVT.L/UU.L,2018-07-19,2.5725243894091854,32.13314179845929,0.9241883721152463
SVT.L/UU.L,2018-07-20,2.5736662860254755,37.5009710045822,1.0213483806812673
SVT.L/UU.L,2018-07-23,2.5750407194846967,44.7054544446803,1.1485084026633723
SVT.L/UU.L,2018-07-24,2.576987614151562,63.3386139298168,1.4946996684591507
SVT.L/UU.L,2018-07-25,2.57880264124847,58.97730731401202,1.365089403800055
SVT.L/UU.L,2018-07-26,2.5806921744419626,60.718061040251996,1.369692825990958
SVT.L/UU.L,2018-07-27,2.582781927715512,66.33209157645751,1.4451448519558796
SVT.L/UU.L,2018-07-30,2.5850331326063727,71.62091794696403,1.4983635053588202
SVT.L/UU.L,2018-07-31,2.587383589349374,73.86608831766921,1.4893763169998244
SVT.L/UU.L,2018-08-01,2.58971000010722,74.45621431371956,1.4485433893752473
SVT.L/UU.L,2018-08-02,2.5915788789364966,60.296258798224244,1.1503968125248767
SVT.L/UU.L,2018-08-03,2.5933527994719134,55.83842108036242,1.0375940340182401
SVT.L/UU.L,2018-08-06,2.595265500633992,59.98088462114356,1.0793797835406371
SVT.L/UU.L,2018-08-07,2.5971105410482984,56.98216080977272,0.9953550220101145
SVT.L/UU.L,2018-08-08,2.5986845683963034,48.355899190441505,0.8192462753389266
SVT.L/UU.L,2018-08-09,2.6001180157650134,44.2829858334826,0.7268984479890988
SVT.L/UU.L,2018-08-10,2.601905797715121,55.0638353981019,0.8921894250984262
SVT.L/UU.L,2018-08-13,2.6033493469998463,44.888870056190626,0.69142791492698
SVT.L/UU.L,2018-08-14,2.6045692206798545,37.783986332448876,0.5513805273678394
SVT.L/UU.L,2018-08-15,2.605828244475758,39.0446956721637,0.5577889054515364
SVT.L/UU.L,2018-08-16,2.6073749482578736,47.46450728117861,0.6870788350319372
SVT.L/UU.L,2018-08-17,2.6090773530674527,51.763700222380294,0.7379874005545117
SVT.L/UU.L,2018-08-20,2.611063282756829,60.60241403580471,0.8643304664087559
SVT.L/UU.L,2018-08-21,2.6129814901651236,58.56882263961347,0.8010509281520536
SVT.L/UU.L,2018-08-22,2.615012187707155,62.662959349450375,0.844339547900164
SVT.L/UU.L,2018-08-23,2.616823659781837,56.71023108223926,0.7168530225351593
SVT.L/UU.L,2018-08-24,2.6186737708943855,58.70238921401938,0.7258277259850265
SVT.L/UU.L,2018-08-28,2.621512911747322,88.37497016673137,1.2040272918077612
SVT.L/UU.L,2018-08-29,2.6234026913675628,58.76653243856572,0.6601564967746147
SVT.L/UU.L,2018-08-30,2.6248015681310215,43.63057907743405,0.3700503069068483
SVT.L/UU.L,2018-08-31,2.6265419665529652,53.459511654838934,0.5208377075674063
SVT.L/UU.L,2018-09-03,2.6284792305029123,60.366106905282095,0.6220669975042326
SVT.L/UU.L,2018-09-04,2.630600168829357,66.86211199638569,0.7215142758516825
SVT.L/UU.L,2018-09-05,2.6320524284309754,46.68120429366377,0.2992918895598533
SVT.L/UU.L,2018-09-06,2.6335129193846956,46.2067410507625,0.2587258396477842
SVT.L/UU.L,2018-09-07,2.6354212709311637,59.900011575644385,0.5444227727470788
SVT.L/UU.L,2018-09-10,2.6373842440055055,61.483820448598635,0.5675026958213706
SVT.L/UU.L,2018-09-11,2.63903327759816,52.216869579521244,0.2957783037272833
SVT.L/UU.L,2018-09-12,2.6408519571438718,57.70936252865454,0.471662219590347
SVT.L/UU.L,2018-09-13,2.6421386626033496,41.661225448024425,-0.34147777290433
SVT.L/UU.L,2018-09-14,2.6431500419469245,33.61189001537082,-0.8930663302963452
SVT.L/UU.L,2018-09-17,2.64412006549108,32.02014642944073,-1.0357667284378045
SVT.L/UU.L,2018-09-18,2.644963686751322,28.225302367513905,-1.329392589679304
SVT.L/UU.L,2018-09-19,2.6455874557946495,21.923272234682372,-1.812484732918973
SVT.L/UU.L,2018-09-20,2.646227379446406,22.112617268277063,-1.8038888263398714
SVT.L/UU.L,2018-09-21,2.6468279524569334,20.816650971798936,-1.8594554137221249
SVT.L/UU.L,2018-09-24,2.647024616145643,8.68123562830624,-2.5236972959365294
SVT.L/UU.L,2018-09-25,2.6473681250327643,13.280100591302926,-2.161019107676408
SVT.L/UU.L,2018-09-26,2.647515296968464,7.170525553860671,-2.393592635873499
SVT.L/UU.L,2018-09-27,2.6473576823916956,-2.186612842763452,-2.710415269745111
SVT.L/UU.L,2018-09-28,2.6468079103118023,-13.844561020597666,-3.030418401854021
SVT.L/UU.L,2018-10-01,2.645988874211439,-21.857594573303004,-3.090956017002822
SVT.L/UU.L,2018-10-02,2.644468447237545,-41.84726402124352,-3.511849916998388
SVT.L/UU.L,2018-10-03,2.643121958137005,-37.226203669608594,-3.00141762737839
SVT.L/UU.L,2018-10-04,2.641237837908095,-54.46651567329536,-3.247882650584659
SVT.L/UU.L,2018-10-05,2.640058833239851,-32.8338769737295,-2.3464187868101227
SVT.L/UU.L,2018-10-08,2.6390336163612598,-28.04865672985966,-2.069568160408257
SVT.L/UU.L,2018-10-09,2.6388180456335473,-3.870713200472437,-1.2976866129183364
SVT.L/UU.L,2018-10-10,2.6378876049724007,-24.4191357468992,-1.8466747053122974
SVT.L/UU.L,2018-10-11,2.637551084735634,-7.406351849778957,-1.2883780686778377
SVT.L/UU.L,2018-10-12,2.6377037487450568,7.266933170795255,-0.8321160844380747
SVT.L/UU.L,2018-10-15,2.6388279158559937,37.085113801565285,0.054814025028352906
SVT.L/UU.L,2018-10-16,2.639478671936493,22.357787258097005,-0.3718819157092347
SVT.L/UU.L,2018-10-17,2.639700815415257,9.27557643566547,-0.7350655485662352
SVT.L/UU.L,2018-10-18,2.6394622522587774,-4.400473787442252,-1.104287817882526
SVT.L/UU.L,2018-10-19,2.6390160311199473,-10.337182421845455,-1.235681116645052
SVT.L/UU.L,2018-10-22,2.63825084679628,-19.820106607976868,-1.4578924152739234
SVT.L/UU.L,2018-10-23,2.636734700327799,-41.63142051003683,-1.9916137422754217
SVT.L/UU.L,2018-10-24,2.635165592705302,-42.81307774198899,-1.9334479261440276
SVT.L/UU.L,2018-10-25,2.6339417992591394,-33.01114653004879,-1.5989313733784054
SVT.L/UU.L,2018-10-26,2.632623204526675,-36.15728579918232,-1.6177847472383768
SVT.L/UU.L,2018-10-29,2.630303907896133,-63.426118846612326,-2.2233237935852106
SVT.L/UU.L,2018-10-30,2.628783478571753,-40.47690625321957,-1.5563212316132864
SVT.L/UU.L,2018-10-31,2.627124804328788,-45.24356259062915,-1.6121826772505548
SVT.L/UU.L,2018-11-01,2.6258388427156247,-33.90110060993243,-1.2751673494358238
SVT.L/UU.L,2018-11-02,2.624540233871093,-34.6454578285427,-1.249037600780704
SVT.L/UU.L,2018-11-05,2.6232300372755897,-34.48585521165069,-1.202897826985625
SVT.L/UU.L,2018-11-06,2.621901814597328,-35.045140015498646,-1.1756250056837267
SVT.L/UU.L,2018-11-07,2.620469910659012,-37.4108814225699,-1.1926553621698055
SVT.L/UU.L,2018-11-08,2.6189542197676423,-39.34774420020585,-1.198142863421095
SVT.L/UU.L,2018-11-09,2.6174226843602337,-39.517054478732234,-1.161778157890298
SVT.L/UU.L,2018-11-12,2.616038127173095,-35.86062055159641,-1.0375948771965913
SVT.L/UU.L,2018-11-13,2.613456951173012,-69.5201484284903,-1.7816675385249228
SVT.L/UU.L,2018-11-14,2.611235484162674,-59.51121752138533,-1.4866327483669242
SVT.L/UU.L,2018-11-15,2.6075533108740996,-105.11728937089993,-2.4246449800234444
SVT.L/UU.L,2018-11-16,2.604094332026719,-98.03689896883634,-2.144561920346574
SVT.L/UU.L,2018-11-19,2.6011589702719022,-82.08735578913388,-1.716614288591256
SVT.L/UU.L,2018-11-20,2.5978121606277145,-91.79227640023578,-1.880304079066942
SVT.L/UU.L,2018-11-21,2.5939902455010926,-103.27728056950195,-2.0419298682443703
SVT.L/UU.L,2018-11-22,2.59037193294807,-98.84999386406821,-1.8578667154332187
SVT.L/UU.L,2018-11-23,2.587043263466186,-89.42154861087442,-1.5951532532749253
SVT.L/UU.L,2018-11-26,2.584228029352357,-75.62857438736933,-1.260532055063661
SVT.L/UU.L,2018-11-27,2.5813431970827985,-76.9977552335788,-1.2587233238798647
SVT.L/UU.L,2018-11-28,2.5787057364926875,-70.96605251752385,-1.0911833063428682
SVT.L/UU.L,2018-11-29,2.5741035602219706,-126.94424446001312,-2.225859359190704
SVT.L/UU.L,2018-11-30,2.5697644015703744,-122.80198085886263,-2.0541758604934244
SVT.L/UU.L,2018-12-03,2.565989391619619,-107.89653017532646,-1.683944355381107
SVT.L/UU.L,2018-12-04,2.5625407602121086,-98.68758898140118,-1.4432826027373107
SVT.L/UU.L,2018-12-05,2.559651048547434,-81.4882934804939,-1.0388545018698632
SVT.L/UU.L,2018-12-06,2.5571699330060746,-69.95941885099364,-0.7510963454305044
SVT.L/UU.L,2018-12-07,2.554095443687096,-86.13536178153595,-1.096085384834063
SVT.L/UU.L,2018-12-10,2.551280270846872,-81.3206013505619,-0.9543693497481808
SVT.L/UU.L,2018-12-11,2.5482157932797445,-87.4983500781675,-1.0721015693605924
SVT.L/UU.L,2018-12-12,2.545926798728591,-63.15021199571197,-0.4536329811383187
SVT.L/UU.L,2018-12-13,2.5436689457929065,-62.05991932661482,-0.4008009069462556
SVT.L/UU.L,2018-12-14,2.5421446027358416,-41.89317152519948,0.1426953747816369
SVT.L/UU.L,2018-12-17,2.540377007939654,-49.026511621729014,-0.018812006469515606
SVT.L/UU.L,2018-12-18,2.5381734218344394,-62.857430823466984,-0.36113041490256587
SVT.L/UU.L,2018-12-19,2.5353879987316863,-79.44047475508273,-0.7853709924879076
SVT.L/UU.L,2018-12-20,2.5335142474418753,-51.81463784746302,0.001249773890401173
SVT.L/UU.L,2018-12-21,2.5308634474106584,-73.50964949536342,-0.5843037475617663
SVT.L/UU.L,2018-12-24,2.5297135178072274,-32.157668122250016,0.5924348639926138
SVT.L/UU.L,2018-12-27,2.528144945415583,-45.610169935261865,0.21239734085651885
SVT.L/UU.L,2018-12-28,2.526694205362678,-40.631590648094516,0.35565542003575457
SVT.L/UU.L,2018-12-31,2.5251722854124377,-42.92080984456038,0.28492431516066635
SVT.L/UU.L,2019-01-02,2.523870622548344,-35.736667478412755,0.4907146212704548
SVT.L/UU.L,2019-01-03,2.5227917092021803,-29.027357114400957,0.6821088206158997
SVT.L/UU.L,2019-01-04,2.5215330317150393,-33.78946298345522,0.5689737901520451
SVT.L/UU.L,2019-01-07,2.519877289811769,-45.83346144902498,0.23318639388824308
SVT.L/UU.L,2019-01-08,2.517671206476945,-61.67782970754752,-0.20330693714593845
SVT.L/UU.L,2019-01-09,2.5153348290127444,-65.41449579742061,-0.28586385340144005
SVT.L/UU.L,2019-01-10,2.5125305575920107,-77.88576072637761,-0.6500359735507731
SVT.L/UU.L,2019-01-11,2.510016261655284,-69.95010584654528,-0.363454282861811
SVT.L/UU.L,2019-01-14,2.5072288811700156,-77.80001359902826,-0.6135345715777634
SVT.L/UU.L,2019-01-15,2.504107906904162,-86.41564381541434,-0.9037648546008509
SVT.L/UU.L,2019-01-16,2.5009860816632887,-84.5073449775025,-0.8084100080804767
SVT.L/UU.L,2019-01-17,2.497677883807608,-88.32810004786802,-0.9275651894032285
SVT.L/UU.L,2019-01-18,2.49327475979749,-115.51715501629087,-1.8960790278939992
SVT.L/UU.L,2019-01-21,2.4898202056844307,-92.39875287532254,-0.9800016755925309
SVT.L/UU.L,2019-01-22,2.487044826876981,-74.23182915033635,-0.2647381708101907
SVT.L/UU.L,2019-01-23,2.484748328209029,-60.84380703848365,0.2720218441523872
SVT.L/UU.L,2019-01-24,2.48235460449861,-63.27710257436934,0.17670586081018178
SVT.L/UU.L,2019-01-25,2.4801319566960767,-60.39084746056551,0.3054099697403591
SVT.L/UU.L,2019-01-28,2.4776716891620434,-67.44915301957508,0.04159233896985773
SVT.L/UU.L,2019-01-29,2.474883918242643,-75.26610235330304,-0.2457804582119572
SVT.L/UU.L,2019-01-30,2.472033080232812,-76.81171804529595,-0.28446456191843605
SVT.L/UU.L,2019-01-31,2.47001948401464,-52.90017322040012,0.7205152790549428
SVT.L/UU.L,2019-02-01,2.467607340740586,-63.68400114599444,0.29642516240707895
SVT.L/UU.L,2019-02-04,2.4651632290451544,-65.3903739255652,0.24798169115948482
SVT.L/UU.L,2019-02-05,2.463452845256354,-44.89727402045742,1.1420168700033442
SVT.L/UU.L,2019-02-06,2.462318120391785,-29.124625270461365,1.7967525015863641
SVT.L/UU.L,2019-02-07,2.460873221373492,-37.866968795577804,1.4266368348919891
SVT.L/UU.L,2019-02-08,2.45962896616861,-32.75221064970833,1.584573543581047
SVT.L/UU.L,2019-02-11,2.458455754890752,-30.677964958020993,1.6168357784480316
SVT.L/UU.L,2019-02-12,2.457485043116991,-25.301713533685415,1.7666286687685488
SVT.L/UU.L,2019-02-13,2.4561376838870435,-36.099677414493726,1.2822665589529691
SVT.L/UU.L,2019-02-14,2.454388681127311,-47.45249669842565,0.7951822220704989
SVT.L/UU.L,2019-02-15,2.4522869426722784,-57.82347329444315,0.3542723755794118
SVT.L/UU.L,2019-02-18,2.4503384670439154,-52.574540621333426,0.5436053346123428
SVT.L/UU.L,2019-02-19,2.4482689243514386,-55.02141521322392,0.41777241884800703
SVT.L/UU.L,2019-02-20,2.4460017514740766,-60.24815753978237,0.17815205808198425
SVT.L/UU.L,2019-02-21,2.443879351936139,-56.58741821285639,0.3209504459817763
SVT.L/UU.L,2019-02-22,2.441963108491875,-50.812605752778836,0.5486552927466726
SVT.L/UU.L,2019-02-25,2.4401087400844617,-49.35746159897917,0.5940429232237495
SVT.L/UU.L,2019-02-26,2.438485264512171,-43.04653124589095,0.8538431500414462
SVT.L/UU.L,2019-02-27,2.437282068203053,-31.743703883345006,1.3681257029885916
SVT.L/UU.L,2019-02-28,2.4362343420490906,-27.314482615334555,1.5540620241130771
SVT.L/UU.L,2019-03-01,2.435289246650715,-24.32118370912849,1.6553428770277474
SVT.L/UU.L,2019-03-04,2.434238664789494,-27.31934856584894,1.4529416634529753
SVT.L/UU.L,2019-03-05,2.432750450764027,-39.399703156270334,0.8328041133058351
SVT.L/UU.L,2019-03-06,2.431478408524741,-33.442908165463905,1.0904870133188234
SVT.L/UU.L,2019-03-07,2.4301010588031002,-36.04111780944595,0.931097819717318
SVT.L/UU.L,2019-03-08,2.428644420405899,-38.55033132022163,0.7797834977613234
SVT.L/UU.L,2019-03-11,2.427517388956835,-29.505860068855327,1.1964187820469214
SVT.L/UU.L,2019-03-12,2.426486191118161,-26.556689929245294,1.297380733917109
SVT.L/UU.L,2019-03-13,2.425653594990936,-21.360876281505625,1.5105493966029937
SVT.L/UU.L,2019-03-14,2.4243300413017157,-35.3134479183791,0.8172308112181245
SVT.L/UU.L,2019-03-15,2.4229351113309745,-37.104825918275765,0.7085062963244836
SVT.L/UU.L,2019-03-18,2.4217322094504916,-31.30117978229373,0.956799099269018
SVT.L/UU.L,2019-03-19,2.4202641753395095,-38.679727487874516,0.5860737348794867
SVT.L/UU.L,2019-03-20,2.4186872847209107,-41.94003767246204,0.4064075550450566
SVT.L/UU.L,2019-03-21,2.4179812653191832,-17.36958890326332,1.5713904336886955
SVT.L/UU.L,2019-03-22,2.4173306788773266,-16.022391541042907,1.5781279629859601
SVT.L/UU.L,2019-03-25,2.417416724531031,5.155843982664919,2.4128451540023996
SVT.L/UU.L,2019-03-26,2.4178334779543156,14.908810585406854,2.634561920951509
SVT.L/UU.L,2019-03-27,2.417652431534354,-2.7174500245512263,1.8205959403935006
SVT.L/UU.L,2019-03-28,2.417822449696621,7.715891679132483,2.1427196690723784
SVT.L/UU.L,2019-03-29,2.4179762952737556,7.280298826153967,2.0273371630520636
SVT.L/UU.L,2019-04-01,2.4172427189681702,-19.653820431690065,0.9766310991194085
SVT.L/UU.L,2019-04-02,2.416929860778865,-6.8565397810236846,1.4056019723480813
SVT.L/UU.L,2019-04-03,2.416498810903473,-10.393339772902436,1.229831284086011
SVT.L/UU.L,2019-04-04,2.4160129876286485,-11.900322654365482,1.13657984335338
SVT.L/UU.L,2019-04-05,2.415595286247308,-9.808936374523682,1.173331409273036
SVT.L/UU.L,2019-04-08,2.414947482202382,-16.783565049752042,0.885955150511178
SVT.L/UU.L,2019-04-09,2.413550557193878,-39.311750895183195,0.01758389328903448
SVT.L/UU.L,2019-04-10,2.4123857962702604,-31.773483280021082,0.2792034053366079
SVT.L/UU.L,2019-04-11,2.4114078278298767,-26.42617355844436,0.462872194294281
SVT.L/UU.L,2019-04-12,2.4104986781007254,-24.47214630682697,0.5263083988274941
SVT.L/UU.L,2019-04-15,2.409620497261332,-23.409201609809543,0.5512531139351129
SVT.L/UU.L,2019-04-16,2.409190379390342,-10.133408359966324,1.1429181696292452
SVT.L/UU.L,2019-04-17,2.4085746605810097,-15.789209494024817,0.8444277681988897
SVT.L/UU.L,2019-04-18,2.407950849632954,-15.92757244360405,0.8098755457680238
SVT.L/UU.L,2019-04-23,2.407559307076452,-8.997852183590794,1.1109631291277673
SVT.L/UU.L,2019-04-24,2.407319579904584,-4.3607726643801925,1.3019389219171271
SVT.L/UU.L,2019-04-25,2.406710333239292,-14.915209802495383,0.7589159719216281
SVT.L/UU.L,2019-04-26,2.407027060951102,11.732232172529166,2.083541694624715
SVT.L/UU.L,2019-04-29,2.4074877131352834,16.027316022648847,2.1847920271647125
SVT.L/UU.L,2019-04-30,2.408756424370213,40.006380281216934,3.1173764834272446
SVT.L/UU.L,2019-05-01,2.410214881238871,46.211165947555855,3.1310949221272613
SVT.L/UU.L,2019-05-02,2.411287302014106,34.711190752296034,2.439648178282255
SVT.L/UU.L,2019-05-03,2.4124006660510564,35.87056568112507,2.3278408511049546
SVT.L/UU.L,2019-05-07,2.413767561879061,43.70974286958767,2.4635407428309954
SVT.L/UU.L,2019-05-08,2.415202738967252,46.81192275818148,2.408018894743974
SVT.L/UU.L,2019-05-09,2.4163663017434542,38.20671039527883,1.9807525813989144
SVT.L/UU.L,2019-05-10,2.41742314686226,34.712666694253585,1.7714932703653525
SVT.L/UU.L,2019-05-13,2.4186412344524157,39.252244381872515,1.8376081543500538
SVT.L/UU.L,2019-05-14,2.419766120705523,36.389853381072044,1.6695848636840855
SVT.L/UU.L,2019-05-15,2.420532249360796,25.64762477804311,1.2705214587720868
SVT.L/UU.L,2019-05-16,2.421241548655193,24.59828981698729,1.1964115894041316
SVT.L/UU.L,2019-05-17,2.422337036937374,36.38242504506661,1.5402118613039162
SVT.L/UU.L,2019-05-20,2.423982264682406,53.82442100315575,2.0403668040248
SVT.L/UU.L,2019-05-21,2.4252225023798526,40.43826608922018,1.544867518591808
SVT.L/UU.L,2019-05-22,2.4262881312541844,35.07583048275433,1.3239851376438525
SVT.L/UU.L,2019-05-23,2.4277539513630533,48.163383593250046,1.6988634538790515
SVT.L/UU.L,2019-05-24,2.4282831106862703,18.748371323436913,0.6916974781327748
SVT.L/UU.L,2019-05-28,2.428900395457093,20.994337577076976,0.7408779977005214
SVT.L/UU.L,2019-05-29,2.4298005043650415,29.351283840977658,0.9904246032479186
SVT.L/UU.L,2019-05-30,2.43134269428169,49.15903013528873,1.5925259173681086
SVT.L/UU.L,2019-05-31,2.4329519023098105,50.30030969436734,1.565826979642519
SVT.L/UU.L,2019-06-03,2.434320837695003,43.192001042400534,1.2900650666484703
SVT.L/UU.L,2019-06-04,2.436185626497146,58.53933827355763,1.7218005755005699
SVT.L/UU.L,2019-06-05,2.437194820361267,32.09753976014099,0.8348381669854449
SVT.L/UU.L,2019-06-06,2.43794425677961,23.92268406241533,0.5417068412687271
SVT.L/UU.L,2019-06-07,2.4393366809610066,42.028965953465104,1.1085468171850565
SVT.L/UU.L,2019-06-10,2.4408296344952545,45.565978753034415,1.1865326162240677
SVT.L/UU.L,2019-06-11,2.4428715617188135,61.930025891696914,1.6623065867934717
SVT.L/UU.L,2019-06-12,2.445557350577898,80.67998258843068,2.1691807481528254
SVT.L/UU.L,2019-06-13,2.446156041680433,19.858062656315724,0.1821096774849155
SVT.L/UU.L,2019-06-14,2.4469067364946286,24.24878498305111,0.3021379728130916
SVT.L/UU.L,2019-06-17,2.4482394175617244,41.08098381011996,0.8426194506437018
SVT.L/UU.L,2019-06-18,2.4506472980605345,71.76275296925951,1.8442446518961968
SVT.L/UU.L,2019-06-19,2.4530469042071936,72.34825340500038,1.786084444151806
SVT.L/UU.L,2019-06-20,2.457916776825567,149.24970343627137,3.791974563928815
SVT.L/UU.L,2019-06-21,2.461476832062126,108.41720831925159,2.3946461776049044
SVT.L/UU.L,2019-06-24,2.4650395438321553,107.74944041000253,2.230671927565194
SVT.L/UU.L,2019-06-25,2.468541540126341,105.93262263282008,2.062957036801827
SVT.L/UU.L,2019-06-26,2.4717478055191555,98.54229114306213,1.7814462145627632
SVT.L/UU.L,2019-06-27,2.474785395374529,94.00784632189107,1.5958431035330898
SVT.L/UU.L,2019-06-28,2.478264401388129,108.0698650192071,1.8654695748400552
SVT.L/UU.L,2019-07-01,2.481969982676218,115.10501821786079,1.9403356770092732
SVT.L/UU.L,2019-07-02,2.486402059225479,134.7699327822918,2.2739334737727552
SVT.L/UU.L,2019-07-03,2.490701847441597,127.57631693258645,2.0025183731971974
SVT.L/UU.L,2019-07-04,2.494644478818694,118.83247624519572,1.7277619198944418
SVT.L/UU.L,2019-07-05,2.4982662326041747,109.9431209046902,1.47504166749061
SVT.L/UU.L,2019-07-08,2.5015243821857847,99.87986823735923,1.2197909470709383
SVT.L/UU.L,2019-07-09,2.504433298552398,89.0983699086105,0.9475841970826953
SVT.L/UU.L,2019-07-10,2.50734950697958,89.28370896068213,0.9246890071101768
SVT.L/UU.L,2019-07-11,2.5103592556639147,92.96643455974299,0.9842591633975001
SVT.L/UU.L,2019-07-12,2.513254358246644,90.30003375081083,0.8941704499359792
SVT.L/UU.L,2019-07-15,2.5161334419140267,90.70079273222427,0.8760124377105015
SVT.L/UU.L,2019-07-16,2.5188044269353322,84.76782687868445,0.7021777747387452
SVT.L/UU.L,2019-07-17,2.5212303429433067,76.90568698791458,0.47449884469658
SVT.L/UU.L,2019-07-18,2.5246510551663084,107.2122549800049,1.2431344917032618
SVT.L/UU.L,2019-07-19,2.52706844050098,75.09666613973559,0.35478063883444927
SVT.L/UU.L,2019-07-22,2.528251169245531,37.36902174799798,-0.7343872693486376
SVT.L/UU.L,2019-07-23,2.5295787524958255,42.053306067708945,-0.6246805158027425
SVT.L/UU.L,2019-07-24,2.530909060559092,41.851934401970084,-0.6514171768333373
SVT.L/UU.L,2019-07-25,2.5321860991316476,40.49377072425477,-0.6916741761336419
SVT.L/UU.L,2019-07-26,2.5332192515176306,32.98876782716707,-0.9014905256216056
SVT.L/UU.L,2019-07-29,2.5338744932427626,21.555680976057374,-1.2211975131297732
SVT.L/UU.L,2019-07-30,2.5346311102724997,24.785918526890327,-1.1161375239020324
SVT.L/UU.L,2019-07-31,2.5350897721705015,16.160899686500443,-1.3349236929557147
SVT.L/UU.L,2019-08-01,2.53518001138377,5.239504850112553,-1.593661442560115
SVT.L/UU.L,2019-08-02,2.535918433964208,24.24279856381122,-1.0500197215716534
SVT.L/UU.L,2019-08-05,2.5366102986767785,23.36736588150825,-1.0639101084638645
SVT.L/UU.L,2019-08-06,2.537687908121298,35.62011791026771,-0.722529066900962
SVT.L/UU.L,2019-08-07,2.538900415130466,39.72539885569131,-0.6112804482785387
SVT.L/UU.L,2019-08-08,2.5402805329016567,44.38616502880018,-0.49427671920627975
SVT.L/UU.L,2019-08-09,2.5419303808510003,52.80518271782307,-0.27543025043254465
SVT.L/UU.L,2019-08-12,2.5427263959044897,26.825545973285443,-0.9966472745911376
SVT.L/UU.L,2019-08-13,2.543131357426388,14.822192352993625,-1.2957398527445962
SVT.L/UU.L,2019-08-14,2.543355437056016,9.280872501114345,-1.4135690855083771
SVT.L/UU.L,2019-08-15,2.542741413024044,-15.30672543012065,-1.995895508039548
SVT.L/UU.L,2019-08-16,2.5433132961268523,19.467410771273535,-1.0576767184615774
SVT.L/UU.L,2019-08-19,2.5437072808878836,13.991985885914119,-1.1957448281211043
SVT.L/UU.L,2019-08-20,2.544618031554128,29.68292499513177,-0.7934543899659408
SVT.L/UU.L,2019-08-21,2.546046596858666,44.930468238849244,-0.4032782311475851
SVT.L/UU.L,2019-08-22,2.5467986067071666,24.83938699982218,-0.9141329036045536
SVT.L/UU.L,2019-08-23,2.547559579865312,24.86919033718459,-0.8965112758820541
SVT.L/UU.L,2019-08-27,2.548378925808228,26.3470343778979,-0.8469569513740387
SVT.L/UU.L,2019-08-28,2.548405299653736,3.3652288812206734,-1.3922021046645257
SVT.L/UU.L,2019-08-29,2.5483944562866485,2.3011819997568637,-1.388308665056691
SVT.L/UU.L,2019-08-30,2.548202648160706,-2.835318060632744,-1.48600253073183
SVT.L/UU.L,2019-09-02,2.547671210422717,-12.469136438820442,-1.6625672471103239
SVT.L/UU.L,2019-09-03,2.5470845465501495,-14.042270712740446,-1.6382865094815156
SVT.L/UU.L,2019-09-04,2.5467168534804845,-7.935745361963654,-1.4406113418159894
SVT.L/UU.L,2019-09-05,2.546802187862403,5.069132761855144,-1.1020420055005633
SVT.L/UU.L,2019-09-06,2.54760547161398,26.470645681826,-0.6135173790280654
SVT.L/UU.L,2019-09-09,2.548477805714795,29.046784133940264,-0.5566506420882397
SVT.L/UU.L,2019-09-10,2.549699566803263,39.67590984277513,-0.3109195728956868
SVT.L/UU.L,2019-09-11,2.550809863024216,35.66319485243139,-0.389684694224657
SVT.L/UU.L,2019-09-12,2.5520387879491633,38.937693844101204,-0.3016176373723454
SVT.L/UU.L,2019-09-13,2.5533185183484624,40.41840294970871,-0.23592481686023903
SVT.L/UU.L,2019-09-16,2.554680670526136,42.832138784776134,-0.15384448015986363
SVT.L/UU.L,2019-09-17,2.5561391193281384,45.10195237233893,-0.07375350644903664
SVT.L/UU.L,2019-09-18,2.557691340851102,47.40316037480852,0.008380995114644022
SVT.L/UU.L,2019-09-19,2.5589664680103215,39.58882289817279,-0.16819514941702815
SVT.L/UU.L,2019-09-20,2.560260148963149,40.54096332178369,-0.12213213511174571
SVT.L/UU.L,2019-09-23,2.562115131404951,57.196930386963004,0.3444664340553369
SVT.L/UU.L,2019-09-24,2.5640544088782136,59.557664225129884,0.44592370834451944
SVT.L/UU.L,2019-09-25,2.565413856947473,42.53230793757757,0.018830563166134774
SVT.L/UU.L,2019-09-26,2.5669783722495834,47.279044401499505,0.20872095062365784
SVT.L/UU.L,2019-09-27,2.5686147435873687,49.18326990718151,0.3202583790578658
SVT.L/UU.L,2019-09-30,2.570044111371445,42.935631963398464,0.15994194892723582
SVT.L/UU.L,2019-10-01,2.570857878813849,25.490790086699235,-0.4116141690968327
SVT.L/UU.L,2019-10-02,2.57202128874029,36.61011699148639,0.01658155814588537
SVT.L/UU.L,2019-10-03,2.5728952812458625,28.339232327519767,-0.2586782026547057
SVT.L/UU.L,2019-10-04,2.5738341394830093,29.943457569444945,-0.16472903752680026
SVT.L/UU.L,2019-10-07,2.5753300619293507,46.148999192796964,0.5298242934941769
SVT.L/UU.L,2019-10-08,2.5772692235522383,59.372976189517885,1.143737176374285
SVT.L/UU.L,2019-10-09,2.5795528931079295,70.17898563234553,1.6543014111003724
SVT.L/UU.L,2019-10-10,2.5821387637581026,79.17012978941693,2.0414796443266736
SVT.L/UU.L,2019-10-11,2.5833240189622795,35.50212848979163,0.19751358774719804
SVT.L/UU.L,2019-10-14,2.585148627102657,54.735498497203935,1.180687699680741
SVT.L/UU.L,2019-10-15,2.5856328133346427,15.772039171642973,-0.7443653775986132
SVT.L/UU.L,2019-10-16,2.585400358098987,-3.5593218043650268,-1.6338573843818511
SVT.L/UU.L,2019-10-17,2.585109015849794,-5.322498333434851,-1.6464610800130401
SVT.L/UU.L,2019-10-18,2.5850593676149694,1.2614260932518846,-1.2857164637966974
SVT.L/UU.L,2019-10-21,2.5855191906779664,15.035831098762173,-0.6204290788072271
SVT.L/UU.L,2019-10-22,2.585879627964831,12.34840444935935,-0.7366923813101702
SVT.L/UU.L,2019-10-23,2.5865573126024137,21.097831346381554,-0.3239182131541744
SVT.L/UU.L,2019-10-24,2.5873779586509356,25.1885625109785,-0.13990250812502114
SVT.L/UU.L,2019-10-25,2.589166952964747,52.87675655091971,1.1206349887859377
SVT.L/UU.L,2019-10-28,2.5896685489202795,16.671127958591114,-0.5688983286842969
SVT.L/UU.L,2019-10-29,2.5901598816566853,16.677293430703685,-0.5621774084056567
SVT.L/UU.L,2019-10-30,2.5906582173386754,16.81794575898539,-0.5401154925873538
SVT.L/UU.L,2019-10-31,2.5906040578664085,1.080945849919317,-1.229741182770162
SVT.L/UU.L,2019-11-01,2.590540210317104,0.7996078983283041,-1.2002044621640768
SVT.L/UU.L,2019-11-04,2.5908975396154985,12.815729244318845,-0.625628350377934
SVT.L/UU.L,2019-11-05,2.5923870074272304,46.15972633993715,0.8916074983203579
SVT.L/UU.L,2019-11-06,2.593561629209723,36.784141748146794,0.44565794183972995
SVT.L/UU.L,2019-11-07,2.5947655611014806,38.37790524284401,0.4983032559130846
SVT.L/UU.L,2019-11-08,2.596675658035618,59.55327656997042,1.438995028685626
SVT.L/UU.L,2019-11-11,2.598487244945575,55.6515624147919,1.2145059540445544
SVT.L/UU.L,2019-11-12,2.600476821416134,59.64120919278457,1.3482716079723094
SVT.L/UU.L,2019-11-13,2.602351963634054,56.27023596437084,1.160139059607349
SVT.L/UU.L,2019-11-14,2.603967106323496,48.895659474397235,0.8219666326824837
SVT.L/UU.L,2019-11-15,2.6052262415658336,38.353403233173594,0.3362047623248257
SVT.L/UU.L,2019-11-18,2.606968666835568,51.47219708817374,0.9018629803576858
SVT.L/UU.L,2019-11-19,2.609113159124093,63.53588568832993,1.3913074840389197
SVT.L/UU.L,2019-11-20,2.611284282926982,64.90309404733716,1.4016489503089897
SVT.L/UU.L,2019-11-21,2.613530716784343,68.58645936565745,1.508667771487238
SVT.L/UU.L,2019-11-22,2.6150895221757815,48.01676118338355,0.5835968645447513
SVT.L/UU.L,2019-11-25,2.6173371953143043,67.3407167990149,1.4180100798377504
SVT.L/UU.L,2019-11-26,2.6195688973360767,67.02317573962273,1.3838913152038006
SVT.L/UU.L,2019-11-27,2.621341285980275,53.614305295796385,0.7308369760266591
SVT.L/UU.L,2019-11-28,2.6213418812611295,2.6282816072925925,-1.750353359637628
SVT.L/UU.L,2019-11-29,2.6214781170496306,6.620112035303919,-1.5138672836230016
SVT.L/UU.L,2019-12-02,2.6208208557634087,-16.891728207397136,-2.465792608823466
SVT.L/UU.L,2019-12-03,2.62052386449813,-6.1941583546067704,-1.8858053582649525
SVT.L/UU.L,2019-12-04,2.619895134145588,-15.729104318415466,-2.1728119481740955
SVT.L/UU.L,2019-12-05,2.6184079262508515,-40.665120110153566,-2.924394717458777
SVT.L/UU.L,2019-12-06,2.617992031421059,-9.485537347372883,-1.641212118712921
SVT.L/UU.L,2019-12-09,2.618010506031991,3.1444280437399357,-1.1251069774633498
SVT.L/UU.L,2019-12-10,2.618426173845874,14.738175732743912,-0.6687303841805228
SVT.L/UU.L,2019-12-11,2.618420965964258,2.461094826023327,-1.0928232000925326
SVT.L/UU.L,2019-12-12,2.6183463004536,0.3958525189318607,-1.1334650005974978
SVT.L/UU.L,2019-12-13,2.6199648747584563,47.563564225014034,0.598925675604972
SVT.L/UU.L,2019-12-16,2.6206086550630747,19.793171685779726,-0.40186859754404386
SVT.L/UU.L,2019-12-17,2.6215081882997886,26.580070145449554,-0.13163231424358307
SVT.L/UU.L,2019-12-18,2.622445102096544,27.734040546552023,-0.07942883876488062
SVT.L/UU.L,2019-12-19,2.6241501649971055,49.16324403321232,0.7211593885057391
SVT.L/UU.L,2019-12-20,2.624522656355662,12.721927598691309,-0.6201642273679833
SVT.L/UU.L,2019-12-23,2.624606039023688,4.869948806677257,-0.8864537624742145
SVT.L/UU.L,2019-12-24,2.6251495146166586,17.489742883849885,-0.4103981988699748
SVT.L/UU.L,2019-12-27,2.6253045504154655,6.800242614487161,-0.7863262105778805
SVT.L/UU.L,2019-12-30,2.6261151165796535,24.771019739181156,-0.11800483443476528
SVT.L/UU.L,2019-12-31,2.6273372929611796,36.79470426142143,0.3231030205477556
SVT.L/UU.L,2020-01-02,2.627560913524343,8.813907158846632,-0.6898148557870825
SVT.L/UU.L,2020-01-03,2.628190754711189,20.218631394910062,-0.24629786291954736
SVT.L/UU.L,2020-01-06,2.629268807350801,33.229595794872694,0.270150951410233
SVT.L/UU.L,2020-01-07,2.6298153558566058,18.22374570855618,-0.27566141200809763
SVT.L/UU.L,2020-01-08,2.6292782063895723,-12.581335213705643,-1.4431066982745953
SVT.L/UU.L,2020-01-09,2.6292593919614426,2.077039278635766,-0.8413719648783371
SVT.L/UU.L,2020-01-10,2.6281354141201647,-29.2364343135132,-1.974382647758854
SVT.L/UU.L,2020-01-13,2.6268828206382957,-32.07523673570313,-2.0084665903974472
SVT.L/UU.L,2020-01-14,2.6253364534750747,-40.150980947546486,-2.2073215211866004
SVT.L/UU.L,2020-01-15,2.624069553970509,-32.3002570241174,-1.8579955951381077
SVT.L/UU.L,2020-01-16,2.623348596726247,-17.30494832462864,-1.2988866213213455
SVT.L/UU.L,2020-01-17,2.621523812160128,-47.012982129984266,-2.1887156747461924
SVT.L/UU.L,2020-01-20,2.619111334800148,-62.9516479740937,-2.516749671967595
SVT.L/UU.L,2020-01-21,2.617360978667794,-45.78435622385632,-1.887597552669827
SVT.L/UU.L,2020-01-22,2.615709846193245,-43.192098602210535,-1.7328002531378441
SVT.L/UU.L,2020-01-23,2.614201175323834,-39.47105825828885,-1.5612459009721453
SVT.L/UU.L,2020-01-24,2.613349483771467,-20.86620557268543,-0.9960487467332669
SVT.L/UU.L,2020-01-27,2.6122913128599587,-27.00735594235948,-1.1384549982245833
SVT.L/UU.L,2020-01-28,2.6112484805178275,-26.62230843948464,-1.1037736196788999
SVT.L/UU.L,2020-01-29,2.609089872215157,-57.20417411540211,-1.8781080290443142
SVT.L/UU.L,2020-01-30,2.6059654355877826,-83.13906794252443,-2.4109096712161286
SVT.L/UU.L,2020-01-31,2.6037550364779816,-59.18509753017679,-1.7141418691630443
SVT.L/UU.L,2020-02-03,2.602909085177228,-21.311344087671387,-0.727931166611481
SVT.L/UU.L,2020-02-04,2.6019835287332307,-23.8800178690376,-0.7670119101855775
SVT.L/UU.L,2020-02-05,2.601967642691563,2.153117941591063,-0.08293748884901271
SVT.L/UU.L,2020-02-06,2.6015742240217046,-8.711215411998637,-0.34022099854976656
SVT.L/UU.L,2020-02-07,2.601161440780628,-9.337185045994374,-0.33226917003753503
SVT.L/UU.L,2020-02-10,2.6007436494291083,-9.48384485989709,-0.3121705456538368
SVT.L/UU.L,2020-02-11,2.6003734051011462,-7.899365242023578,-0.24697935723054165
SVT.L/UU.L,2020-02-12,2.5993711269968505,-25.941321461016287,-0.7158993528045038
SVT.L/UU.L,2020-02-13,2.5984844263804505,-22.870982219221787,-0.6058134896556254
SVT.L/UU.L,2020-02-14,2.5977145717100143,-19.27716072000385,-0.4795316780180504
SVT.L/UU.L,2020-02-17,2.5973413771364946,-8.035527306786662,-0.12571669653669484
SVT.L/UU.L,2020-02-18,2.5958160575816187,-39.884078404037155,-1.051212965784851
SVT.L/UU.L,2020-02-19,2.593699610079795,-55.18135017730265,-1.474688736690754
SVT.L/UU.L,2020-02-20,2.5925471343733344,-29.445830827523878,-0.6603071320932361
SVT.L/UU.L,2020-02-21,2.5907743261574256,-46.332035286979135,-1.1924383921610584
SVT.L/UU.L,2020-02-24,2.590106065170296,-16.377861796547677,-0.1533347209765812
SVT.L/UU.L,2020-02-25,2.5896407415190144,-11.061257293870767,0.04098866312151142
SVT.L/UU.L,2020-02-26,2.589466600421021,-2.4992916866995074,0.3478775937587247
SVT.L/UU.L,2020-02-27,2.5904480684835036,32.135139237734165,1.508286206486309
SVT.L/UU.L,2020-02-28,2.590977921647892,19.065729597484733,1.0333240844928768
SVT.L/UU.L,2020-03-02,2.5928872438924175,60.783148723087834,2.3039895126161642
SVT.L/UU.L,2020-03-03,2.594572393529731,52.75149337373932,1.9424170642054774
SVT.L/UU.L,2020-03-04,2.5953885907572443,26.060718619623913,1.0639993847641296
SVT.L/UU.L,2020-03-05,2.5966824562204027,39.90354484381669,1.454941513581096
SVT.L/UU.L,2020-03-06,2.597917516785697,39.65491586776034,1.415009228452399
SVT.L/UU.L,2020-03-09,2.599412058528904,49.990683934469416,1.666189453839781
SVT.L/UU.L,2020-03-10,2.6010791966091453,56.290802173025895,1.7764178700382856
SVT.L/UU.L,2020-03-11,2.602958465553559,64.22753183797113,1.9703080379525049
SVT.L/UU.L,2020-03-12,2.605021584748341,75.2775642104566,2.174910232214992
SVT.L/UU.L,2020-03-13,2.604906826527267,-1.1195643441760694,0.08597701617273941
SVT.L/UU.L,2020-03-16,2.6065271813158972,56.62766468105201,1.6429364776889728
SVT.L/UU.L,2020-03-17,2.6099950896693,111.63950768113637,2.9257164785707674
SVT.L/UU.L,2020-03-18,2.6114201024903725,45.10652187196911,1.1961027096386745
SVT.L/UU.L,2020-03-19,2.614736739114434,108.20459831304242,2.586499427961293
SVT.L/UU.L,2020-03-20,2.618426312724541,129.59511182583128,2.836284048104433
SVT.L/UU.L,2020-03-23,2.619303566623859,34.23077843622582,0.712745614476152
SVT.L/UU.L,2020-03-24,2.61906288073546,-5.601522151702284,-0.15411586950493664
SVT.L/UU.L,2020-03-25,2.6183502634720655,-20.619468136302203,-0.4661624161176568
SVT.L/UU.L,2020-03-26,2.6160925592190885,-65.60411023847837,-1.4108879058881414
SVT.L/UU.L,2020-03-27,2.6122244056665522,-112.97182640901019,-2.2877146586952124
SVT.L/UU.L,2020-03-30,2.6072471250160607,-138.20520311765722,-2.6006945119984577
SVT.L/UU.L,2020-03-31,2.6047764605389014,-70.90066902302624,-1.2344378599544554
SVT.L/UU.L,2020-04-01,2.6031903727050385,-46.44290593886444,-0.7446407419220566
SVT.L/UU.L,2020-04-02,2.601006054415348,-65.29244228592779,-1.0769445391083234
SVT.L/UU.L,2020-04-03,2.599041977672414,-59.03703640678532,-0.9415559265256623
SVT.L/UU.L,2020-04-06,2.600780507448107,58.53099590623742,1.2520084793427309
SVT.L/UU.L,2020-04-07,2.600944383833296,7.811166471195975,0.2839919645251718
SVT.L/UU.L,2020-04-08,2.6010812709581126,6.895373591810767,0.2547641016488169
SVT.L/UU.L,2020-04-09,2.6017768835746273,23.506045489291864,0.5541727642959545
SVT.L/UU.L,2020-04-14,2.6014008305297307,-8.602907931899608,-0.06286426941180275
SVT.L/UU.L,2020-04-15,2.600951086790259,-10.646126317933522,-0.11925778773743853
SVT.L/UU.L,2020-04-16,2.60103432637595,5.031501973513514,0.16521743061113073
SVT.L/UU.L,2020-04-17,2.6008853984042357,-1.7719212760694063,0.02126881484276463
SVT.L/UU.L,2020-04-20,2.600689656362873,-3.115141653665887,-0.016460139107534636
SVT.L/UU.L,2020-04-21,2.601077392917229,14.097139485371827,0.3063143662957383
SVT.L/UU.L,2020-04-22,2.601152233828954,4.759416227832844,0.11501928332961067
SVT.L/UU.L,2020-04-23,2.6018017853726367,21.578963619972,0.42674061509064165
SVT.L/UU.L,2020-04-24,2.6032335957147477,44.60113861503396,0.845475002567079
SVT.L/UU.L,2020-04-27,2.6039162015035466,22.514036555176062,0.38808020544580896
SVT.L/UU.L,2020-04-28,2.6041508463854295,9.385798572753174,0.10410493711887156
SVT.L/UU.L,2020-04-29,2.6048075760160807,21.54783778909814,0.33656844273804043
SVT.L/UU.L,2020-04-30,2.606064104315157,39.200544081470525,0.6728390600144208
SVT.L/UU.L,2020-05-01,2.606582125111416,17.592361951707517,0.22942491788070687
SVT.L/UU.L,2020-05-04,2.607578750878486,31.804206872732266,0.5030686089770509
SVT.L/UU.L,2020-05-05,2.609153582123843,48.216210976978346,0.8119245813450173
SVT.L/UU.L,2020-05-06,2.6114745247796014,70.545525753937,1.2201646195483886
SVT.L/UU.L,2020-05-07,2.6136433087426054,66.08516924106743,1.096420267646972
SVT.L/UU.L,2020-05-11,2.6155481857477607,57.76740933380279,0.9025666584383022
SVT.L/UU.L,2020-05-12,2.6170080986031716,43.91575053938277,0.6088021875306646
SVT.L/UU.L,2020-05-13,2.619481498298362,73.103318682593,1.1438380817629852
SVT.L/UU.L,2020-05-14,2.6220565748157783,80.44344862330126,1.2435607990906357
SVT.L/UU.L,2020-05-15,2.624355066889353,71.1208692769269,1.028915150108483
SVT.L/UU.L,2020-05-18,2.625930661829975,48.30348429508467,0.5631430818500256
SVT.L/UU.L,2020-05-19,2.6276262559501435,52.62943820736973,0.6240145046368071
SVT.L/UU.L,2020-05-20,2.6282017157230433,19.055554521097747,-0.059446800146350794
SVT.L/UU.L,2020-05-21,2.6296406976082256,43.86624032489226,0.4180670720526958
SVT.L/UU.L,2020-05-22,2.6312231608301886,50.090170818165916,0.52339139575004
SVT.L/UU.L,2020-05-26,2.6322329054744715,33.088936733582614,0.17010522195868408
SVT.L/UU.L,2020-05-27,2.633346873933534,36.21127017366507,0.23157552070435464
SVT.L/UU.L,2020-05-28,2.6353255762715384,60.54477682607512,0.7047716105144607
SVT.L/UU.L,2020-05-29,2.636022836208414,22.636437191686127,-0.042946745880865056
SVT.L/UU.L,2020-06-01,2.637554893674159,46.398752664690164,0.43830910446619437
SVT.L/UU.L,2020-06-02,2.63875738255712,36.92780619648511,0.2435521158350337
SVT.L/UU.L,2020-06-03,2.6400442700062485,38.496744567673886,0.27568475825627414
SVT.L/UU.L,2020-06-04,2.6408892442454417,26.579294771094283,0.03988006889670932
SVT.L/UU.L,2020-06-05,2.6428148379199663,58.53550323035279,0.6804717394097752
SVT.L/UU.L,2020-06-08,2.644100933750653,39.24023683690484,0.2984407339378563
SVT.L/UU.L,2020-06-09,2.6480894495049743,119.89438062230602,1.8608756564234594
SVT.L/UU.L,2020-06-10,2.651115060585913,90.36571539966872,1.267307454019655
SVT.L/UU.L,2020-06-11,2.6515418985366614,15.379832187138618,-0.20668548462858075
SVT.L/UU.L,2020-06-12,2.6519602401496067,14.97007743503491,-0.20166466082803883
SVT.L/UU.L,2020-06-15,2.6515433850164314,-9.566085199714507,-0.6588447327276141
SVT.L/UU.L,2020-06-16,2.6508599184738673,-16.86755558730556,-0.782048975266038
SVT.L/UU.L,2020-06-17,2.6502191572238685,-15.576544887865566,-0.7305088143664911
SVT.L/UU.L,2020-06-18,2.6502312372781787,2.955033321914925,-0.32187411447406783
SVT.L/UU.L,2020-06-19,2.6493199666270075,-22.34352996236703,-0.8388984423531459
SVT.L/UU.L,2020-06-22,2.6479010288060163,-36.6287406096676,-1.1219899893167564
SVT.L/UU.L,2020-06-23,2.6458573894337056,-54.2505896599846,-1.4622686213478782
SVT.L/UU.L,2020-06-24,2.644536790384127,-34.8388225970466,-1.085163890594354
SVT.L/UU.L,2020-06-25,2.6463877727835663,57.659730846874936,0.8628256177282605
SVT.L/UU.L,2020-06-26,2.6477354578712577,42.526767072050006,0.5122417058296813
SVT.L/UU.L,2020-06-29,2.649223906066423,46.439646778008864,0.589390137639378
SVT.L/UU.L,2020-06-30,2.6513518755891443,65.94286697386997,1.0815285899188902
SVT.L/UU.L,2020-07-01,2.6531326840929546,55.390418998933,0.778684652391827
SVT.L/UU.L,2020-07-02,2.6545318336091923,43.808956970844974,0.4208016640614578
SVT.L/UU.L,2020-07-03,2.6563680268685763,57.646449593490615,0.8401039815039884
SVT.L/UU.L,2020-07-06,2.658837221685099,76.68893598334444,1.3644611337633017
SVT.L/UU.L,2020-07-07,2.6612472554403683,76.15817029387654,1.3006463050275747
SVT.L/UU.L,2020-07-08,2.663634828528729,75.06176479886426,1.2272612585380098
SVT.L/UU.L,2020-07-09,2.6655876544781747,63.455492146852976,0.858773029729612
SVT.L/UU.L,2020-07-10,2.6676516265194734,66.3332649828144,0.912936401462286
SVT.L/UU.L,2020-07-13,2.6696514830417204,63.17127467870523,0.7918248490526877
SVT.L/UU.L,2020-07-14,2.6713593949689236,54.79322494823009,0.5197571145841257
SVT.L/UU.L,2020-07-15,2.6732894938354623,61.35226862240597,0.6900364906472591
SVT.L/UU.L,2020-07-16,2.6750838942221504,57.28435153258488,0.5465476626888242
SVT.L/UU.L,2020-07-17,2.677861172211735,86.76111730032471,1.3873658017210797
SVT.L/UU.L,2020-07-20,2.68048657467021,81.54442468436446,1.1891740183441837
SVT.L/UU.L,2020-07-21,2.6833708599226425,90.06249766848805,1.3962338587453023
SVT.L/UU.L,2020-07-22,2.6864467198758604,95.46354360402984,1.4935893017933783
SVT.L/UU.L,2020-07-23,2.688557184738329,66.23274023800604,0.6280922715089362
SVT.L/UU.L,2020-07-24,2.690116650719941,49.01841082173678,0.1173092174090779
SVT.L/UU.L,2020-07-27,2.6915005965623022,43.58509152011857,-0.04257892867016122
SVT.L/UU.L,2020-07-28,2.693206512195009,51.88933924631647,0.18294230053873925
SVT.L/UU.L,2020-07-29,2.694841995802574,49.70997688078887,0.1107501245202238
SVT.L/UU.L,2020-07-30,2.6956403182168693,26.095111534003536,-0.5672167699544052
SVT.L/UU.L,2020-07-31,2.6963591172738126,23.587864513091063,-0.61828954543142
SVT.L/UU.L,2020-08-03,2.6967781162115814,14.740025114451782,-0.8491022704173938
SVT.L/UU.L,2020-08-04,2.696857855725579,4.917757935479585,-1.0992666737504126
SVT.L/UU.L,2020-08-05,2.6970809255988106,9.120291291168996,-0.9537777890621311
SVT.L/UU.L,2020-08-06,2.6975802734756313,17.189377090056496,-0.697941019884114
SVT.L/UU.L,2020-08-07,2.698555036867844,31.03851147892874,-0.27991145186343386
SVT.L/UU.L,2020-08-10,2.699772705470577,38.063406760815724,-0.06078909897538846
SVT.L/UU.L,2020-08-11,2.701630275237083,57.53053158185048,0.5017840214386268
SVT.L/UU.L,2020-08-12,2.703911175542664,67.00944690867755,0.7677897857747763
SVT.L/UU.L,2020-08-13,2.7067091501349343,83.9327632006084,1.215668442348087
SVT.L/UU.L,2020-08-14,2.709492132352627,84.78829195129128,1.2053164525630862
SVT.L/UU.L,2020-08-17,2.712478093795364,91.76439599003197,1.3618095661986926
SVT.L/UU.L,2020-08-18,2.7153947216339485,91.74328725679834,1.314766524707216
SVT.L/UU.L,2020-08-19,2.7183352842017574,92.79300361626747,1.2989131304983927
SVT.L/UU.L,2020-08-20,2.7215029269893107,100.54623151948726,1.4655923656843355
SVT.L/UU.L,2020-08-21,2.7243097731662,89.10197169669345,1.1221637877263968
SVT.L/UU.L,2020-08-24,2.7274347166318798,97.88283237081214,1.3119054736017093
SVT.L/UU.L,2020-08-25,2.729951689222241,80.43939113343276,0.8338443432605201
SVT.L/UU.L,2020-08-26,2.732253150243649,74.18480786471264,0.654205127441204
SVT.L/UU.L,2020-08-27,2.734367243028189,68.26236351715306,0.48359869773430564
SVT.L/UU.L,2020-08-28,2.73614802797788,57.916128738620046,0.21625888269037577
SVT.L/UU.L,2020-09-01,2.7377149835195915,51.62306756369071,0.04816000235165224
SVT.L/UU.L,2020-09-02,2.73917080930167,45.8893553707926,-0.07034676636118659
SVT.L/UU.L,2020-09-03,2.7415942865496215,75.6184430320991,0.7330021376937127
SVT.L/UU.L,2020-09-04,2.7437477245083617,68.60028988165004,0.5233146558894973
SVT.L/UU.L,2020-09-07,2.7457875278766615,63.31563245734969,0.36152845178112714
SVT.L/UU.L,2020-09-08,2.7478342465690773,63.84531226244235,0.3503133616925469
SVT.L/UU.L,2020-09-09,2.749416744595444,49.58703499683452,-0.07776696291215421
SVT.L/UU.L,2020-09-10,2.7510063898593464,49.92353057310356,-0.1027397870880092
SVT.L/UU.L,2020-09-11,2.7526856989458435,52.4252776637918,-0.05420211467388665
SVT.L/UU.L,2020-09-14,2.754207601329368,47.624325915124246,-0.2455103077372325
SVT.L/UU.L,2020-09-15,2.7560267983110616,55.39957185461435,-0.05212354684595833
SVT.L/UU.L,2020-09-16,2.7577033019406096,52.091634565588265,-0.26060475547414574
SVT.L/UU.L,2020-09-17,2.759458462863494,54.95534595081108,-0.236132909325688
SVT.L/UU.L,2020-09-18,2.761214300678646,53.8713506175327,-0.2820028279326588
SVT.L/UU.L,2020-09-21,2.7635350699328827,72.61958917309175,0.5418696377664783
SVT.L/UU.L,2020-09-22,2.765945832712483,75.5374934674187,0.6517553859629129
SVT.L/UU.L,2020-09-23,2.76897046226359,92.6271792751013,1.3812586129524478
SVT.L/UU.L,2020-09-24,2.7716630021547206,82.58860358703532,0.9088365528440888
SVT.L/UU.L,2020-09-25,2.773293826006694,49.93214290161313,-0.5398274467539781
SVT.L/UU.L,2020-09-28,2.7744628179938062,36.40568332350131,-1.1118184251411813
SVT.L/UU.L,2020-09-29,2.775526420807246,33.370942707309496,-1.2024644412696746
SVT.L/UU.L,2020-09-30,2.7775369544926867,62.19128535801701,0.06039094909687889
SVT.L/UU.L,2020-10-01,2.7789625675291973,43.55308593831751,-0.7287970320035361
SVT.L/UU.L,2020-10-02,2.7800981873895108,34.76930031819256,-1.0798047089793597
SVT.L/UU.L,2020-10-05,2.7808087690272956,22.960794734924548,-1.5273622560753928
SVT.L/UU.L,2020-10-06,2.781793852718365,31.09200254261259,-1.1479543038957256
SVT.L/UU.L,2020-10-07,2.782795791640549,31.78914091642673,-1.0916206746505261
SVT.L/UU.L,2020-10-08,2.7826164137590657,-2.499956511404889,-2.3471371143306783
SVT.L/UU.L,2020-10-09,2.7828038666880976,8.0091070105982,-1.8443520416336756
SVT.L/UU.L,2020-10-12,2.7832819027802014,16.15291115386117,-1.4773225361273765
SVT.L/UU.L,2020-10-13,2.784090722016436,25.63610223333444,-1.080732247219608
SVT.L/UU.L,2020-10-14,2.785377421489042,39.875270942174666,-0.5168340159338901
SVT.L/UU.L,2020-10-15,2.786795677756015,44.12797278361131,-0.3278269352523406
SVT.L/UU.L,2020-10-16,2.787932769208697,35.48959672810042,-0.6462086875848833
SVT.L/UU.L,2020-10-19,2.7897176150462526,55.13699849659315,0.12045267180379443
SVT.L/UU.L,2020-10-20,2.790987458190992,39.78766405536908,-0.4786409172951798
SVT.L/UU.L,2020-10-21,2.792324209899202,41.86756755873512,-0.39008430211954914
SVT.L/UU.L,2020-10-22,2.7936456899582094,41.18797934910572,-0.4105471497754709
SVT.L/UU.L,2020-10-23,2.795063153833035,43.54620833049785,-0.33232232163269504
SVT.L/UU.L,2020-10-26,2.7969702188858245,57.84682175165062,0.21058137865749668
SVT.L/UU.L,2020-10-27,2.7990491668307045,62.39844562597591,0.3669321050664336
SVT.L/UU.L,2020-10-28,2.801149195664621,65.21305477060196,0.45491456214904696
SVT.L/UU.L,2020-10-29,2.802745453450601,50.441254346858386,-0.19900837231761567
SVT.L/UU.L,2020-10-30,2.8030011492293063,10.232303763454638,-1.9153341189002058
SVT.L/UU.L,2020-11-02,2.8043193241705984,42.464469901890425,-0.5458021996132463
SVT.L/UU.L,2020-11-03,2.805813011591877,47.079926147882816,-0.35447380258701144
SVT.L/UU.L,2020-11-04,2.8066135965748362,26.083464150652617,-1.224680615765004
SVT.L/UU.L,2020-11-05,2.80705292944037,15.480898082257227,-1.607866162216446
SVT.L/UU.L,2020-11-06,2.8074018804773835,12.900094255742715,-1.6494612357253562
SVT.L/UU.L,2020-11-09,2.8074892767238664,5.176441433040509,-1.8840009376668532
SVT.L/UU.L,2020-11-10,2.8064949140034723,-25.784291020097044,-2.9038156908831816
SVT.L/UU.L,2020-11-11,2.8042726677981977,-58.52406681313778,-3.6566743789074647
SVT.L/UU.L,2020-11-12,2.801799211691222,-65.99141092631771,-3.4785687578864612
SVT.L/UU.L,2020-11-13,2.7996406650653247,-58.45632228682052,-2.986679791223959
SVT.L/UU.L,2020-11-16,2.79666604593737,-81.59420638863321,-3.29612211235486
SVT.L/UU.L,2020-11-17,2.79420411527261,-67.25751017026414,-2.705527683850505
SVT.L/UU.L,2020-11-18,2.7907602002296934,-94.17404938349546,-3.0849253539972534
SVT.L/UU.L,2020-11-19,2.7870463321493637,-103.07616825881223,-2.994723576806752
SVT.L/UU.L,2020-11-20,2.7836901872055266,-92.92055876088443,-2.5643588680072003
SVT.L/UU.L,2020-11-23,2.7809666054959914,-76.20176463897633,-2.085619330867898
SVT.L/UU.L,2020-11-24,2.7792938151735402,-46.3083498689175,-1.4159461408938803
SVT.L/UU.L,2020-11-25,2.775970044738822,-92.27761435728144,-2.205709311444151
SVT.L/UU.L,2020-11-26,2.7729394343219558,-84.42518139619506,-1.9533023748900273
SVT.L/UU.L,2020-11-27,2.7693750726726125,-101.59022211183446,-2.1510221641799787
SVT.L/UU.L,2020-11-30,2.7658361218635563,-100.72899954452532,-2.0234830736516045
SVT.L/UU.L,2020-12-01,2.7603080074606186,-156.7318463025772,-2.7711251782199007
SVT.L/UU.L,2020-12-02,2.7542980309694762,-167.5887373898313,-2.7127701451531427
SVT.L/UU.L,2020-12-03,2.746254386234744,-223.13122883016968,-3.1992410087174097
SVT.L/UU.L,2020-12-04,2.7395763181266473,-192.09817717043688,-2.5541061403529377
SVT.L/UU.L,2020-12-07,2.731895748849631,-217.14040336023436,-2.6642923124192572
SVT.L/UU.L,2020-12-08,2.7235839401279573,-232.54859486833675,-2.639932253670408
SVT.L/UU.L,2020-12-09,2.7153472720242986,-227.67892705945906,-2.408480490967966
SVT.L/UU.L,2020-12-10,2.708502682511349,-193.27290160850953,-1.9161922813694667
SVT.L/UU.L,2020-12-11,2.7017622955750027,-193.35034041694053,-1.8275009536608495
SVT.L/UU.L,2020-12-14,2.6946995980077877,-199.64965436990542,-1.8112644659326846
SVT.L/UU.L,2020-12-15,2.6874085334104123,-205.59050750087954,-1.792810622071054
SVT.L/UU.L,2020-12-16,2.6799070737535886,-208.11056990798306,-1.7463818133226816
SVT.L/UU.L,2020-12-17,2.67524253253184,-132.54394051084682,-0.933726483938461
SVT.L/UU.L,2020-12-18,2.6710911255855123,-119.930841432124,-0.77524406439446
SVT.L/UU.L,2020-12-21,2.6671463357002922,-114.68911767190684,-0.6957662940684672
SVT.L/UU.L,2020-12-22,2.663662349843057,-101.59556640758638,-0.5373368447889972
SVT.L/UU.L,2020-12-23,2.660308917155582,-97.17555994538179,-0.4678398631810861
SVT.L/UU.L,2020-12-24,2.656800581427464,-102.2556202459059,-0.4994250618029692
SVT.L/UU.L,2020-12-29,2.6532194262161624,-100.7586095079082,-0.4621773285589756
SVT.L/UU.L,2020-12-30,2.6499470178033033,-93.70259204680269,-0.36739845385103553
SVT.L/UU.L,2020-12-31,2.647195127164979,-79.64982981134199,-0.19716419630254928
SVT.L/UU.L,2021-01-04,2.6445386055807223,-75.23273081425714,-0.1307643481369692
SVT.L/UU.L,2021-01-05,2.6423765895353264,-61.589501616689176,0.030124763210765074
SVT.L/UU.L,2021-01-06,2.6394432033756443,-81.40729232049944,-0.1729948158976327
SVT.L/UU.L,2021-01-07,2.6365778414333096,-80.23153359690104,-0.1431346258431946
SVT.L/UU.L,2021-01-08,2.6332013326115544,-93.98433224703376,-0.2768843599430924
SVT.L/UU.L,2021-01-11,2.6293658160278843,-107.79695895369105,-0.409586396157809
SVT.L/UU.L,2021-01-12,2.625833963506377,-100.27236791349924,-0.30069643143317415
SVT.L/UU.L,2021-01-13,2.621962707087588,-108.20573056332023,-0.3695050760041833
SVT.L/UU.L,2021-01-14,2.6181954073388383,-105.778211296069,-0.3159292629326976
SVT.L/UU.L,2021-01-15,2.6144311407310705,-105.53559047208319,-0.28896321613073644
SVT.L/UU.L,2021-01-18,2.6114001965667257,-85.80028929202217,-0.02351672632737418
SVT.L/UU.L,2021-01-19,2.6081102408612824,-92.8266855173215,-0.0847522129175447
SVT.L/UU.L,2021-01-20,2.6046708476808926,-96.4148396708647,-0.10307952044770521
SVT.L/UU.L,2021-01-21,2.601811834265427,-80.7192763764956,0.13478971511768614
SVT.L/UU.L,2021-01-22,2.5988351020501823,-83.58507394665321,0.13392452713360997
SVT.L/UU.L,2021-01-25,2.5958805894968413,-81.22537046142679,0.20957977613179757
SVT.L/UU.L,2021-01-26,2.5930129390604675,-79.68278002942861,0.2741714211358172
SVT.L/UU.L,2021-01-27,2.590165491282324,-79.10446490440245,0.31242516671285886
SVT.L/UU.L,2021-01-28,2.5872183968204667,-82.960537400872,0.29749409730741355
SVT.L/UU.L,2021-01-29,2.5847180345650806,-71.05485930780151,0.5477513451232403
SVT.L/UU.L,2021-02-01,2.5820444199439185,-74.08996683442865,0.5464175730715445
SVT.L/UU.L,2021-02-02,2.580007651945172,-56.4705782895885,0.9085438090389986
SVT.L/UU.L,2021-02-03,2.5783440393518116,-45.77989556261127,1.156705513210135
SVT.L/UU.L,2021-02-04,2.5772973286039185,-28.603562612519,1.5205383906318495
SVT.L/UU.L,2021-02-05,2.5762518398165626,-29.04205864068672,1.5156435127649353
SVT.L/UU.L,2021-02-08,2.574738407522375,-43.134863582944945,1.2328753492769875
SVT.L/UU.L,2021-02-09,2.5728367086950374,-53.90155267547334,1.0194156130910619
SVT.L/UU.L,2021-02-10,2.5703931551295924,-69.25298651740559,0.7323262006419639
SVT.L/UU.L,2021-02-11,2.5673153637080564,-86.99362264685897,0.39517730584023963
SVT.L/UU.L,2021-02-12,2.564697893806377,-72.49304479385819,0.6751251625380859
SVT.L/UU.L,2021-02-15,2.5621859313334205,-68.7727358965326,0.7352653549618575
SVT.L/UU.L,2021-02-16,2.5600738097161266,-58.956408107736024,0.9021752414327895
SVT.L/UU.L,2021-02-17,2.558068626442786,-55.72125825804005,0.9449143419070921
SVT.L/UU.L,2021-02-18,2.5556547634738505,-68.97545249598761,0.6923381070450053
SVT.L/UU.L,2021-02-19,2.5531538734025143,-71.91234374475971,0.6498770739904142
SVT.L/UU.L,2021-02-22,2.5504847625804294,-78.52176834620741,0.5195941251585998
SVT.L/UU.L,2021-02-23,2.548287376210946,-63.46741110688663,0.7941203567475698
SVT.L/UU.L,2021-02-24,2.5473087238034644,-27.353768617947935,1.42465486776457
SVT.L/UU.L,2021-02-25,2.5466864029273233,-16.37503825134536,1.5673488864051262
SVT.L/UU.L,2021-02-26,2.5466753530123256,2.2650975299266065,1.8177229853465775
SVT.L/UU.L,2021-03-01,2.546069664391655,-15.938696581656586,1.4421016064791894
SVT.L/UU.L,2021-03-02,2.5452257438543455,-22.978958572445208,1.2965927372975767
SVT.L/UU.L,2021-03-03,2.544131131754268,-31.207515089210574,1.1175173144872557
SVT.L/UU.L,2021-03-04,2.5429548843522536,-32.91776863501127,1.0695462902698667
SVT.L/UU.L,2021-03-05,2.541222989032728,-48.58057973272844,0.7586791782511285
SVT.L/UU.L,2021-03-08,2.540065498768372,-32.3243990888659,1.0962871908070952
SVT.L/UU.L,2021-03-09,2.538724926652485,-37.16122646904296,0.9766586176593955
SVT.L/UU.L,2021-03-10,2.5379527746891957,-20.374423179353926,1.3552737660688323
SVT.L/UU.L,2021-03-11,2.5375804904184163,-8.488917549811049,1.6542883520895408
SVT.L/UU.L,2021-03-12,2.536702984879726,-23.37041423458686,1.3154388688176248
SVT.L/UU.L,2021-03-15,2.535983140344766,-18.709705376835245,1.5357467564643386
SVT.L/UU.L,2021-03-16,2.535465720018217,-12.399555641673942,1.6912186804629674
SVT.L/UU.L,2021-03-17,2.5347766002899914,-17.934469660056493,1.4720033876750003
SVT.L/UU.L,2021-03-18,2.534146436620437,-16.244125184322456,1.4796869681792635
SVT.L/UU.L,2021-03-19,2.533737337781447,-9.552291160744971,1.6301299118098889
SVT.L/UU.L,2021-03-22,2.533277085879424,-11.087245150068156,1.5223368391972876
SVT.L/UU.L,2021-03-23,2.532791394144266,-11.445395201914835,1.4594723441885635
SVT.L/UU.L,2021-03-24,2.5319216408020284,-22.60249142159182,1.0733363598722396
SVT.L/UU.L,2021-03-25,2.531756895531774,-2.1437343307416086,1.6535967917797485
SVT.L/UU.L,2021-03-26,2.531738912227214,2.0877105929530444,1.7079189323642496
SVT.L/UU.L,2021-03-29,2.531514207556953,-3.797637054018196,1.4684298613777336
SVT.L/UU.L,2021-03-30,2.5304535332788856,-27.988315606727156,0.7176265560366559
SVT.L/UU.L,2021-03-31,2.529139857865883,-34.995999551767,0.48568250597506485
SVT.L/UU.L,2021-04-01,2.527677197346946,-39.20354984528785,0.33964108242886415
SVT.L/UU.L,2021-04-06,2.526321894437269,-35.73866947596116,0.4213528681768205
SVT.L/UU.L,2021-04-07,2.5256226508786996,-17.17501349228769,0.9673641240608031
SVT.L/UU.L,2021-04-08,2.5246289021871293,-25.10386675808786,0.6917555326530362
SVT.L/UU.L,2021-04-09,2.5241356809761823,-11.177983088370183,1.113850456885008
SVT.L/UU.L,2021-04-12,2.5235230870396945,-14.356365531425126,0.9855920762413279
SVT.L/UU.L,2021-04-13,2.5235746317511265,4.078620525309361,1.574995246222046
SVT.L/UU.L,2021-04-14,2.5238628711648903,10.85530880358192,1.7414550640330704
SVT.L/UU.L,2021-04-15,2.5238883218029087,3.3234817169536655,1.4442147202658129
SVT.L/UU.L,2021-04-16,2.524328803936982,15.090389272806533,1.799602098272404
SVT.L/UU.L,2021-04-19,2.5243502516058105,3.210135995577275,1.3438617727543996
SVT.L/UU.L,2021-04-20,2.5243706069823815,3.181137459557249,1.3057937342744697
SVT.L/UU.L,2021-04-21,2.5248089194651198,15.126096148352644,1.6717636073380993
SVT.L/UU.L,2021-04-22,2.524870128292076,4.343374171300638,1.2548616436786797
SVT.L/UU.L,2021-04-23,2.5253575730146935,16.55841763040644,1.6392766502161311
SVT.L/UU.L,2021-04-26,2.5260997512821786,24.23923560680305,1.8555005661251294
SVT.L/UU.L,2021-04-27,2.526800314625229,22.823592692650436,1.7395417539677038
SVT.L/UU.L,2021-04-28,2.527695292175986,28.419585373166683,1.8699044009113106
SVT.L/UU.L,2021-04-29,2.5284282884268547,23.921412487445195,1.6418508403141396
SVT.L/UU.L,2021-04-30,2.5293361035306083,28.449495123692486,1.7219057392516892
SVT.L/UU.L,2021-05-04,2.5298418796032633,17.080659067753004,1.2857636175106533
SVT.L/UU.L,2021-05-05,2.530245667277906,14.168211476051056,1.1497606393959756
SVT.L/UU.L,2021-05-06,2.5301774407068205,0.6939175754855569,0.6730265811920206
SVT.L/UU.L,2021-05-07,2.530175227772785,2.5493237873852195,0.70910555475563
SVT.L/UU.L,2021-05-10,2.53003828413328,-1.2472724829626713,0.5548779856504635
SVT.L/UU.L,2021-05-11,2.5303494988625803,11.615424491862541,0.9879342171419118
SVT.L/UU.L,2021-05-12,2.5306476229038193,11.207806101394908,0.9509361724879378
SVT.L/UU.L,2021-05-13,2.5306761154994115,3.426210549134794,0.6356217104761739
SVT.L/UU.L,2021-05-14,2.5308454220473315,7.404665932064745,0.7643291376191219
SVT.L/UU.L,2021-05-17,2.5313379370845186,16.748348676536352,1.1045441730233063
SVT.L/UU.L,2021-05-18,2.5315563863791026,8.84761553924136,0.7676528466550514
SVT.L/UU.L,2021-05-19,2.5318039111790043,9.715186422738498,0.7917427175187689
SVT.L/UU.L,2021-05-20,2.5321681917773327,12.944650803961395,0.9458541915898818
SVT.L/UU.L,2021-05-21,2.5318255474764784,-7.137895954517717,-0.08322616723555892
SVT.L/UU.L,2021-05-24,2.5315325888466487,-5.763258451826459,-0.030527132715189677
SVT.L/UU.L,2021-05-25,2.5312632963774164,-5.078452285637013,-0.004291479642014022
SVT.L/UU.L,2021-05-26,2.530837650101752,-9.443861176787777,-0.22560599385590097
SVT.L/UU.L,2021-05-27,2.529036588879059,-49.11799843399831,-2.2089982606329936
SVT.L/UU.L,2021-05-28,2.527831277889821,-32.28283371620455,-1.331840221013656
SVT.L/UU.L,2021-06-01,2.5255262985950244,-62.55142147025799,-2.6891381102888974
SVT.L/UU.L,2021-06-02,2.5233493309451798,-59.10373526917738,-2.4083166293572424
SVT.L/UU.L,2021-06-03,2.520965728600829,-65.17100727035677,-2.598919773316413
SVT.L/UU.L,2021-06-04,2.518991897144213,-53.87755367472846,-2.0246884639951994
SVT.L/UU.L,2021-06-07,2.516324333922131,-72.86520790699842,-2.6851344662098793
SVT.L/UU.L,2021-06-08,2.514191629069769,-58.16623095325531,-1.9834274664797769
SVT.L/UU.L,2021-06-09,2.5121973635590296,-54.60436499642992,-1.7607067929655973
SVT.L/UU.L,2021-06-10,2.510346378631557,-50.300466561030134,-1.5463371135658839
SVT.L/UU.L,2021-06-11,2.5081727422193416,-58.91999313368615,-1.8002006917990032
SVT.L/UU.L,2021-06-14,2.506178186358916,-53.67239141223763,-1.5462160126838445
SVT.L/UU.L,2021-06-15,2.504104106761055,-55.802592286286654,-1.567441671335036
SVT.L/UU.L,2021-06-16,2.5017388937040788,-63.85062480277702,-1.7765915829845567
SVT.L/UU.L,2021-06-17,2.4996231067751635,-57.17675508634238,-1.4880421345926482
SVT.L/UU.L,2021-06-18,2.4976135630888545,-54.89172918238137,-1.36300676970513
SVT.L/UU.L,2021-06-21,2.4959640581044633,-44.452839090299676,-0.9862236801070685
SVT.L/UU.L,2021-06-22,2.4947114294560575,-33.18946523077966,-0.6042627884666638
SVT.L/UU.L,2021-06-23,2.493116559660272,-43.333502262289585,-0.9127509558676054
SVT.L/UU.L,2021-06-24,2.4943518401111464,39.332396096688626,1.750246799507205
SVT.L/UU.L,2021-06-25,2.4950325027955396,22.720267940604572,1.1878822223448204
SVT.L/UU.L,2021-06-28,2.495971626562354,30.27893838715363,1.376731056796486
SVT.L/UU.L,2021-06-29,2.49828795153733,71.85284987198884,2.490051440662091
SVT.L/UU.L,2021-06-30,2.5003544500217063,64.83623084117016,2.1512514859761027
SVT.L/UU.L,2021-07-01,2.502267151996752,59.46306263525821,1.8987439244056312
SVT.L/UU.L,2021-07-02,2.5044112845389033,65.80708226798151,1.9690393516643185
SVT.L/UU.L,2021-07-05,2.506268681904931,56.93901681535817,1.6556381880608728
SVT.L/UU.L,2021-07-06,2.5076865017888657,43.43129616548413,1.2577065917198933
SVT.L/UU.L,2021-07-07,2.509470155559689,53.19834748819767,1.456171157670138
SVT.L/UU.L,2021-07-08,2.5112992720203517,55.18202858894165,1.4581570833933526
SVT.L/UU.L,2021-07-09,2.513135920737774,54.92413929981058,1.409915647101871
SVT.L/UU.L,2021-07-12,2.5147306289448,47.63504836874563,1.1967447752875295
SVT.L/UU.L,2021-07-13,2.51717477599331,71.45360039974548,1.7124746889894404
SVT.L/UU.L,2021-07-14,2.5192324496411618,61.249393416338535,1.421181622714357
SVT.L/UU.L,2021-07-15,2.5217455125500954,75.08729172097446,1.6748880734784832
SVT.L/UU.L,2021-07-16,2.5243813934373076,77.46508364758756,1.665519492316125
SVT.L/UU.L,2021-07-19,2.5269822470294807,77.22672478428012,1.5968596038974148
SVT.L/UU.L,2021-07-20,2.5296753450149305,79.90105355345759,1.5968988328422924
SVT.L/UU.L,2021-07-21,2.5318455721486663,64.88620457042498,1.2470942957211293
SVT.L/UU.L,2021-07-22,2.5340221823792395,65.09119697616916,1.2219313382488017
SVT.L/UU.L,2021-07-23,2.5364598329815324,71.84210018261456,1.3291247459291622
SVT.L/UU.L,2021-07-26,2.5392021200948363,81.24914481063752,1.4757022294178423
SVT.L/UU.L,2021-07-27,2.54154258961102,69.14859747941864,1.204456217246482
SVT.L/UU.L,2021-07-28,2.543956099438359,71.3263401719164,1.2144094145831006
SVT.L/UU.L,2021-07-29,2.546671971768131,79.71258883260634,1.337025154194074
SVT.L/UU.L,2021-07-30,2.548900857428207,65.24905124164752,1.026678418671214
SVT.L/UU.L,2021-08-02,2.5508977110681808,58.44130765611999,0.8724344223234429
SVT.L/UU.L,2021-08-03,2.5533671058256284,72.54872938115477,1.107109431229345
SVT.L/UU.L,2021-08-04,2.5563337621387396,86.89758491212933,1.3337083407371684
SVT.L/UU.L,2021-08-05,2.558940416181918,77.20137337864935,1.12052067746383
SVT.L/UU.L,2021-08-06,2.561164848217953,66.90352015073222,0.9054540316055829
SVT.L/UU.L,2021-08-09,2.563484131462167,69.22665457241828,0.922520312760278
SVT.L/UU.L,2021-08-10,2.566019704777148,75.25661207351732,1.0054357276282755
SVT.L/UU.L,2021-08-11,2.5681218061571323,62.36312191424031,0.753831182374119
SVT.L/UU.L,2021-08-12,2.5709114331267036,82.17333210062725,1.0765348175619223
SVT.L/UU.L,2021-08-13,2.57335626300971,71.69005535862107,0.8676621095104107
SVT.L/UU.L,2021-08-16,2.5767883404855665,100.35717011105908,1.3241552366321028
SVT.L/UU.L,2021-08-17,2.5804468762105026,106.32730882358737,1.3758250376353822
SVT.L/UU.L,2021-08-18,2.583574171993906,92.70114510301437,1.1050389718498919
SVT.L/UU.L,2021-08-19,2.58591748667491,70.06127858031005,0.6967183089619416
SVT.L/UU.L,2021-08-20,2.587696083419204,53.48431681216243,0.39125901558483295
SVT.L/UU.L,2021-08-23,2.589730198998505,61.45277566501363,0.5058246569002894
SVT.L/UU.L,2021-08-24,2.5915089003695195,54.15123223589899,0.3530689105521301
SVT.L/UU.L,2021-08-25,2.593098276404963,49.34870289085302,0.2411613781638725
SVT.L/UU.L,2021-08-26,2.594322429606774,38.74980289745463,0.01698599318411979
SVT.L/UU.L,2021-08-27,2.5957646424932377,45.30276924411692,0.11189729608815162
SVT.L/UU.L,2021-08-31,2.5962478885786537,16.78979291847054,-0.485686446239061
SVT.L/UU.L,2021-09-01,2.597735923394562,45.974143476469635,0.06747648519249656
SVT.L/UU.L,2021-09-02,2.5994424336934223,52.54087716782624,0.17304000797226687
SVT.L/UU.L,2021-09-03,2.601236876424933,55.33630710308853,0.20271428499078017
SVT.L/UU.L,2021-09-06,2.6029112968799133,51.56302611934052,0.08107308259096811
SVT.L/UU.L,2021-09-07,2.6047172708428192,55.6607951908386,0.14175468102718647
SVT.L/UU.L,2021-09-08,2.6075350871182663,85.32026786906499,0.8656904749279037
SVT.L/UU.L,2021-09-09,2.6099386212711897,73.68184464121532,0.5446836957486542
SVT.L/UU.L,2021-09-10,2.6121108305548972,66.94873399187145,0.3230448438961849
SVT.L/UU.L,2021-09-13,2.6139915190429286,57.6367631726589,-0.03143301374448179
SVT.L/UU.L,2021-09-14,2.6161138380411266,64.52979212832406,0.1682533094389424
SVT.L/UU.L,2021-09-15,2.618372183104972,69.232003630068,0.33153209509920645
SVT.L/UU.L,2021-09-16,2.620747253964758,71.90941723846208,0.4753259056379786
SVT.L/UU.L,2021-09-17,2.6227657491770633,62.79239861133192,-0.09577867533936214
SVT.L/UU.L,2021-09-20,2.6244136622535197,51.72900911324086,-0.8438663085654088
SVT.L/UU.L,2021-09-21,2.626853836893438,74.76604141962116,0.6154519677039746
SVT.L/UU.L,2021-09-22,2.628973267936874,66.05740695960458,0.03808765504597597
SVT.L/UU.L,2021-09-23,2.630924436400247,61.41719453771975,-0.2695097407971631
SVT.L/UU.L,2021-09-24,2.6321931575378468,41.32427209622165,-1.5656815064394147
SVT.L/UU.L,2021-09-27,2.633315449096737,37.22066294359456,-1.7556750872179934
SVT.L/UU.L,2021-09-28,2.6336672416975206,13.513785971809284,-2.976266964885274
SVT.L/UU.L,2021-09-29,2.63522524121961,51.19388378861095,-0.765409025282292
SVT.L/UU.L,2021-09-30,2.6367635320553586,50.784224982052365,-0.7860157800273646
SVT.L/UU.L,2021-10-01,2.6381503605464434,45.814745350029625,-1.0638853000962796
SVT.L/UU.L,2021-10-04,2.6392399057356744,36.13891391784773,-1.58422655558952
SVT.L/UU.L,2021-10-05,2.6404587420963814,39.65168321082865,-1.361367317132151
SVT.L/UU.L,2021-10-06,2.6417861833178615,43.06996345373818,-1.127971252785553
SVT.L/UU.L,2021-10-07,2.642894358416207,36.23983248127297,-1.464244905886956
SVT.L/UU.L,2021-10-08,2.643130223883802,9.762950660275237,-2.7025278988610504
SVT.L/UU.L,2021-10-11,2.6435643806636553,15.7381765185919,-2.2459977620187552
SVT.L/UU.L,2021-10-12,2.6441907783544916,21.420322300491534,-1.8667292855424988
SVT.L/UU.L,2021-10-13,2.6450499823002342,28.11127843644499,-1.4805386687583268
SVT.L/UU.L,2021-10-14,2.6460387843072306,31.884998895126955,-1.2543457966625888
SVT.L/UU.L,2021-10-15,2.646229880617861,8.368558058017243,-2.2350628443991005
SVT.L/UU.L,2021-10-18,2.6464526912400745,9.271234913701846,-2.0730202600004035
SVT.L/UU.L,2021-10-19,2.6468986477310374,15.934430258887915,-1.7042073894471086
SVT.L/UU.L,2021-10-20,2.6471156058025347,9.031457194556879,-1.905595450906914
SVT.L/UU.L,2021-10-21,2.6472856088007153,7.630532740685339,-1.869945029358967
SVT.L/UU.L,2021-10-22,2.6477839970201322,17.229722512462104,-1.420619533665844
SVT.L/UU.L,2021-10-25,2.648231524986689,15.756079758082251,-1.4253405679264994
SVT.L/UU.L,2021-10-26,2.6487886541378236,18.762040433638504,-1.2606309994571778
SVT.L/UU.L,2021-10-27,2.6489041188932516,5.916768411337216,-1.6962499732327772
SVT.L/UU.L,2021-10-28,2.6492618285378153,12.747944980676039,-1.3838208649907173
SVT.L/UU.L,2021-10-29,2.648735989168188,-12.328732037630289,-2.2321645988875884
SVT.L/UU.L,2021-11-01,2.647890553043179,-21.318454640913387,-2.401168917333457
SVT.L/UU.L,2021-11-02,2.6470877146865197,-19.979825532482664,-2.214300382790783
SVT.L/UU.L,2021-11-03,2.64657695747771,-11.812673556490154,-1.8429039739194149
SVT.L/UU.L,2021-11-04,2.646148289884228,-9.313787905448862,-1.6813399115417684
SVT.L/UU.L,2021-11-05,2.6444555752223393,-44.88607678961807,-2.66701196605588
SVT.L/UU.L,2021-11-08,2.6429108716502636,-41.00024085666428,-2.3814810750292197
SVT.L/UU.L,2021-11-09,2.6413764205700097,-41.39657805061279,-2.2893101639350832
SVT.L/UU.L,2021-11-10,2.6400257805411824,-35.46824810743101,-2.048541666278263
SVT.L/UU.L,2021-11-11,2.6399401763929404,0.1895594002889993,-0.9434934630375752
SVT.L/UU.L,2021-11-12,2.639862951756513,0.4338776589047484,-0.9053065250196376
SVT.L/UU.L,2021-11-15,2.6396515662637756,-3.3726367356734954,-0.9905560902689786
SVT.L/UU.L,2021-11-16,2.639358503194937,-5.82971727888571,-1.0317147708682295
SVT.L/UU.L,2021-11-17,2.639120210968658,-4.262652399156195,-0.9511493380183998
SVT.L/UU.L,2021-11-18,2.63932903738086,8.615653473018483,-0.5328492508422729
SVT.L/UU.L,2021-11-19,2.6399731128487502,21.186898471174118,-0.1344119792752517
SVT.L/UU.L,2021-11-22,2.639674741037475,-5.957454065848651,-0.9457614447922484
SVT.L/UU.L,2021-11-23,2.6394140811574758,-4.838223288456447,-0.8942925491286781
SVT.L/UU.L,2021-11-24,2.639070922951299,-7.0890887399186795,-0.9327401095321538
SVT.L/UU.L,2021-11-25,2.6398234010704136,23.835066159039343,0.0274984900219764
SVT.L/UU.L,2021-11-26,2.6399888256414483,7.252751688582521,-0.4614175510943225
SVT.L/UU.L,2021-11-29,2.6410452251357555,32.52819310513996,0.33386841492826064
SVT.L/UU.L,2021-11-30,2.641704702673246,21.398500317605794,0.004610672545948698
SVT.L/UU.L,2021-12-01,2.64186728866278,7.251616414738692,-0.41412365938093953
SVT.L/UU.L,2021-12-02,2.6407148198676063,-30.457480267138635,-1.5948019436463154
SVT.L/UU.L,2021-12-03,2.6399638862085824,-18.86483979067998,-1.1802155673819634
SVT.L/UU.L,2021-12-06,2.63872507920536,-32.46868532352573,-1.57181287480875
SVT.L/UU.L,2021-12-07,2.63722774638622,-39.539692698226645,-1.7410901814671997
SVT.L/UU.L,2021-12-08,2.6361202760531897,-28.466042426784497,-1.3429369479749258
SVT.L/UU.L,2021-12-09,2.634853445091016,-32.803364620646335,-1.4535969255323788
SVT.L/UU.L,2021-12-10,2.633810201857357,-26.646471426393873,-1.2132685194459274
SVT.L/UU.L,2021-12-13,2.632297167891648,-39.60915858947601,-1.6006940753103662
SVT.L/UU.L,2021-12-14,2.6315346575311853,-19.06360682837385,-0.8799552326771778
SVT.L/UU.L,2021-12-15,2.6311326143322162,-8.788551514069695,-0.4878390663207739
SVT.L/UU.L,2021-12-16,2.632184377225189,33.26309137305316,1.1232478310631215
SVT.L/UU.L,2021-12-17,2.633055667858436,27.732648715268624,0.9301622295509101
SVT.L/UU.L,2021-12-20,2.633671234826963,20.3849441653756,0.6643369968734205
SVT.L/UU.L,2021-12-21,2.634355837985394,22.359655118983028,0.7332761953944623
SVT.L/UU.L,2021-12-22,2.636189604836514,55.99372748497353,2.0269535685967166
SVT.L/UU.L,2021-12-23,2.638176564398531,60.25973660438967,2.1591476784468195
SVT.L/UU.L,2021-12-24,2.6404278237258554,68.29147204120318,2.3823872155350343
SVT.L/UU.L,2021-12-29,2.6424343965953745,60.44678068910571,2.02606179436737
SVT.L/UU.L,2021-12-30,2.644428850987767,60.67955197329411,1.980109873818002
SVT.L/UU.L,2021-12-31,2.6465625061403504,65.17801365171135,2.079101392269598
SVT.L/UU.L,2022-01-04,2.6481439169539573,48.86818616997152,1.4916457739285915
SVT.L/UU.L,2022-01-05,2.6500007074879584,57.34731276952607,1.7112546369673076
SVT.L/UU.L,2022-01-06,2.6525156912086887,77.43301406671571,2.2470262686701563
SVT.L/UU.L,2022-01-07,2.6550313937902126,77.68028474590983,2.1391455144924527
SVT.L/UU.L,2022-01-10,2.656908844549774,59.2464139785493,1.5286950501624086
SVT.L/UU.L,2022-01-11,2.6588010695065316,59.870909124951595,1.509461840683939
SVT.L/UU.L,2022-01-12,2.660068876845422,40.90610090605105,0.9213879244735159
SVT.L/UU.L,2022-01-13,2.6614755669381926,44.78787599061161,1.0097087841966197
SVT.L/UU.L,2022-01-14,2.663156362891502,52.37884867590128,1.1995738119304746
SVT.L/UU.L,2022-01-17,2.6649730027284004,56.43117115961468,1.2757991952604857
SVT.L/UU.L,2022-01-18,2.666903632583775,59.70400888238464,1.3241468798955058
SVT.L/UU.L,2022-01-19,2.6688414265155096,59.63143805814161,1.2837911907746806
SVT.L/UU.L,2022-01-20,2.6705957189999237,54.08965664654761,1.1008224073400992
SVT.L/UU.L,2022-01-21,2.6721275512328884,47.825108785868,0.9092820232262385
SVT.L/UU.L,2022-01-24,2.6738479678000973,53.694764941204085,1.0381807146585609
SVT.L/UU.L,2022-01-25,2.674504230555242,22.04995564695082,0.17963693079589085
SVT.L/UU.L,2022-01-26,2.675776549231853,40.35394926425806,0.6507442234672821
SVT.L/UU.L,2022-01-27,2.6770299503469306,39.20366848065805,0.5959102164777693
SVT.L/UU.L,2022-01-28,2.6774585181351376,15.113047426074445,-0.07550011602861129
SVT.L/UU.L,2022-01-31,2.6778716939881395,14.750817362405996,-0.09812960303150424
SVT.L/UU.L,2022-02-01,2.677938134328743,4.535893435116577,-0.3876713220308247
SVT.L/UU.L,2022-02-02,2.6789541081081634,32.044227775772924,0.34736402306708125
SVT.L/UU.L,2022-02-03,2.6796303906846917,22.575527381241045,0.04943739382877263
SVT.L/UU.L,2022-02-04,2.6814249153936163,57.01041940229152,1.0268866044325993
SVT.L/UU.L,2022-02-07,2.682195665952616,25.977126844577015,0.07432971384449082
SVT.L/UU.L,2022-02-08,2.6826654700727577,16.66369913156268,-0.21963884367839662
SVT.L/UU.L,2022-02-09,2.683075512392769,14.730206644715054,-0.28736757545988517
SVT.L/UU.L,2022-02-10,2.6837549935080784,22.556418739699893,-0.059951921229889245
SVT.L/UU.L,2022-02-11,2.6841914535470934,15.371778211942,-0.29564317434791565
SVT.L/UU.L,2022-02-14,2.6849721921088134,25.896600558114642,0.01729093776011177
SVT.L/UU.L,2022-02-15,2.68515258832403,7.94897920891799,-0.5464607175927176
SVT.L/UU.L,2022-02-16,2.6854674223578083,11.897392455239697,-0.4169302269383299
SVT.L/UU.L,2022-02-17,2.6856532507140924,8.107608955561773,-0.5463577118691645
SVT.L/UU.L,2022-02-18,2.68558636555677,0.6552605744627726,-0.7865154846859554
SVT.L/UU.L,2022-02-21,2.68530525217391,-5.637697675208983,-0.9872215403884228
SVT.L/UU.L,2022-02-22,2.6854400999384644,6.665434761560846,-0.5867380982980738
SVT.L/UU.L,2022-02-23,2.685466581712765,3.3959433327381703,-0.6870695863003442
SVT.L/UU.L,2022-02-24,2.685384189712673,0.09354423263948775,-0.7705610194436913
SVT.L/UU.L,2022-02-25,2.6845014046142968,-23.30595124987076,-1.4545935584716378
SVT.L/UU.L,2022-02-28,2.6841429074865175,-7.6857112611401135,-0.960027781483161
SVT.L/UU.L,2022-03-01,2.68391311918912,-3.939078217298629,-0.8740496238141753
SVT.L/UU.L,2022-03-02,2.683839121401812,0.45959258917127954,-0.7550046801314967
SVT.L/UU.L,2022-03-03,2.6850737032588423,38.9724289405176,0.4330235365913562
SVT.L/UU.L,2022-03-04,2.6864964863949505,44.43643948029376,0.5858843183285775
SVT.L/UU.L,2022-03-07,2.6883728867050434,57.77905827621498,1.0078822021137361
SVT.L/UU.L,2022-03-08,2.6885586047851584,8.08811180013663,-0.7480129697144046
SVT.L/UU.L,2022-03-09,2.6883648333093833,-2.950996757746907,-1.1814749415711883
SVT.L/UU.L,2022-03-10,2.688137317464557,-3.952468221435538,-1.2941400533297445
SVT.L/UU.L,2022-03-11,2.6879252633612816,-3.6314087946502696,-1.3124871898192068
SVT.L/UU.L,2022-03-14,2.688009669978988,5.0743327414134,-0.9966635098635312
SVT.L/UU.L,2022-03-15,2.688122008895617,5.823321203087744,-0.9423486291957993
SVT.L/UU.L,2022-03-16,2.688858737879309,24.267590203576674,-0.22522986231247805
SVT.L/UU.L,2022-03-17,2.690013201651108,35.8892314178579,0.21516350676376056
SVT.L/UU.L,2022-03-18,2.6904871602949028,16.136314880303416,-0.5457246727382842
SVT.L/UU.L,2022-03-21,2.6918154821425766,40.79152550835306,0.42133382024239524
SVT.L/UU.L,2022-03-22,2.692748809537359,29.457918087809503,-0.0004510479992985986
SVT.L/UU.L,2022-03-23,2.694619338334533,58.410479249654145,1.1587387310548325
SVT.L/UU.L,2022-03-24,2.6963555100978844,53.339421859172035,0.9666858653556537
SVT.L/UU.L,2022-03-25,2.6983272271207235,60.22557310254251,1.2430728564476912
SVT.L/UU.L,2022-03-28,2.6998617719553097,46.627909695006565,0.7208541782880333
SVT.L/UU.L,2022-03-29,2.7008690007385416,31.461605223274546,0.11765263407208065
SVT.L/UU.L,2022-03-30,2.701726118058591,26.60228119354042,-0.06050908767392289
SVT.L/UU.L,2022-03-31,2.703025624983027,38.80593760518241,0.48707262750231617
SVT.L/UU.L,2022-04-01,2.7042940006139546,38.14094712238375,0.5063391662229811
SVT.L/UU.L,2022-04-04,2.705908830063029,47.78305237583709,0.9538847932527053
SVT.L/UU.L,2022-04-05,2.7071347224064684,35.86149357393015,0.4436461574555788
SVT.L/UU.L,2022-04-06,2.7079801951277473,25.465149166749143,-0.020708434952023756
SVT.L/UU.L,2022-04-07,2.7080676553511767,5.002689262126751,-0.9300002583083214
SVT.L/UU.L,2022-04-08,2.707020773716928,-26.23895055739922,-2.2334128546159353
SVT.L/UU.L,2022-04-11,2.705841328734716,-30.807439776746833,-2.3028964610974847
SVT.L/UU.L,2022-04-12,2.704967906741817,-22.181082210481236,-1.856593277558775
SVT.L/UU.L,2022-04-13,2.704659946455477,-6.1562593148487395,-1.1370062980856948
SVT.L/UU.L,2022-04-14,2.7047298844202645,4.616132955198282,-0.6433949185519142
SVT.L/UU.L,2022-04-19,2.70531516955412,19.727901367316463,0.04444587950398509
SVT.L/UU.L,2022-04-20,2.7059050085244496,19.72178648867657,0.07100713053869077
SVT.L/UU.L,2022-04-21,2.705424958226792,-11.327490875997682,-1.3033338439019013
SVT.L/UU.L,2022-04-22,2.705228587501741,-3.0576082576176304,-0.9001781120631247
SVT.L/UU.L,2022-04-25,2.704799769972976,-9.729782025989607,-1.1610800995537962
SVT.L/UU.L,2022-04-26,2.7047166058725804,0.25703052804055915,-0.6976091931223791
SVT.L/UU.L,2022-04-27,2.705363205819697,20.83351543522531,0.21980409422383784
SVT.L/UU.L,2022-04-28,2.705888671744293,17.40825613906054,0.05689363819462585
SVT.L/UU.L,2022-04-29,2.7068744303254917,30.771917384126482,0.6582088493405747
SVT.L/UU.L,2022-05-03,2.707768838034369,28.784089245003088,0.5631270182711766
SVT.L/UU.L,2022-05-04,2.708629266793162,28.15005873856535,0.5714093555355819
SVT.L/UU.L,2022-05-05,2.7096095821483397,31.09847937248969,0.701614422947307
SVT.L/UU.L,2022-05-06,2.7107254883087673,36.23958042581717,0.9161414489667242
SVT.L/UU.L,2022-05-09,2.7117900344922377,35.038933784240726,0.8408004703181019
SVT.L/UU.L,2022-05-10,2.712588996414896,26.579491283579046,0.4537462246411945
SVT.L/UU.L,2022-05-11,2.7147257065179033,66.09940807279963,2.1181332644906643
SVT.L/UU.L,2022-05-12,2.716099416637909,43.64208895578531,1.1175167487455586
SVT.L/UU.L,2022-05-13,2.717436645424457,41.617543007049335,0.9989595939001723
SVT.L/UU.L,2022-05-16,2.719636906186178,66.51395545906507,1.9580772305386043
SVT.L/UU.L,2022-05-17,2.720942321903674,40.1733765592312,0.842843573132098
SVT.L/UU.L,2022-05-18,2.721638915329353,22.484619436006597,0.09994936066202602
SVT.L/UU.L,2022-05-19,2.7221573194163367,17.69701981376602,-0.11546369268408878
SVT.L/UU.L,2022-05-20,2.7233114105951133,36.02696708793155,0.6299672606199691
SVT.L/UU.L,2022-05-23,2.72539426044771,62.984456169240275,1.6802995150859865
SVT.L/UU.L,2022-05-24,2.7270966121978186,51.72300212944492,1.177931143368467
SVT.L/UU.L,2022-05-25,2.728236264798421,36.20017034300008,0.5201790756211825
SVT.L/UU.L,2022-05-26,2.731427300155515,103.25201705777272,3.031145209678349
SVT.L/UU.L,2022-05-27,2.7340616851010924,84.88203608869844,2.1862371089532147
SVT.L/UU.L,2022-05-30,2.7372454061113562,101.31655261966353,2.6024489272147027
SVT.L/UU.L,2022-05-31,2.7377754603757283,18.810196300951247,-0.34665921956604717
SVT.L/UU.L,2022-06-01,2.737280003925168,-12.745705792473018,-1.4236796516834538
SVT.L/UU.L,2022-06-06,2.737635021486432,13.52589872876888,-0.47238071382635255
SVT.L/UU.L,2022-06-07,2.7383415820446566,24.188483640838058,-0.1022400320279174
SVT.L/UU.L,2022-06-08,2.7390834504346504,25.25491588966588,-0.08171336198008898
SVT.L/UU.L,2022-06-09,2.7404607884582908,44.630976227921565,0.5941277425148641
SVT.L/UU.L,2022-06-10,2.7409657828393903,17.930286135243932,-0.3960048018575951
SVT.L/UU.L,2022-06-13,2.740827868920013,-1.510498564523914,-1.1033254855708345
SVT.L/UU.L,2022-06-14,2.7404447303800215,-9.167857352279952,-1.3610397024705552
SVT.L/UU.L,2022-06-15,2.7405726787648703,6.4704608276611,-0.778633651722222
SVT.L/UU.L,2022-06-16,2.7404602612853903,-0.7703312938724594,-1.0098001852357426
SVT.L/UU.L,2022-06-17,2.7402789677517854,-2.8373117076221206,-1.0635104351304507
SVT.L/UU.L,2022-06-20,2.739322883321746,-26.46180190493942,-1.8130527527768898
SVT.L/UU.L,2022-06-21,2.738720548845909,-15.900537557337884,-1.3978185155777862
SVT.L/UU.L,2022-06-22,2.737177056155669,-44.650679364870484,-2.2389715627586884
SVT.L/UU.L,2022-06-23,2.737893010641107,25.26500240362975,0.07372775485324516
SVT.L/UU.L,2022-06-24,2.7383939823286383,17.90177461344456,-0.14873328155716053
SVT.L/UU.L,2022-06-27,2.7389235927496456,18.373420272943804,-0.11776467547672746
SVT.L/UU.L,2022-06-28,2.7366973228685194,-64.18297399436733,-2.6715111413070796
SVT.L/UU.L,2022-06-29,2.7344976760789765,-61.98402987965483,-2.423313706418083
SVT.L/UU.L,2022-06-30,2.732168710205357,-67.50730076956643,-2.4127756269014045
SVT.L/UU.L,2022-07-01,2.7309276945273924,-34.66415128478411,-1.4198613412231254
SVT.L/UU.L,2022-07-04,2.73034569268396,-14.754740217110793,-0.8313024775867295
SVT.L/UU.L,2022-07-05,2.729268667249358,-29.531392452096043,-1.2050842748828852
SVT.L/UU.L,2022-07-06,2.728116528045777,-31.711851424994165,-1.2243473758927614
SVT.L/UU.L,2022-07-07,2.7272569473653268,-23.028668246907728,-0.9647600817305336
SVT.L/UU.L,2022-07-08,2.7263526964455167,-24.56662136930663,-1.0083800601666462
SVT.L/UU.L,2022-07-11,2.7255947734171215,-19.67804459377112,-0.884391994943795
SVT.L/UU.L,2022-07-12,2.7251608992562373,-10.045936362728753,-0.6277708531104829
SVT.L/UU.L,2022-07-13,2.7245288970744537,-15.723965874605256,-0.7780140910318293
SVT.L/UU.L,2022-07-14,2.724220265381775,-6.313424436831156,-0.512730186881308
SVT.L/UU.L,2022-07-15,2.724373799714127,7.210170369140087,-0.13506848118938822
SVT.L/UU.L,2022-07-18,2.7237176370116383,-16.531547165987377,-0.7679234718385692
SVT.L/UU.L,2022-07-19,2.723416929693482,-6.129526639709638,-0.4861453612036838
SVT.L/UU.L,2022-07-20,2.7228612902563025,-13.401541938927494,-0.6790255124428053
SVT.L/UU.L,2022-07-21,2.7224403537223867,-9.491723873429237,-0.5722556896098775
SVT.L/UU.L,2022-07-22,2.722275532577048,-2.0494996945981256,-0.3675503163950483
SVT.L/UU.L,2022-07-25,2.72180183809699,-10.94764366027266,-0.5948395896215865
SVT.L/UU.L,2022-07-26,2.7212861187386777,-12.082987673896241,-0.6105928187773506
SVT.L/UU.L,2022-07-27,2.7209566699967085,-6.925758361490352,-0.45368997513262926
SVT.L/UU.L,2022-07-28,2.7207238460342604,-4.0514912832254595,-0.3610111792018879
SVT.L/UU.L,2022-07-29,2.7201096290407354,-14.693891646216343,-0.6307942823666826
SVT.L/UU.L,2022-08-01,2.7188987177790906,-31.376326323384546,-1.0498096745587016
SVT.L/UU.L,2022-08-02,2.717876527075067,-25.7484709219234,-0.8685544820794215
SVT.L/UU.L,2022-08-03,2.7171255361248945,-18.472756749019936,-0.6489590008596421
SVT.L/UU.L,2022-08-04,2.7161739070925845,-23.930153026311928,-0.7719866459135374
SVT.L/UU.L,2022-08-05,2.715504796816241,-16.39472124426402,-0.5431966358541415
SVT.L/UU.L,2022-08-08,2.7143608353489284,-29.75755797766078,-0.8815371022086029
SVT.L/UU.L,2022-08-09,2.7134136480144635,-24.070638063531078,-0.6980811421395893
SVT.L/UU.L,2022-08-10,2.71165668470212,-46.54863906687751,-1.2911130173987324
SVT.L/UU.L,2022-08-11,2.7098583394095184,-48.204460661975645,-1.2926061824511392
SVT.L/UU.L,2022-08-12,2.707616606838973,-60.57517317067368,-1.5745368554899584
SVT.L/UU.L,2022-08-15,2.7051053682431734,-67.97842676091432,-1.7013533228363134
SVT.L/UU.L,2022-08-16,2.7027624073659315,-62.96797820285792,-1.5071065809883497
SVT.L/UU.L,2022-08-17,2.6989871998514054,-103.06233346713907,-2.4512158061849263
SVT.L/UU.L,2022-08-18,2.6949409985006225,-110.30897383437423,-2.4857696419098643
SVT.L/UU.L,2022-08-19,2.6919714143086373,-81.34917198964467,-1.6816436769520473
SVT.L/UU.L,2022-08-22,2.6888734096458813,-84.65145067037793,-1.7776827692773969
SVT.L/UU.L,2022-08-23,2.686637419315277,-61.72369958026593,-1.1701229423674817
SVT.L/UU.L,2022-08-24,2.6847862937031137,-51.165829384211065,-0.8915025305501559
SVT.L/UU.L,2022-08-25,2.6831420292231645,-46.030899447849606,-0.70596916694291
SVT.L/UU.L,2022-08-26,2.680991244773492,-61.2548673238025,-1.1448246633787444
SVT.L/UU.L,2022-08-30,2.6792246394194774,-50.77288600058819,-0.7923383707920478
SVT.L/UU.L,2022-08-31,2.677764942034482,-41.79496341897266,-0.4875022694654629
SVT.L/UU.L,2022-09-01,2.676055208629269,-49.58328546642724,-0.7088062924461732
SVT.L/UU.L,2022-09-02,2.6740381094352292,-57.89525867332031,-0.9617302536993152
SVT.L/UU.L,2022-09-05,2.672180597747312,-52.932754076870424,-0.7676331663063868
SVT.L/UU.L,2022-09-06,2.670354678802427,-51.98123439323717,-0.7091241894854684
SVT.L/UU.L,2022-09-07,2.668514051428262,-52.67472907107731,-0.708568098015456
SVT.L/UU.L,2022-09-08,2.6667686049106702,-50.49794690358476,-0.6081383045864072
SVT.L/UU.L,2022-09-09,2.664982709472212,-50.94342298227639,-0.5992667159291031
SVT.L/UU.L,2022-09-12,2.6627737095918453,-62.169284843297646,-0.9621353261369345
SVT.L/UU.L,2022-09-13,2.66050118113067,-64.42305848734713,-1.0111248736256329
SVT.L/UU.L,2022-09-14,2.657875568810802,-77.21317148198114,-1.4045901419812776
SVT.L/UU.L,2022-09-15,2.6550044658723535,-85.34089232042925,-1.6248884470373302
SVT.L/UU.L,2022-09-16,2.652021539278743,-88.22366930072576,-1.6834004397171993
SVT.L/UU.L,2022-09-20,2.6502508507621565,-52.55641560490585,-0.43367525336828366
SVT.L/UU.L,2022-09-21,2.648142431241417,-61.788044713829095,-0.7381080817030768
SVT.L/UU.L,2022-09-22,2.6465149472531735,-48.73258529169061,-0.27039779051458696
SVT.L/UU.L,2022-09-23,2.644856889448622,-49.75662832729631,-0.3169479037315348
SVT.L/UU.L,2022-09-26,2.640395487340479,-138.06739670142724,-3.232943157619187
SVT.L/UU.L,2022-09-27,2.6396836391990104,-21.954765013138513,0.6800898920468147
SVT.L/UU.L,2022-09-28,2.639683405798433,2.603617044429029,1.479525617274668
SVT.L/UU.L,2022-09-29,2.6397873612105776,6.1588280043802115,1.5473607599247523
SVT.L/UU.L,2022-09-30,2.6399695938908696,8.738553834844424,1.5760183830547279
SVT.L/UU.L,2022-10-03,2.6406381850649514,24.656065247117567,1.9928062331464638
SVT.L/UU.L,2022-10-04,2.6419856605236047,46.38584774922947,2.4885862961049003
SVT.L/UU.L,2022-10-05,2.6431563810646903,41.52230513012955,2.2215283034051447
SVT.L/UU.L,2022-10-06,2.6445111577054083,48.1561662343438,2.282918999729237
SVT.L/UU.L,2022-10-07,2.645479212546915,34.929277712872135,1.8519706137774634
SVT.L/UU.L,2022-10-10,2.6461503154708947,25.2893778300936,1.5601258589996578
SVT.L/UU.L,2022-10-11,2.6471753508724274,37.399517229377125,1.8240246658696149
SVT.L/UU.L,2022-10-12,2.6476949466965274,20.292391221638354,1.3565402661024235
SVT.L/UU.L,2022-10-13,2.6489558957235517,44.90237111311353,1.8953268711365105
SVT.L/UU.L,2022-10-14,2.6499520792293185,34.973701196894126,1.601772566725986
SVT.L/UU.L,2022-10-17,2.6507772260645575,28.148314564449265,1.4040086593764554
SVT.L/UU.L,2022-10-18,2.6493144770994275,-41.13383021720574,-0.20257571077996678
SVT.L/UU.L,2022-10-19,2.6480882516179123,-34.88077606817524,-0.046435880440356306
SVT.L/UU.L,2022-10-20,2.647435848761802,-17.556724694469267,0.363855686120271
SVT.L/UU.L,2022-10-21,2.6478553286751456,15.542961346613538,1.126116315597209
SVT.L/UU.L,2022-10-24,2.647958226873707,5.685754196133075,0.8891985402555456
SVT.L/UU.L,2022-10-25,2.647925454309153,1.6517872052468192,0.7857746685134466
SVT.L/UU.L,2022-10-26,2.6481865253032457,10.278803137352952,0.9621977054680734
SVT.L/UU.L,2022-10-27,2.64835633521597,7.522812915105533,0.8801449793586
SVT.L/UU.L,2022-10-28,2.649034145040684,22.210402291670107,1.186880113063224
SVT.L/UU.L,2022-10-31,2.6494356087082522,14.264069023627599,0.9845923230167926
SVT.L/UU.L,2022-11-01,2.649298243992733,-1.3559136345274965,0.6269138926689103
SVT.L/UU.L,2022-11-02,2.6500422231560004,24.068764556252972,1.161925872178142
SVT.L/UU.L,2022-11-03,2.650158898749486,6.028985514706164,0.7483644063968067
SVT.L/UU.L,2022-11-04,2.651001182904641,26.780892633446456,1.1659429365945027
SVT.L/UU.L,2022-11-07,2.6516489942693644,21.158404863418582,1.0112054267169568
SVT.L/UU.L,2022-11-08,2.652249608900706,19.406738536420107,0.9419006780011225
SVT.L/UU.L,2022-11-09,2.652847207727076,19.252892252737638,0.9077413517595612
SVT.L/UU.L,2022-11-10,2.6529196209360464,4.5646995740657985,0.5686010510142692
SVT.L/UU.L,2022-11-11,2.6531197322908406,8.127398502457709,0.6204574483399719
SVT.L/UU.L,2022-11-14,2.65386176677037,22.667123297799208,0.9199038798940882
SVT.L/UU.L,2022-11-15,2.6542251143064486,12.699840961731752,0.6662629450407258
SVT.L/UU.L,2022-11-16,2.654438155287426,8.529506095430861,0.5442495550119646
SVT.L/UU.L,2022-11-17,2.6549379695089925,16.7960449937641,0.7132928980619822
SVT.L/UU.L,2022-11-18,2.6550639205906874,6.077983682956983,0.43799597450813177
SVT.L/UU.L,2022-11-21,2.6551437472366137,4.794137354532268,0.3887183775256151
SVT.L/UU.L,2022-11-22,2.65488111396435,-4.626620105150323,0.14146731661703063
SVT.L/UU.L,2022-11-23,2.6547975846608813,0.3408480202406281,0.24346816037263774
SVT.L/UU.L,2022-11-24,2.6530027475658526,-44.88922425561532,-0.863085437738318
SVT.L/UU.L,2022-11-25,2.6527360822134116,-4.639023594274022,0.10504650504108928
SVT.L/UU.L,2022-11-28,2.652314840547796,-9.05311180274748,-0.024340844610755603
SVT.L/UU.L,2022-11-29,2.651986150222486,-6.74251911646752,0.014344520686924976
SVT.L/UU.L,2022-11-30,2.651781478135152,-3.235389319233036,0.08338910112082798
SVT.L/UU.L,2022-12-01,2.6497624890992166,-53.943151076945014,-1.2115265572747222
SVT.L/UU.L,2022-12-02,2.648161774139607,-42.23045466303074,-0.9191907055280955
SVT.L/UU.L,2022-12-05,2.6467558157584805,-36.61039719988685,-0.7859397041941364
SVT.L/UU.L,2022-12-06,2.6459105958810745,-21.512246119198153,-0.4209740281838354
SVT.L/UU.L,2022-12-07,2.64508491865193,-20.91442938912769,-0.4326419234064924
SVT.L/UU.L,2022-12-08,2.6446587245217215,-9.624348036357787,-0.16622973972470753
SVT.L/UU.L,2022-12-09,2.6447735423356518,5.9105402052719,0.23160158982743767
SVT.L/UU.L,2022-12-12,2.6453881042819334,20.568938447317123,0.6362939174376179
SVT.L/UU.L,2022-12-13,2.6451089897763183,-5.418847322225702,-0.18491388251089566
SVT.L/UU.L,2022-12-14,2.645120607192239,2.9453579410769635,0.04387367582970637
SVT.L/UU.L,2022-12-15,2.6452000013536883,4.89234937863057,0.07969272561442309
SVT.L/UU.L,2022-12-16,2.6449985291916023,-3.285707960021682,-0.22168553713363842
SVT.L/UU.L,2022-12-19,2.6443755341398902,-15.597177683229802,-0.9044718074266795
SVT.L/UU.L,2022-12-20,2.644152351811125,-3.9864540462335754,-0.41921854443542966
SVT.L/UU.L,2022-12-21,2.6433044032592643,-22.243573579266467,-1.1854747165276327
SVT.L/UU.L,2022-12-22,2.644304995066164,32.75707738145411,1.1592430325841008
SVT.L/UU.L,2022-12-23,2.645592480484021,41.46321631424371,1.4794142692664014
SVT.L/UU.L,2022-12-28,2.646807734928862,38.86059701312706,1.345971666846263
SVT.L/UU.L,2022-12-29,2.6476675516891484,27.958129263942737,0.9219990234494126
SVT.L/UU.L,2022-12-30,2.6484324322070054,25.503962651859638,0.8410109225019089
SVT.L/UU.L,2023-01-03,2.648713827259556,10.90378208609718,0.2504065131385794
SVT.L/UU.L,2023-01-04,2.6492741703719562,18.584677302136242,0.607356309844157
SVT.L/UU.L,2023-01-05,2.6499152306659135,21.08667550729524,0.7237031191065338
SVT.L/UU.L,2023-01-06,2.650339403062335,14.632522139823323,0.46023688650605726
SVT.L/UU.L,2023-01-09,2.650795008129142,15.81582641296336,0.5184157001578782
SVT.L/UU.L,2023-01-10,2.6512439698370733,15.657142097101769,0.5482345889933329
SVT.L/UU.L,2023-01-11,2.6515795561210895,12.222083372920224,0.4123665352561176
SVT.L/UU.L,2023-01-12,2.6516594937899987,4.893156725825065,0.08335685706135257
SVT.L/UU.L,2023-01-13,2.652021399160074,13.043300479635946,0.4491881875902507
SVT.L/UU.L,2023-01-16,2.6527398224291248,23.50184205020605,0.948014308734669
SVT.L/UU.L,2023-01-17,2.653110327833686,13.280822758143586,0.40100671811326394
SVT.L/UU.L,2023-01-18,2.6538083129782257,23.017368133603213,0.8954544824697592
SVT.L/UU.L,2023-01-19,2.655090020059486,39.527084988686966,1.6766345348472154
SVT.L/UU.L,2023-01-20,2.6554119297419687,11.752429483532069,0.2691738007919024
SVT.L/UU.L,2023-01-23,2.655022208342857,-8.530129027830299,-0.7332709772372872
SVT.L/UU.L,2023-01-24,2.6540832902176152,-24.09528691556943,-1.4598041665800356
SVT.L/UU.L,2023-01-25,2.653035348275911,-26.71328232196447,-1.5259726405237162
SVT.L/UU.L,2023-01-26,2.6528835941738422,-1.6719127305505026,-0.2989590670723427
SVT.L/UU.L,2023-01-27,2.6522613573296274,-14.89713160691008,-0.9238545766533413
SVT.L/UU.L,2023-01-30,2.6517884950110435,-10.742104972420748,-0.6980857760919301
SVT.L/UU.L,2023-01-31,2.6520560475110653,10.32164646011006,0.3177747504080258
SVT.L/UU.L,2023-02-01,2.651955117627643,-0.3179312991401275,-0.17683897274059987
SVT.L/UU.L,2023-02-02,2.6513252972776997,-15.073227569833307,-0.868610157164399
SVT.L/UU.L,2023-02-03,2.6512721649905644,1.0980039431065052,-0.06356565733481569
SVT.L/UU.L,2023-02-06,2.651152333342781,-0.8178187877401797,-0.1421297246016214
SVT.L/UU.L,2023-02-07,2.651083653909753,0.6504357961721325,-0.0663052900871676
SVT.L/UU.L,2023-02-08,2.651643047259509,18.648573203970955,0.8111184191364299
SVT.L/UU.L,2023-02-09,2.6525511406402447,28.876962681096757,1.3015956400368862
SVT.L/UU.L,2023-02-10,2.653185707980574,21.109867492786634,0.910265758684885
SVT.L/UU.L,2023-02-13,2.6529206431181946,-4.991411141917524,-0.349226502998957
SVT.L/UU.L,2023-02-14,2.6528136522366257,-0.5256079129685531,-0.11835533878249703
SVT.L/UU.L,2023-02-15,2.652917473134533,5.661066330843369,0.18435006274955876
SVT.L/UU.L,2023-02-16,2.6531600915465705,9.846057848938472,0.38435292190538467
SVT.L/UU.L,2023-02-17,2.6537331709729988,19.43459529661186,0.8286964423172462
SVT.L/UU.L,2023-02-20,2.6543791975307425,21.481722236019323,0.9046479585667225
SVT.L/UU.L,2023-02-21,2.6553926651919433,32.34422477786529,1.408504993440373
SVT.L/UU.L,2023-02-22,2.6562913930765775,29.27739838825164,1.2141635962780275
SVT.L/UU.L,2023-02-23,2.657753723400867,46.594171979529165,1.959482112136559
SVT.L/UU.L,2023-02-24,2.659069489747082,42.23042931950067,1.6754405076876977
SVT.L/UU.L,2023-02-27,2.6599511037132406,28.774809487461425,1.015324417894691
SVT.L/UU.L,2023-02-28,2.661258374839219,41.97953829713515,1.6325641089451308
SVT.L/UU.L,2023-03-01,2.662002505736353,25.583565790109787,0.8187430570672867
SVT.L/UU.L,2023-03-02,2.6631730452301303,38.544960132605866,1.4638333807746187
SVT.L/UU.L,2023-03-03,2.6643184207025357,36.86900561844777,1.3374181139644254
SVT.L/UU.L,2023-03-06,2.665367749839002,33.81360642204481,1.1433727272804532
SVT.L/UU.L,2023-03-07,2.6663259253221274,31.171250673942268,0.9677762605366038
SVT.L/UU.L,2023-03-08,2.666749521339854,15.099576497926591,0.08417831077931179
SVT.L/UU.L,2023-03-09,2.666931370495623,7.923512042475522,-0.2958720198449064
SVT.L/UU.L,2023-03-10,2.667347176469406,14.817839314105186,0.06250792201815432
SVT.L/UU.L,2023-03-13,2.6685293510910215,36.87597061136603,1.2333309363460552
SVT.L/UU.L,2023-03-14,2.669358913474944,26.694100497157706,0.6575767428495494
SVT.L/UU.L,2023-03-15,2.6692058713515725,-1.7914409185486875,-0.8952257395079095
SVT.L/UU.L,2023-03-16,2.669371282511017,7.324413307507712,-0.42876956443671455
SVT.L/UU.L,2023-03-17,2.670158286198096,25.526976524258316,0.5621305752915855
SVT.L/UU.L,2023-03-20,2.6710141825352696,27.246074739420237,0.6352556491643987
SVT.L/UU.L,2023-03-21,2.671665802881384,21.630373940529807,0.321350312527891
SVT.L/UU.L,2023-03-22,2.672074324374862,14.559938584874999,-0.06823505087584038
SVT.L/UU.L,2023-03-23,2.672681780742848,20.18466494481072,0.29124812465168626
SVT.L/UU.L,2023-03-24,2.673800969168249,35.40261075594117,1.199115113226119
SVT.L/UU.L,2023-03-27,2.6749769628535005,37.213543698865124,1.2820503798977383
SVT.L/UU.L,2023-03-28,2.6760014979775435,32.86279574455284,0.993005941696088
SVT.L/UU.L,2023-03-29,2.6772885752706745,40.02979994526004,1.3731949464163657
SVT.L/UU.L,2023-03-30,2.678393755379684,34.42115614927661,1.0251168837859341
SVT.L/UU.L,2023-03-31,2.6796495356355234,38.727485609962514,1.2340478180800758
SVT.L/UU.L,2023-04-03,2.6811817585429667,47.772872268397805,1.6767172524111453
SVT.L/UU.L,2023-04-04,2.682799607115557,49.998894847373776,1.7229112687191237
SVT.L/UU.L,2023-04-05,2.683531891487533,23.361530864135148,0.27142305568826847
SVT.L/UU.L,2023-04-06,2.6845678056063584,31.651879782773904,0.6963140411804843
SVT.L/UU.L,2023-04-11,2.6849809804468245,14.228661579456002,-0.24832283639231748
SVT.L/UU.L,2023-04-12,2.684960928575839,2.052395987446289,-0.8830209515093886
SVT.L/UU.L,2023-04-13,2.6853571139559427,13.819159490762104,-0.25010111691690856
SVT.L/UU.L,2023-04-14,2.685898586206967,18.193350788978478,-0.010273104726092724
SVT.L/UU.L,2023-04-17,2.6864529803674384,18.53855574628369,0.02747419515238096
SVT.L/UU.L,2023-04-18,2.6869872933930883,18.02349686458001,-0.006286409606503824
SVT.L/UU.L,2023-04-19,2.6874141301234005,14.975429668961624,-0.19744353418747726
SVT.L/UU.L,2023-04-20,2.6883353485383816,29.214112022317295,0.570737987993447
SVT.L/UU.L,2023-04-21,2.6885526687950954,8.849221270141697,-0.6922629520445727
SVT.L/UU.L,2023-04-24,2.6888850593712905,12.173234777520065,-0.5072862410549459
SVT.L/UU.L,2023-04-25,2.6895149515060344,20.58572924221653,-0.016299818509802454
SVT.L/UU.L,2023-04-26,2.6902564140475262,23.981813185487226,0.17535440754466972
SVT.L/UU.L,2023-04-27,2.6907932601717026,18.135838777784556,-0.23358105470370988
SVT.L/UU.L,2023-04-28,2.6913985664916553,20.09671604623827,-0.12489680099144881
SVT.L/UU.L,2023-05-02,2.6916531470690606,10.02312729378491,-0.9060885616405578
SVT.L/UU.L,2023-05-03,2.692548658940168,28.569666813104504,0.4374125715814051
SVT.L/UU.L,2023-05-04,2.6936112620993744,33.134929855884366,0.7556454408633513
SVT.L/UU.L,2023-05-05,2.6944322748496257,26.127416603173515,0.18811016485969104
SVT.L/UU.L,2023-05-09,2.695190131678965,24.469660316354748,0.049351395174757895
SVT.L/UU.L,2023-05-10,2.6957319472859242,18.282332771872007,-0.42675544793638975
SVT.L/UU.L,2023-05-11,2.6967422969075563,32.12743355827024,0.6531543621188302
SVT.L/UU.L,2023-05-12,2.697606748731888,27.855209139186172,0.285538850401028
SVT.L/UU.L,2023-05-15,2.6981332124242825,18.00105384349399,-0.5744654198947559
SVT.L/UU.L,2023-05-16,2.6986062161060347,16.400209857658865,-0.7406028957965464
SVT.L/UU.L,2023-05-17,2.698866252279232,10.307693027920322,-1.2739406331729446
SVT.L/UU.L,2023-05-18,2.6988224235555434,1.2925157677641437,-1.9694338110930756
SVT.L/UU.L,2023-05-19,2.698858419487804,3.696486191427084,-1.6983773769081265
SVT.L/UU.L,2023-05-22,2.6989044456907365,3.996688630214976,-1.6041118571385593
SVT.L/UU.L,2023-05-23,2.698423530580626,-11.826633260403923,-2.65571735564362
SVT.L/UU.L,2023-05-24,2.698539663384366,6.181279982494289,-1.2547707131089225
SVT.L/UU.L,2023-05-25,2.699131600491997,20.99263752723664,-0.08808239670198745
SVT.L/UU.L,2023-05-26,2.69951765450347,14.518091803826792,-0.5781947968221476
SVT.L/UU.L,2023-05-30,2.700363173511416,28.446095630805758,0.544606416541403
SVT.L/UU.L,2023-05-31,2.7015222359520186,37.85732849601254,1.265607946562773
SVT.L/UU.L,2023-06-01,2.6988389385948808,-77.24272338124865,-5.450399652978857
SVT.L/UU.L,2023-06-02,2.6958036109588903,-87.2257887066512,-4.684440933523518
SVT.L/UU.L,2023-06-05,2.692736079233126,-86.77262285742063,-3.9343281290651695
SVT.L/UU.L,2023-06-06,2.689786029098102,-82.04451976894416,-3.322080110162287
SVT.L/UU.L,2023-06-07,2.687177232986169,-72.80873777015586,-2.7523727658077313
SVT.L/UU.L,2023-06-08,2.684493611191462,-75.51226411102516,-2.624134716691648
SVT.L/UU.L,2023-06-09,2.6816397850818596,-80.49448339828177,-2.5676219892188725
SVT.L/UU.L,2023-06-12,2.678787182000797,-80.48433913528379,-2.396590430672117
SVT.L/UU.L,2023-06-13,2.6758653130294547,-83.92013001274472,-2.3285681376136957
SVT.L/UU.L,2023-06-14,2.673321370236966,-72.6304569021745,-1.9391935400126763
SVT.L/UU.L,2023-06-15,2.6707797978844368,-72.65074935281882,-1.8492521891219713
SVT.L/UU.L,2023-06-16,2.668315215211798,-70.10198348929543,-1.7080984180575274
SVT.L/UU.L,2023-06-19,2.665864373282071,-69.5520912618017,-1.6237215991811542
SVT.L/UU.L,2023-06-20,2.6633617709642246,-70.93876350600885,-1.587972823813293
SVT.L/UU.L,2023-06-21,2.661392443896869,-55.611391101715526,-1.1968170070435697
SVT.L/UU.L,2023-06-22,2.662068173440148,23.277565610851525,0.5866291590836098
SVT.L/UU.L,2023-06-23,2.6627834724640116,24.482689108711384,0.6199158766661683
SVT.L/UU.L,2023-06-26,2.6636425577801504,28.937365865182528,0.7259745461328894
SVT.L/UU.L,2023-06-27,2.6639553021295943,12.075786325983245,0.352046340232666
SVT.L/UU.L,2023-06-28,2.664227140871715,10.807967037544131,0.336740697475449
SVT.L/UU.L,2023-06-29,2.663902097828041,-7.453864030253044,-0.06806068158393423
SVT.L/UU.L,2023-06-30,2.663958208164242,4.36926189385531,0.22105211092935312
SVT.L/UU.L,2023-07-03,2.663928220916757,1.6803557085208922,0.17848142344929518
SVT.L/UU.L,2023-07-04,2.6631256789695392,-22.327373384312523,-0.36654336950618976
SVT.L/UU.L,2023-07-05,2.6620088426109536,-33.041639761087026,-0.6021531994935769
SVT.L/UU.L,2023-07-06,2.65974526659447,-68.18325364201428,-1.3944621181224364
SVT.L/UU.L,2023-07-07,2.657098764961841,-81.20904348445038,-1.6327866013985362
SVT.L/UU.L,2023-07-10,2.6548960639261763,-66.13268687148866,-1.2386834020687587
SVT.L/UU.L,2023-07-11,2.6528985471790207,-59.87501141664643,-1.0591116427632596
SVT.L/UU.L,2023-07-12,2.6508400707947204,-60.42214915509794,-1.0366972466095894
SVT.L/UU.L,2023-07-13,2.6486948594699493,-62.7347227622613,-1.0536509626454167
SVT.L/UU.L,2023-07-14,2.6465189761263668,-63.718338679731914,-1.0407062773740514
SVT.L/UU.L,2023-07-17,2.6442882627646305,-65.18118486289359,-1.038698233808535
SVT.L/UU.L,2023-07-18,2.6419560402258453,-67.88428078325842,-1.063496640195886
SVT.L/UU.L,2023-07-19,2.639329305900081,-73.79971823534925,-1.1564416933903192
SVT.L/UU.L,2023-07-20,2.6368075903894526,-70.43666268679635,-1.0459573539630003
SVT.L/UU.L,2023-07-21,2.6346547033468113,-59.48381145210669,-0.7753448169198884
SVT.L/UU.L,2023-07-24,2.631929003206831,-75.58129045684154,-1.096855546542854
SVT.L/UU.L,2023-07-25,2.6296740018826936,-62.55276482608497,-0.779159578224539
SVT.L/UU.L,2023-07-26,2.627212744737379,-68.21942951856272,-0.8757967239147368
SVT.L/UU.L,2023-07-27,2.6244984643632163,-75.35572759712977,-1.0019019100701427
SVT.L/UU.L,2023-07-28,2.622113578036369,-66.6940870561416,-0.7803177358769142
SVT.L/UU.L,2023-07-31,2.6198500158970712,-63.10824701521278,-0.6731591590654776
SVT.L/UU.L,2023-08-01,2.6172538440829705,-73.07910364914824,-0.8727437288431957
SVT.L/UU.L,2023-08-02,2.6152874474736034,-55.886164791905685,-0.449834925861354
SVT.L/UU.L,2023-08-03,2.613334371678955,-56.143372666083906,-0.43230680952706346
SVT.L/UU.L,2023-08-04,2.611342058650084,-56.51293261278124,-0.41542623585139526
SVT.L/UU.L,2023-08-07,2.6091144446915417,-63.59037974439207,-0.5627425647297836
SVT.L/UU.L,2023-08-08,2.606800828908618,-65.98476645501842,-0.5969770845110379
SVT.L/UU.L,2023-08-09,2.60340879365221,-99.77216233938725,-1.4068405509227901
SVT.L/UU.L,2023-08-10,2.600521311770714,-83.03937677544855,-0.9511051994720543
SVT.L/UU.L,2023-08-11,2.597630455849516,-84.34221577881135,-0.9525555356987774
SVT.L/UU.L,2023-08-14,2.5949761754113867,-77.43043245556919,-0.747461304901416
SVT.L/UU.L,2023-08-15,2.5927195645310745,-66.62435441710022,-0.44229851568087364
SVT.L/UU.L,2023-08-16,2.590713017062133,-59.40428680312061,-0.23272914420862792
SVT.L/UU.L,2023-08-17,2.589214325840305,-43.91253129311826,0.2058052666409619
SVT.L/UU.L,2023-08-18,2.5875760723183183,-48.39330536175112,0.11961349650006829
SVT.L/UU.L,2023-08-21,2.586296120116735,-37.65179560790193,0.4593298386474311
SVT.L/UU.L,2023-08-22,2.5849701961395803,-38.76149441754296,0.48272389818336314
SVT.L/UU.L,2023-08-23,2.584327951877173,-17.119942537233328,1.2405165826946905
SVT.L/UU.L,2023-08-24,2.584032937210217,-6.368197439206142,1.5244956994941463
SVT.L/UU.L,2023-08-25,2.583637319744472,-9.416335392552355,1.3766571606502638
SVT.L/UU.L,2023-08-29,2.582881085070185,-19.846729043622872,1.0135234047862025
SVT.L/UU.L,2023-08-30,2.582343196721167,-13.349606406904968,1.177394804974795
SVT.L/UU.L,2023-08-31,2.5807632640813583,-43.888753178442585,0.20337095179595682
SVT.L/UU.L,2023-09-01,2.579861038804225,-24.362930391440386,0.7923892892218248
SVT.L/UU.L,2023-09-04,2.579017464214296,-22.579240965950248,0.8202390639857818
SVT.L/UU.L,2023-09-05,2.577970206987793,-28.767797681623506,0.600744833596606
SVT.L/UU.L,2023-09-06,2.5771823137365595,-20.985639453331714,0.8196094709909547
SVT.L/UU.L,2023-09-07,2.5763099439817556,-23.001177839506454,0.729695523027472
SVT.L/UU.L,2023-09-08,2.5752224341927916,-29.05251738998504,0.5147009327683238
SVT.L/UU.L,2023-09-11,2.5733529372073223,-50.9312928497493,-0.2003834660481497
SVT.L/UU.L,2023-09-12,2.572083676910622,-34.28752174646888,0.3203088633926667
SVT.L/UU.L,2023-09-13,2.570736303572499,-36.91678608784696,0.21780442762656618
SVT.L/UU.L,2023-09-14,2.569641923955521,-28.342145753119894,0.4829187486079562
SVT.L/UU.L,2023-09-15,2.56796090816894,-44.885729932594586,-0.021282331426467724
SVT.L/UU.L,2023-09-18,2.5659412116719507,-55.196205697649475,-0.3437164202491884
SVT.L/UU.L,2023-09-19,2.5633092445228542,-72.7073224111773,-0.9632593982526211
SVT.L/UU.L,2023-09-20,2.5607336364258084,-69.8239867295606,-0.8346814541294042
SVT.L/UU.L,2023-09-21,2.557674124226961,-84.3214684676359,-1.3884761466856077
SVT.L/UU.L,2023-09-22,2.554790528355591,-80.08460403842673,-1.183810093681938
SVT.L/UU.L,2023-09-25,2.550372081577207,-125.65779402275075,-2.8909063188783426
SVT.L/UU.L,2023-09-26,2.5466019888981792,-106.98851431818184,-2.0806427084257515
SVT.L/UU.L,2023-09-27,2.543351003221568,-94.32364432001714,-1.5142970461270238
SVT.L/UU.L,2023-09-28,2.5416381948646314,-50.3319792491493,0.2661417176088091
SVT.L/UU.L,2023-09-29,2.5400835227647915,-43.41446577469105,0.5289620327599565
SVT.L/UU.L,2023-10-02,2.537848118300041,-63.358843113880084,-0.2917273915626244
SVT.L/UU.L,2023-10-03,2.536343837069881,-43.590458627939825,0.4982096523414083
SVT.L/UU.L,2023-10-04,2.5343022406991325,-59.44497302027639,-0.14772927382498227
SVT.L/UU.L,2023-10-05,2.5323721151191547,-55.10201643609571,0.02553286353144171
SVT.L/UU.L,2023-10-06,2.530477795945656,-53.878219936059395,0.0694191982100902
SVT.L/UU.L,2023-10-09,2.528661504590799,-51.28710738216705,0.16671516144935672
SVT.L/UU.L,2023-10-10,2.5273402558185243,-35.66942013697553,0.7806880560385236
SVT.L/UU.L,2023-10-11,2.525896674479964,-38.64142229487834,0.6394003402650282
SVT.L/UU.L,2023-10-12,2.5239792769599303,-51.9090339496056,0.08654097085155266
SVT.L/UU.L,2023-10-13,2.521251262074116,-73.61232999484446,-0.795608695751727
SVT.L/UU.L,2023-10-16,2.519299402726818,-51.060818497119726,0.11742947795248208
SVT.L/UU.L,2023-10-17,2.5172147488711345,-54.36250919880149,-0.031742297566782145
SVT.L/UU.L,2023-10-18,2.5149686601744365,-58.846680112521426,-0.21841124328893838
SVT.L/UU.L,2023-10-19,2.513458736926185,-39.58440018091051,0.5531330568725723
SVT.L/UU.L,2023-10-20,2.5106552311122843,-75.28393998890851,-0.9134284415457427
SVT.L/UU.L,2023-10-23,2.509618628880915,-26.661636842187818,1.0493386926137418
SVT.L/UU.L,2023-10-24,2.5083783349859488,-31.617086531834047,0.8222806746081571
SVT.L/UU.L,2023-10-25,2.5065564556001085,-47.503454664490164,0.16053365437962516
SVT.L/UU.L,2023-10-26,2.5052055604542165,-34.40274512342285,0.6789522955513501
SVT.L/UU.L,2023-10-27,2.503919628742162,-32.79748180819024,0.7254422687741305
SVT.L/UU.L,2023-10-30,2.5031183538215696,-19.48066246754479,1.224981594699853
SVT.L/UU.L,2023-10-31,2.502860056378985,-4.495440843916185,1.7427559644397568
SVT.L/UU.L,2023-11-01,2.5020176748584215,-20.12867948291887,1.0945030180359088
SVT.L/UU.L,2023-11-02,2.500627942288178,-35.3425739386239,0.47789645552632826
SVT.L/UU.L,2023-11-03,2.5002254650802116,-8.443360687456789,1.505496093178607
SVT.L/UU.L,2023-11-06,2.499594730487689,-15.008954815355537,1.2057071060400681
SVT.L/UU.L,2023-11-07,2.4990655900068472,-12.196895178861723,1.2765952257330793
SVT.L/UU.L,2023-11-08,2.4982441233357444,-20.5672266253805,0.9072247636327119
SVT.L/UU.L,2023-11-09,2.4975619809228684,-16.58439256878728,1.0338182587078513
SVT.L/UU.L,2023-11-10,2.4963266679621685,-32.24353044976533,0.3953464788447632
SVT.L/UU.L,2023-11-13,2.494549594589093,-47.2804823688316,-0.20973272453971994
SVT.L/UU.L,2023-11-14,2.493177809740846,-35.463080562566574,0.26370919859448144
SVT.L/UU.L,2023-11-15,2.492058756169314,-28.821660150622847,0.5227557954973436
SVT.L/UU.L,2023-11-16,2.491650274717654,-8.948172535734557,1.3057400112153719
SVT.L/UU.L,2023-11-17,2.491427815370207,-3.6634853853338427,1.5104507031255083
SVT.L/UU.L,2023-11-20,2.490587826164502,-21.295909339517948,0.8246952998196221
SVT.L/UU.L,2023-11-21,2.489484900389238,-28.853249000250344,0.5301775991235881
SVT.L/UU.L,2023-11-22,2.488093086521642,-36.68847961621759,0.23309168880567988
SVT.L/UU.L,2023-11-23,2.486586457307968,-39.666156272353874,0.10904235871248795
SVT.L/UU.L,2023-11-24,2.4847633364288577,-48.25622226181713,-0.2252474050534146
SVT.L/UU.L,2023-11-27,2.483067749303421,-44.89829608965283,-0.07325625221114972
SVT.L/UU.L,2023-11-28,2.481364655711805,-44.82465116169351,-0.05940602093306343
SVT.L/UU.L,2023-11-29,2.478664242407618,-72.36078760650025,-1.1544190214183818
SVT.L/UU.L,2023-11-30,2.4751365965539556,-98.75553724637348,-2.114144166440804
SVT.L/UU.L,2023-12-01,2.472124786900055,-83.9589326621458,-1.4678584400972272
SVT.L/UU.L,2023-12-04,2.469929990900174,-61.66889238280555,-0.587726353122401
SVT.L/UU.L,2023-12-05,2.46796887089736,-54.1838269811351,-0.28329291523905625
SVT.L/UU.L,2023-12-06,2.466216262512303,-47.64638743130217,-0.021088771026713207
SVT.L/UU.L,2023-12-07,2.465962800005123,-4.607597947012891,1.6161107353280102
SVT.L/UU.L,2023-12-08,2.4651482331290353,-20.547657807872838,0.9805134886475873
SVT.L/UU.L,2023-12-11,2.464432012072312,-17.82871629546753,1.051197960795741
SVT.L/UU.L,2023-12-12,2.4632708318886207,-30.825369466734628,0.5378805895576493
SVT.L/UU.L,2023-12-13,2.462080955572937,-31.36373472846617,0.49585320237825053
SVT.L/UU.L,2023-12-14,2.459052207213133,-83.85846292462202,-1.5104666977241894
SVT.L/UU.L,2023-12-15,2.4567908894292447,-63.24147508599253,-0.7417974438890754
SVT.L/UU.L,2023-12-18,2.4551402896052688,-46.09401650367636,-0.14289908202762824
SVT.L/UU.L,2023-12-19,2.453747038188423,-37.94745044096135,0.1651566807641136
SVT.L/UU.L,2023-12-20,2.4527327091903026,-26.69732066238703,0.6566548041573852
SVT.L/UU.L,2023-12-21,2.452958009597268,9.323915242826843,2.2310400732360525
SVT.L/UU.L,2023-12-22,2.452652344135685,-6.462695237078151,1.454041086443848
SVT.L/UU.L,2023-12-27,2.4526300466844075,1.9454346732381964,1.7532901759293742
SVT.L/UU.L,2023-12-28,2.452409078706555,-4.00319700949467,1.4360430469657932
SVT.L/UU.L,2023-12-29,2.4517035179900604,-18.465741134085874,0.7810128749192685
SVT.L/UU.L,2024-01-02,2.451253748005618,-11.004340831881109,1.0692549873270256
SVT.L/UU.L,2024-01-03,2.4502492839183403,-27.43841415050656,0.3393852716398024
SVT.L/UU.L,2024-01-04,2.449358083137779,-23.77138975944945,0.48012537713501346
SVT.L/UU.L,2024-01-05,2.4487187188167874,-16.407686278528217,0.7832266892494826
SVT.L/UU.L,2024-01-08,2.4488260525983176,5.8370963883321565,1.6749053977739425
SVT.L/UU.L,2024-01-09,2.4498701313712163,33.66521922358061,2.6341528357872477
SVT.L/UU.L,2024-01-10,2.451016293835571,36.67892749429757,2.583548638574691
SVT.L/UU.L,2024-01-11,2.4512897600895402,10.895837376541294,1.5282602812468025
SVT.L/UU.L,2024-01-12,2.452160552867757,28.516567176878198,2.078609411291523
SVT.L/UU.L,2024-01-15,2.453144278811863,31.801177113598442,2.0850931984028196
SVT.L/UU.L,2024-01-16,2.4536770830867365,18.308718901110296,1.5388125562331711
SVT.L/UU.L,2024-01-17,2.4539777764614885,11.706784673271613,1.2725294696666065
SVT.L/UU.L,2024-01-18,2.4540473325264536,4.729167560108181,0.9974414068471233
SVT.L/UU.L,2024-01-19,2.4540063757688,1.3632733422177807,0.8546751060941615
SVT.L/UU.L,2024-01-22,2.4535822866275536,-10.035095218072001,0.4356048895777497
SVT.L/UU.L,2024-01-23,2.4532915844240324,-6.058996421755637,0.5582660519004733
SVT.L/UU.L,2024-01-24,2.4526424461449903,-16.79037864239899,0.1718231732197377
SVT.L/UU.L,2024-01-25,2.451968561362525,-17.609397707726657,0.14188880711847623
SVT.L/UU.L,2024-01-26,2.4507257272594174,-33.51047313271465,-0.40125896877810885
SVT.L/UU.L,2024-01-29,2.449777895823577,-25.145438253196062,-0.10347698143233287
SVT.L/UU.L,2024-01-30,2.4486786004953687,-29.350419242513908,-0.25552467306183685
SVT.L/UU.L,2024-01-31,2.4481430050783297,-12.8359363061777,0.3301931456513423
SVT.L/UU.L,2024-02-01,2.4477881167282898,-7.672541298554734,0.5074318431552441
SVT.L/UU.L,2024-02-02,2.4470991223984067,-17.470911312313547,0.1650975600186969
SVT.L/UU.L,2024-02-05,2.446548868001331,-13.545582050538997,0.29929376377639955
SVT.L/UU.L,2024-02-06,2.445466755495238,-29.169512454673622,-0.24431820288913214
SVT.L/UU.L,2024-02-07,2.4447204168101746,-19.39668712349021,0.09284519319091059
SVT.L/UU.L,2024-02-08,2.4443154619919976,-9.544752767580576,0.4206549849272685
SVT.L/UU.L,2024-02-09,2.4437346121837185,-14.949578151587957,0.21709158086389502
SVT.L/UU.L,2024-02-12,2.442777625039265,-25.826113178412925,-0.1714180893804619
SVT.L/UU.L,2024-02-13,2.4422911063515294,-11.90842162213039,0.32553560619855165
SVT.L/UU.L,2024-02-14,2.4421622905613996,-1.2412103631113496,0.7030525614102825
SVT.L/UU.L,2024-02-15,2.4421428005238646,2.0390549005892353,0.801380898238636
SVT.L/UU.L,2024-02-16,2.4422851472164147,6.779920964638222,0.9414240041769485
SVT.L/UU.L,2024-02-19,2.4421811074935302,-0.43965771912962737,0.6661321157003541
SVT.L/UU.L,2024-02-20,2.4425942509336256,14.581292978040892,1.1529961525133032
SVT.L/UU.L,2024-02-21,2.442623081916239,3.448778827046226,0.7386520400827195
SVT.L/UU.L,2024-02-22,2.4423358624484663,-5.815681100281381,0.39428249713427893
SVT.L/UU.L,2024-02-23,2.442331927965085,2.4950715834747825,0.6622022936429924
SVT.L/UU.L,2024-02-26,2.441547174367535,-20.809859642791253,-0.19953541518375997
SVT.L/UU.L,2024-02-27,2.4408549645380164,-17.851133007483895,-0.15339293718154012
SVT.L/UU.L,2024-02-28,2.4404229688512027,-10.212415134328694,0.11060090615591119
SVT.L/UU.L,2024-02-29,2.4402943323360575,-1.2110667460215154,0.47160853059021135
SVT.L/UU.L,2024-03-01,2.441052681411091,25.28859122774338,1.6096426249044125
SVT.L/UU.L,2024-03-04,2.4414705648748405,15.095991998110094,1.1189436548329177
SVT.L/UU.L,2024-03-05,2.4422795550784127,26.606500585380218,1.585939484412046
SVT.L/UU.L,2024-03-06,2.4428253926895054,18.630308633128607,1.1884543419104385
SVT.L/UU.L,2024-03-07,2.442984221975796,7.17881098389671,0.661940659956847
SVT.L/UU.L,2024-03-08,2.443529318520208,18.260512475529595,1.1129404475735587
SVT.L/UU.L,2024-03-11,2.444592002086625,33.23144064798407,1.6986216535242362
SVT.L/UU.L,2024-03-12,2.4447127092118937,6.138116282428655,0.5101595496245521
SVT.L/UU.L,2024-03-13,2.4442503160526736,-10.689214380746307,-0.3713845547542964
SVT.L/UU.L,2024-03-14,2.444109895181311,-1.4420412084864438,0.07395963019804001
SVT.L/UU.L,2024-03-15,2.4436210083413177,-11.466917463394566,-0.5099641987391038
SVT.L/UU.L,2024-03-18,2.4436891674321015,4.637430340198989,0.36827949307168645
SVT.L/UU.L,2024-03-19,2.444112765706753,15.190186465941224,0.958435174719983
SVT.L/UU.L,2024-03-20,2.4439335388904726,-2.5916531405205205,-0.05179392375472467
SVT.L/UU.L,2024-03-21,2.44345434852281,-11.300296984902161,-0.5314329701922591
SVT.L/UU.L,2024-03-22,2.4432053352529772,-4.597627914153691,-0.15201738479289378
SVT.L/UU.L,2024-03-25,2.4424483036507043,-19.341206811040138,-0.9836636761962297
SVT.L/UU.L,2024-03-26,2.4417790847168743,-17.002163913510685,-0.8426490457293929
SVT.L/UU.L,2024-03-27,2.4412702710078866,-12.242249117358824,-0.5979486714248958
SVT.L/UU.L,2024-03-28,2.43981912609627,-40.4370131598871,-2.1333239964245743
SVT.L/UU.L,2024-04-02,2.438061708478438,-48.87492622412083,-2.449042812999089
SVT.L/UU.L,2024-04-03,2.4365250711036346,-42.66387586034625,-2.0076189474502946
SVT.L/UU.L,2024-04-04,2.434534748707361,-55.498771865750314,-2.5212273275384653
SVT.L/UU.L,2024-04-05,2.432386110271065,-61.38660254869683,-2.66104509986402
SVT.L/UU.L,2024-04-08,2.4297894947288152,-75.55629487216538,-3.0270204407789554
SVT.L/UU.L,2024-04-09,2.4272324746174805,-74.18524069244177,-2.7571925750570365
SVT.L/UU.L,2024-04-10,2.4252154750679544,-58.725269801375816,-2.01492133208904
SVT.L/UU.L,2024-04-11,2.423176557981106,-59.45147422214313,-1.9508051474075467
SVT.L/UU.L,2024-04-12,2.421072114324908,-60.019953659545536,-1.8815421972259703
SVT.L/UU.L,2024-04-15,2.4191584438194256,-54.73236036701746,-1.5981607921100847
SVT.L/UU.L,2024-04-16,2.41687357062206,-66.12720756666704,-1.9478617435722758
SVT.L/UU.L,2024-04-17,2.415021972387286,-52.91117185021358,-1.3859196959936442
SVT.L/UU.L,2024-04-18,2.413605750042798,-39.123768956013464,-0.8362123011418722
SVT.L/UU.L,2024-04-19,2.4121366663135717,-40.01342740714563,-0.8499131938275201
SVT.L/UU.L,2024-04-22,2.410765043195262,-36.73268292024932,-0.7112785628412824
SVT.L/UU.L,2024-04-23,2.40940267086698,-36.66982729417032,-0.7060300380688636
SVT.L/UU.L,2024-04-24,2.4075976404820087,-49.735492862724186,-1.166637828191937
SVT.L/UU.L,2024-04-25,2.406265623030767,-36.32254528398744,-0.6642611868838457
SVT.L/UU.L,2024-04-26,2.404821005243858,-39.27148437869573,-0.7534509931538412
SVT.L/UU.L,2024-04-29,2.4036319571966995,-31.668695335679786,-0.4590773979406421
SVT.L/UU.L,2024-04-30,2.4020921331106537,-41.84697895496083,-0.8135293463604264
SVT.L/UU.L,2024-05-01,2.400869971864217,-32.38860924626488,-0.4558251799253313
SVT.L/UU.L,2024-05-02,2.3993970795490025,-39.8315240649149,-0.7184216336689663
SVT.L/UU.L,2024-05-03,2.397347152712445,-55.19737266049924,-1.2387550809348933
SVT.L/UU.L,2024-05-07,2.396264112508428,-27.613617570536462,-0.23849999661139384
SVT.L/UU.L,2024-05-08,2.395205068286132,-27.068160281737164,-0.21166312535137427
SVT.L/UU.L,2024-05-09,2.3939553071813737,-32.00729853689427,-0.38493212700107193
SVT.L/UU.L,2024-05-10,2.392729353846878,-31.711790335256865,-0.3624333179985261
SVT.L/UU.L,2024-05-13,2.3917469925858805,-25.07739559594438,-0.11072154627061091
SVT.L/UU.L,2024-05-14,2.3909814379290797,-18.69976013815858,0.13235797938429314
SVT.L/UU.L,2024-05-15,2.3906950956689945,-5.3516303132814755,0.6276348844068799
SVT.L/UU.L,2024-05-16,2.390657265214613,1.541038545045467,0.8770335711859027
SVT.L/UU.L,2024-05-17,2.390439305108056,-3.507828908923784,0.7122154717836656
SVT.L/UU.L,2024-05-20,2.390996857961633,18.517553541912093,1.4977818917369514
SVT.L/UU.L,2024-05-21,2.3914603551821823,15.948576165838858,1.3725598310128488
SVT.L/UU.L,2024-05-22,2.39347883667831,61.24473979971117,2.7809539478195218
SVT.L/UU.L,2024-05-23,2.395045651213683,50.502448993151575,2.2705135471604914
SVT.L/UU.L,2024-05-24,2.3960907190476757,34.984483143321086,1.6988676043369617
SVT.L/UU.L,2024-05-28,2.3970080823490187,31.66496295819161,1.541318336523069
SVT.L/UU.L,2024-05-29,2.3971790793871555,7.951005489991985,0.8048713809355489
SVT.L/UU.L,2024-05-30,2.3949295003208424,-66.46118894307119,-1.4259474785708228
SVT.L/UU.L,2024-05-31,2.3933608565340982,-44.81351489774261,-0.7371854989017539
SVT.L/UU.L,2024-06-03,2.391692952993204,-48.20733796331069,-0.8136525787157414
SVT.L/UU.L,2024-06-04,2.390397221854095,-36.148558851891266,-0.4148318114114235
SVT.L/UU.L,2024-06-05,2.3896105671482566,-21.025104701437158,0.07756849220849507
SVT.L/UU.L,2024-06-06,2.3891707748001814,-10.64553706597826,0.4286850515167719
SVT.L/UU.L,2024-06-07,2.3889757068012214,-3.260364399687205,0.704276005077773
SVT.L/UU.L,2024-06-10,2.3886579392736724,-6.9362258027099415,0.5934139099029883
SVT.L/UU.L,2024-06-11,2.3885702963059816,-0.05152944595693043,0.8134302243501293
SVT.L/UU.L,2024-06-12,2.38798542756393,-14.735057138109369,0.3355277227909914
SVT.L/UU.L,2024-06-13,2.3883084039741607,11.899435829152935,1.195956763968374
SVT.L/UU.L,2024-06-14,2.3881999969988112,-0.5521157406387829,0.7908824599558516
SVT.L/UU.L,2024-06-17,2.387150351138997,-28.780797181527305,-0.11836830772435745
SVT.L/UU.L,2024-06-18,2.3860931920224786,-28.867717393202383,-0.10713178416654276
SVT.L/UU.L,2024-06-19,2.3859388027006867,-2.001282971335513,0.7894346457390604
SVT.L/UU.L,2024-06-20,2.388114567881772,68.59085760491735,2.8953346179562875
SVT.L/UU.L,2024-06-21,2.3897565527708045,51.49948212095342,2.2248967470016363
SVT.L/UU.L,2024-06-24,2.3912901767910606,47.99775188963258,2.0144309817338617
SVT.L/UU.L,2024-06-25,2.392902633113976,50.699247564217785,1.991587580660139
SVT.L/UU.L,2024-06-26,2.3947047163382975,56.828520107735585,2.0442936106868563
SVT.L/UU.L,2024-06-27,2.3961186569005766,45.620492695022676,1.6690576584505
SVT.L/UU.L,2024-06-28,2.39685049384508,24.836556418594682,1.0853509215954402
SVT.L/UU.L,2024-07-01,2.397689977598374,27.93849396361611,1.1276960021631357
SVT.L/UU.L,2024-07-02,2.3992374603718765,50.57077312871343,1.6505151449803255
SVT.L/UU.L,2024-07-03,2.4006088265852092,43.84581975595893,1.4323598064627892
SVT.L/UU.L,2024-07-04,2.4021602903520876,48.90045122057745,1.5149390475049238
SVT.L/UU.L,2024-07-05,2.403472470605472,40.40942470138452,1.2521297994443816
SVT.L/UU.L,2024-07-08,2.404159109832379,22.29599235889782,0.7537070376614121
SVT.L/UU.L,2024-07-09,2.4060679551338002,56.831150978660844,1.6024003820720236
SVT.L/UU.L,2024-07-10,2.4077808649329615,50.265465061511804,1.382639282387475
SVT.L/UU.L,2024-07-11,2.4105449360899107,77.80034244498847,2.014875982577919
SVT.L/UU.L,2024-07-12,2.4142360189270495,107.0636536862371,2.5827174443462693
SVT.L/UU.L,2024-07-15,2.417455106558428,95.85444053444462,2.176545578192168
SVT.L/UU.L,2024-07-16,2.4193895465135804,60.819148636967384,1.2941823190882082
SVT.L/UU.L,2024-07-17,2.421525681755714,65.7301494413773,1.3605462452629442
SVT.L/UU.L,2024-07-18,2.423908561659834,71.95125685206312,1.4516897852311876
SVT.L/UU.L,2024-07-19,2.4260856991303545,66.89461150552597,1.2911800951062955
SVT.L/UU.L,2024-07-22,2.4275647919784684,46.1301366637249,0.7769600572491193
SVT.L/UU.L,2024-07-23,2.429283620971085,53.66856632161762,0.9235899599220403
SVT.L/UU.L,2024-07-24,2.430602208115782,41.78116619118873,0.6171740920629323
SVT.L/UU.L,2024-07-25,2.4318401884530902,39.24242274007338,0.5317904042369178
SVT.L/UU.L,2024-07-26,2.433261210450427,44.50449254475052,0.6339986634868757
SVT.L/UU.L,2024-07-29,2.434750267058713,45.99675973899684,0.6446563870367947
SVT.L/UU.L,2024-07-30,2.4362150100014834,45.280213256728075,0.601844383551663
SVT.L/UU.L,2024-07-31,2.437944247942608,52.56169948083698,0.7600911034150439
SVT.L/UU.L,2024-08-01,2.44021304505353,68.20419215759239,1.125518673075645
SVT.L/UU.L,2024-08-02,2.442472012699715,66.36811112026317,1.0454171106880465
SVT.L/UU.L,2024-08-05,2.4439797098640934,47.65056678463134,0.5326150471163039
SVT.L/UU.L,2024-08-06,2.4439896456708663,2.9052551071495145,-0.6749490544565815
SVT.L/UU.L,2024-08-07,2.445757551946795,54.8493691129338,0.6942233283857541
SVT.L/UU.L,2024-08-08,2.4504130729272404,146.36707196393854,2.896543290807169
SVT.L/UU.L,2024-08-09,2.4536758805422227,100.7771028766233,1.669315471329587
SVT.L/UU.L,2024-08-12,2.4564165632401966,85.0250292221881,1.2347779697639412
SVT.L/UU.L,2024-08-13,2.4591873203419086,84.44695751110066,1.1806949817518468
SVT.L/UU.L,2024-08-14,2.462144350872284,89.08101975453019,1.2494048111623797
SVT.L/UU.L,2024-08-15,2.4655435237851098,103.20673849888908,1.5447099287997688
SVT.L/UU.L,2024-08-16,2.4683828606926363,86.97568125218231,1.1343161239593884
SVT.L/UU.L,2024-08-19,2.471177690264595,85.10310027056539,1.0605346073325763
SVT.L/UU.L,2024-08-20,2.4743060211386383,96.7076484863137,1.2861417676325837
SVT.L/UU.L,2024-08-21,2.4761996105318467,60.11382788435458,0.43092820616230115
SVT.L/UU.L,2024-08-22,2.4775138554520897,42.057192578543436,-0.02614643144153083
SVT.L/UU.L,2024-08-23,2.4786215547343162,35.30018653874686,-0.23154603896676484
SVT.L/UU.L,2024-08-27,2.4797918953301026,37.13122428726092,-0.23236021236031326
SVT.L/UU.L,2024-08-28,2.48013058078343,12.42036159301324,-0.9414136283495786
SVT.L/UU.L,2024-08-29,2.480655134461493,17.844081456928507,-0.8305723375916662
SVT.L/UU.L,2024-08-30,2.4819703544410276,40.59962301663063,-0.21906755331328243
SVT.L/UU.L,2024-09-02,2.4826436257035933,21.998867344643713,-0.7778923774206609
SVT.L/UU.L,2024-09-03,2.4843758469433395,52.47299623648587,0.08544100547092523
SVT.L/UU.L,2024-09-04,2.4857861212745296,43.092663079273734,-0.22067586834138
SVT.L/UU.L,2024-09-05,2.487243823773423,43.436764312069954,-0.2481628911457402
SVT.L/UU.L,2024-09-06,2.4890110498239753,51.695214742879216,-0.008699423431479558
SVT.L/UU.L,2024-09-09,2.490432665829784,41.99763935727333,-0.3496687388815353
SVT.L/UU.L,2024-09-10,2.491477550910283,31.832421954700294,-0.7601560065120855
SVT.L/UU.L,2024-09-11,2.4931003525988196,48.52180351502966,-0.24227619008384144
SVT.L/UU.L,2024-09-12,2.4940771457597397,30.466746526235056,-0.9716857753704565
SVT.L/UU.L,2024-09-13,2.495555642620079,44.66760192166066,-0.405715406436224
SVT.L/UU.L,2024-09-16,2.4972794244947116,51.83174400427106,-0.12782563510038783
SVT.L/UU.L,2024-09-17,2.49887707204969,47.66554268980644,-0.2893274355245952
SVT.L/UU.L,2024-09-18,2.500074930383909,36.8927771636545,-0.6958303761550912
SVT.L/UU.L,2024-09-19,2.5003285678713776,9.898308914941481,-1.6679420889146546
SVT.L/UU.L,2024-09-20,2.5006050171812895,10.60893133626405,-1.5850696204813277
SVT.L/UU.L,2024-09-23,2.500621812912673,3.0953543334626374,-1.8136527300273817
SVT.L/UU.L,2024-09-24,2.501310902446796,22.610701403688836,-1.099856906311569
SVT.L/UU.L,2024-09-25,2.502124376645773,26.256035647065346,-0.9462824910759904
SVT.L/UU.L,2024-09-26,2.502602667428929,16.513004918367187,-1.262445187074086
SVT.L/UU.L,2024-09-27,2.503374209791962,24.92915989022913,-0.9434741058762194
SVT.L/UU.L,2024-09-30,2.5041057471892643,23.94010050739962,-0.9621236815305907
SVT.L/UU.L,2024-10-01,2.5048797119346404,24.78989840416216,-0.9352932063449421
SVT.L/UU.L,2024-10-02,2.5051691507792206,11.13342842319571,-1.3635128072619274
SVT.L/UU.L,2024-10-03,2.5053341599568317,7.48186948150169,-1.438142031834347
SVT.L/UU.L,2024-10-04,2.505113857910251,-3.966871961585184,-1.7443714244600272
SVT.L/UU.L,2024-10-07,2.504864617440652,-4.905744366152703,-1.7254538625339861
SVT.L/UU.L,2024-10-08,2.5045605290523527,-6.578457210180659,-1.7197236229421722
SVT.L/UU.L,2024-10-09,2.503439070012796,-30.7294020383556,-2.3559383327596617
SVT.L/UU.L,2024-10-10,2.5016311237882323,-50.87331369206822,-2.746789810582921
SVT.L/UU.L,2024-10-11,2.500168165528783,-40.384753424841165,-2.2862131181389285
SVT.L/UU.L,2024-10-14,2.4989204538705825,-33.33305411476567,-1.9778863341759427
SVT.L/UU.L,2024-10-15,2.496896186551727,-54.62163793528998,-2.3937259990939994
SVT.L/UU.L,2024-10-16,2.4960507858792362,-20.610499454014644,-1.443458895951019
SVT.L/UU.L,2024-10-17,2.4961167310112606,4.465239990212922,-0.775429113557423
SVT.L/UU.L,2024-10-18,2.496052189547095,0.7945124405068782,-0.8481483615192805
SVT.L/UU.L,2024-10-21,2.495515595225618,-12.646656734493718,-1.1545999729069514
SVT.L/UU.L,2024-10-22,2.4953207045505925,-2.9773965187864633,-0.8843183019150793
SVT.L/UU.L,2024-10-23,2.4956190411359875,11.186296232359837,-0.5133608664006415
SVT.L/UU.L,2024-10-24,2.4958984499207335,10.804921887912315,-0.5055535861295243
SVT.L/UU.L,2024-10-25,2.4962171695563256,11.965054151122786,-0.4555362237535196
SVT.L/UU.L,2024-10-28,2.496311460386,5.3753740827660295,-0.5987811582436264
SVT.L/UU.L,2024-10-29,2.495860343026919,-10.648367806370516,-0.9742876482984429
SVT.L/UU.L,2024-10-30,2.4962019505302897,12.702070749928225,-0.3908653739369009
SVT.L/UU.L,2024-10-31,2.4966200972618866,15.196427303314977,-0.31215138992892544
SVT.L/UU.L,2024-11-01,2.4967463660711617,6.362503892957193,-0.5178651480284211
SVT.L/UU.L,2024-11-04,2.4968508263385507,5.732621933688733,-0.5098830564192903
SVT.L/UU.L,2024-11-05,2.496850037558619,2.58858491761157,-0.5742010629302228
SVT.L/UU.L,2024-11-06,2.4971002794994104,10.004740477472751,-0.3303633983391198
SVT.L/UU.L,2024-11-07,2.497269243365941,7.588159774813903,-0.37559141719781686
SVT.L/UU.L,2024-11-08,2.4976067481463096,12.495741886286396,-0.1865752451873925
SVT.L/UU.L,2024-11-11,2.4973780542776995,-3.938613483624067,-0.7114774723994269
SVT.L/UU.L,2024-11-12,2.4973084077906926,0.5698665193826855,-0.5317394984286564
SVT.L/UU.L,2024-11-13,2.4960871202503334,-33.11494813212039,-1.771497888983773
SVT.L/UU.L,2024-11-14,2.4950883082935276,-25.650062260232517,-1.4453523268313544
SVT.L/UU.L,2024-11-15,2.494416490481666,-16.423944258698157,-1.0522316759944323
SVT.L/UU.L,2024-11-18,2.493580759935688,-20.968365754836668,-1.1874134834411803
SVT.L/UU.L,2024-11-19,2.491948099627166,-43.37954188585309,-1.9554745683682406
SVT.L/UU.L,2024-11-20,2.4911184768941927,-20.681889125229645,-1.0661606158170687
SVT.L/UU.L,2024-11-21,2.4899324184608047,-30.529777261378513,-1.3830203061414952
SVT.L/UU.L,2024-11-22,2.4883651611944844,-40.546223541633935,-1.682747665812848
SVT.L/UU.L,2024-11-25,2.4858213950257744,-67.61605077147988,-2.47983045434729
SVT.L/UU.L,2024-11-26,2.483748379823332,-55.47232669585219,-1.9776064285705028
SVT.L/UU.L,2024-11-27,2.4813402763866814,-64.26173242871891,-2.162348266887064
SVT.L/UU.L,2024-11-28,2.47862315142586,-73.48145753208883,-2.331021815901837
SVT.L/UU.L,2024-11-29,2.4758973850814767,-74.64374022745369,-2.255383697521952
SVT.L/UU.L,2024-12-02,2.47397687889697,-52.08750449434592,-1.4887824756607584
SVT.L/UU.L,2024-12-03,2.472915667605082,-27.737465364513355,-0.6916925941507227
SVT.L/UU.L,2024-12-04,2.4709085898178325,-54.54358732106948,-1.502753585670628
SVT.L/UU.L,2024-12-05,2.4692049001085863,-45.628724759127635,-1.1768297252662276
SVT.L/UU.L,2024-12-06,2.46791897489324,-35.17147080956465,-0.8142721827323991
SVT.L/UU.L,2024-12-09,2.4658227623869835,-58.732320090693975,-1.5523669763355066
SVT.L/UU.L,2024-12-10,2.4637875486729963,-57.85423856180705,-1.4882930053580181
SVT.L/UU.L,2024-12-11,2.4608488231402714,-85.21141263454683,-2.2976534674201052
SVT.L/UU.L,2024-12-12,2.4585571446975805,-65.04495940831976,-1.5628106876018808
SVT.L/UU.L,2024-12-13,2.45676975822746,-50.12117656000373,-1.0393157025465476
SVT.L/UU.L,2024-12-16,2.4546856448072796,-58.95046955507496,-1.2806829531267812
SVT.L/UU.L,2024-12-17,2.452902905813902,-50.502616364225105,-0.9759575136562865
SVT.L/UU.L,2024-12-18,2.450929807859505,-56.45717566526446,-1.1353198233689425
SVT.L/UU.L,2024-12-19,2.4497561817803875,-32.45055257904505,-0.32384049980565216
SVT.L/UU.L,2024-12-20,2.448236188182335,-43.534246778523084,-0.666946871580956
SVT.L/UU.L,2024-12-23,2.4465635903119827,-48.11280037613187,-0.7954163583554682
SVT.L/UU.L,2024-12-24,2.445971984889584,-15.294999254764662,0.3693476192026038
SVT.L/UU.L,2024-12-27,2.444192431935785,-50.7441943670151,-0.8558117304568305
SVT.L/UU.L,2024-12-30,2.442396642929876,-51.42359415312785,-0.8507570564890751
SVT.L/UU.L,2024-12-31,2.440368842414273,-57.94122309607337,-1.049205818596214
SVT.L/UU.L,2025-01-02,2.438342860899361,-57.6874910640272,-1.0060633510727637
SVT.L/UU.L,2025-01-03,2.4359072049738453,-70.66448739478028,-1.4148004339322486
SVT.L/UU.L,2025-01-06,2.4335170498569343,-69.57671744315212,-1.3326569426679415
SVT.L/UU.L,2025-01-07,2.4321933586305087,-37.691173282898944,-0.23269816383665465
SVT.L/UU.L,2025-01-08,2.43252755640534,13.28407565691623,1.486693424412118
SVT.L/UU.L,2025-01-09,2.4332313522604823,24.996786523784976,1.8020642013095634
SVT.L/UU.L,2025-01-10,2.434175339258147,32.99272087311556,1.963498429322576
SVT.L/UU.L,2025-01-13,2.4356068256982133,48.71300408030993,2.3200923878281103
SVT.L/UU.L,2025-01-14,2.437157984471557,52.9437435229529,2.327957858555987
SVT.L/UU.L,2025-01-15,2.439293847387894,68.5071582340106,2.60305820581404
SVT.L/UU.L,2025-01-16,2.4417913938459437,78.63534693373595,2.666325009948449
SVT.L/UU.L,2025-01-17,2.4437845730884873,62.63470818483074,2.1344665062135717
SVT.L/UU.L,2025-01-20,2.4456468571602175,58.940721133111765,1.9647097832318519
SVT.L/UU.L,2025-01-21,2.4481579704529324,77.83139391809846,2.3006082365927156
SVT.L/UU.L,2025-01-22,2.4509128409594143,87.26376103162147,2.379639770309151
SVT.L/UU.L,2025-01-23,2.4532479929606508,73.45077802130254,1.9791504173977963
SVT.L/UU.L,2025-01-24,2.4550852636303038,59.025853938824184,1.6041951969442672
SVT.L/UU.L,2025-01-27,2.457067517325737,62.886888542330325,1.634965179107682
SVT.L/UU.L,2025-01-28,2.4592493016631622,68.45942433189975,1.695047155677686
SVT.L/UU.L,2025-01-29,2.459598628513081,12.932177400681667,0.5617197542897191
SVT.L/UU.L,2025-01-30,2.45940970805153,-2.8274162825600797,0.24437357322418068
SVT.L/UU.L,2025-01-31,2.4596929993293255,10.792246949220953,0.518188006728751
SVT.L/UU.L,2025-02-03,2.4604387476566116,24.465076855665302,0.7887272334831763
SVT.L/UU.L,2025-02-04,2.460681496255243,9.763591449579053,0.4898898137731432
SVT.L/UU.L,2025-02-05,2.46079910403376,6.040983976152347,0.4171003470493862
SVT.L/UU.L,2025-02-06,2.461223439162789,15.198192359549921,0.5947552095117917
SVT.L/UU.L,2025-02-07,2.461421989828302,8.497204558266276,0.45608052511967384
SVT.L/UU.L,2025-02-10,2.4614862166400626,4.498562583962666,0.36267176584881855
SVT.L/UU.L,2025-02-11,2.461845398345178,13.209583349661443,0.5246442864871481
SVT.L/UU.L,2025-02-12,2.462779736855815,30.637232551147463,0.8549547092863053
SVT.L/UU.L,2025-02-13,2.463960008733823,37.7172662205262,0.9695823936006792
SVT.L/UU.L,2025-02-14,2.4646724919340497,23.684322018895728,0.6680961117100974
SVT.L/UU.L,2025-02-17,2.4656315971848226,31.080398987675835,0.793952614837648
SVT.L/UU.L,2025-02-18,2.466343256743849,23.97602104907446,0.6342349891032515
SVT.L/UU.L,2025-02-19,2.4675098542227705,37.70784251797431,0.8768366390054647
SVT.L/UU.L,2025-02-20,2.4688128688055957,42.13483887061375,0.9325509303055922
SVT.L/UU.L,2025-02-21,2.470659707274238,58.72912999523032,1.217871829908475
SVT.L/UU.L,2025-02-24,2.472067837072603,44.43975383742145,0.9057871374729544
SVT.L/UU.L,2025-02-25,2.474856036744295,85.98871196659957,1.6649868346250558
SVT.L/UU.L,2025-02-26,2.4774080675237102,78.96779465207783,1.4772018848831545
SVT.L/UU.L,2025-02-27,2.4795665894681336,67.69701660192186,1.2133128266584954
SVT.L/UU.L,2025-02-28,2.4818552024682115,70.30057741319615,1.2210208091529433
SVT.L/UU.L,2025-03-03,2.483173440347061,42.24736094280297,0.6496626772000822
SVT.L/UU.L,2025-03-04,2.485961006697655,85.20970130058322,1.438734799009522
SVT.L/UU.L,2025-03-05,2.4875037227995396,49.828370699918196,0.7238890894553249
SVT.L/UU.L,2025-03-06,2.487720873420484,9.207959393757392,-0.0930060683909271
SVT.L/UU.L,2025-03-07,2.48793748686612,9.114015536106763,-0.11913047181607615
SVT.L/UU.L,2025-03-10,2.4884758472863275,18.363268560170127,0.03419408781562392
SVT.L/UU.L,2025-03-11,2.4890718673344745,19.88249275480939,0.03732849176714367
SVT.L/UU.L,2025-03-12,2.489192445676231,6.148669514578614,-0.2836130382796549
SVT.L/UU.L,2025-03-13,2.489243687644023,4.112770276721676,-0.3600915098254881
SVT.L/UU.L,2025-03-14,2.4888975278052894,-7.414565849510836,-0.6471776330487254
SVT.L/UU.L,2025-03-17,2.48852962951227,-8.090543229420746,-0.6973335672584854
SVT.L/UU.L,2025-03-18,2.4887336819923735,8.600945577351013,-0.32641167749815836
SVT.L/UU.L,2025-03-19,2.4889440801609184,8.825660324695491,-0.3488796487073396
SVT.L/UU.L,2025-03-20,2.4890077753080653,4.458853152359552,-0.4877270998684007
SVT.L/UU.L,2025-03-21,2.489607303266376,20.226181089131842,-0.11170270740472958
SVT.L/UU.L,2025-03-24,2.4898542060669104,9.918088833465845,-0.40733619935669557
SVT.L/UU.L,2025-03-25,2.489832680256395,1.9771248090823974,-0.6557380823778097
SVT.L/UU.L,2025-03-26,2.4896165896085196,-3.670357340407918,-0.8635767221924759
SVT.L/UU.L,2025-03-27,2.48971831612522,5.604838431898315,-0.6661335458750722
SVT.L/UU.L,2025-03-28,2.489466234285201,-4.600487621823959,-1.0636782808954193
SVT.L/UU.L,2025-03-31,2.4900691005965223,19.817154388698782,-0.38397935768039654
SVT.L/UU.L,2025-04-01,2.4904970010111227,14.729892588599341,-0.6137991578340078
SVT.L/UU.L,2025-04-02,2.4902298697397494,-4.92568370455183,-1.2873331073794256
SVT.L/UU.L,2025-04-03,2.491062354059014,25.124590929397073,-0.23142699312958712
SVT.L/UU.L,2025-04-04,2.4906486575827675,-8.823849565849287,-1.3768871493609787
SVT.L/UU.L,2025-04-07,2.48992900214417,-18.28053861076296,-1.6317586528028032
SVT.L/UU.L,2025-04-08,2.488846513516417,-28.203734306428487,-1.8728995041001468
SVT.L/UU.L,2025-04-09,2.4876199342441447,-32.87074521298064,-1.9356907579759586
SVT.L/UU.L,2025-04-10,2.4860712959134554,-40.84911732200044,-2.098854004422915
SVT.L/UU.L,2025-04-11,2.483656443583959,-63.948504296384726,-2.6319143766233344
SVT.L/UU.L,2025-04-14,2.481800832477421,-48.31478936910389,-2.047098912353216
SVT.L/UU.L,2025-04-15,2.480428080078837,-34.337091156064616,-1.5833645855677592
SVT.L/UU.L,2025-04-16,2.4800411223905163,-7.808392413383444,-0.7741344500273479
SVT.L/UU.L,2025-04-17,2.4792819664473917,-17.877526749821754,-1.0523886018939148
SVT.L/UU.L,2025-04-22,2.4789831907890587,-5.4693906618126675,-0.6411283250883906
SVT.L/UU.L,2025-04-23,2.47750671717739,-38.20501301884542,-1.6130154035274782
SVT.L/UU.L,2025-04-24,2.476759933031478,-17.974393050390972,-0.95101029461133
SVT.L/UU.L,2025-04-25,2.4755416575017386,-31.143103481160324,-1.3276786686474318
SVT.L/UU.L,2025-04-28,2.4746512417442674,-22.064147402599247,-1.0242516095105099
SVT.L/UU.L,2025-04-29,2.474476983668919,-2.205523172389803,-0.3967870280557311
SVT.L/UU.L,2025-04-30,2.4743891204295636,0.19897758859087844,-0.30943629465997435
SVT.L/UU.L,2025-05-01,2.4735664679918723,-19.990262219480428,-0.917369990735879
SVT.L/UU.L,2025-05-02,2.4728952462133216,-16.195337698011826,-0.784197579651906
SVT.L/UU.L,2025-05-06,2.4713989587557808,-38.64470697263778,-1.4233903176820617
SVT.L/UU.L,2025-05-07,2.4699771080473525,-36.91560260865526,-1.3274622238704203
SVT.L/UU.L,2025-05-08,2.467919463693567,-56.17502675516744,-1.8177704976667421
SVT.L/UU.L,2025-05-09,2.4658454961835923,-56.44397854229419,-1.744839256780364
SVT.L/UU.L,2025-05-12,2.4645594723065782,-35.024509335762104,-1.1029727923049617
SVT.L/UU.L,2025-05-13,2.463260914162859,-36.19509877040491,-1.0980726505566774
SVT.L/UU.L,2025-05-14,2.4617124140588618,-43.16452377154519,-1.2482291195330475
SVT.L/UU.L,2025-05-15,2.459540207730043,-60.00409776115839,-1.641752185537283
SVT.L/UU.L,2025-05-16,2.457222932833081,-63.23161414851984,-1.655355018290699
SVT.L/UU.L,2025-05-19,2.4551982679204998,-54.62276961512271,-1.3753063911955952
SVT.L/UU.L,2025-05-20,2.452844253518319,-63.50356020319168,-1.5492875670143256
SVT.L/UU.L,2025-05-21,2.4515589678355147,-33.16454009130439,-0.7294056732531361
SVT.L/UU.L,2025-05-22,2.4492806800486933,-61.08697549465933,-1.424443720094035
SVT.L/UU.L,2025-05-23,2.446695320592939,-69.68535169891902,-1.6372817088767615
SVT.L/UU.L,2025-05-27,2.443460650648555,-87.50680236729158,-2.0839895488327396
SVT.L/UU.L,2025-05-28,2.4403254430181134,-85.46233366021261,-1.9770383782806233
SVT.L/UU.L,2025-05-29,2.4353203996179325,-138.51904239237683,-3.227694155404189
SVT.L/UU.L,2025-05-30,2.4301178521091495,-141.77066388556204,-3.037011426063545
SVT.L/UU.L,2025-06-02,2.4249213793222824,-140.93003934531134,-2.8922103118073643
SVT.L/UU.L,2025-06-03,2.4197084620086997,-144.92751460387672,-2.7962850483953607
SVT.L/UU.L,2025-06-04,2.415071762842929,-129.496823676227,-2.2766284738334095
SVT.L/UU.L,2025-06-05,2.4108586892957184,-117.64765139470273,-1.9051571432515984
SVT.L/UU.L,2025-06-06,2.4076604306836886,-89.51528555604091,-1.2262326140858335
SVT.L/UU.L,2025-06-09,2.404404374123371,-91.19443814606984,-1.2229969386407737
SVT.L/UU.L,2025-06-10,2.401372732186629,-83.53855640944721,-1.015325076600121
SVT.L/UU.L,2025-06-11,2.3984721705852095,-79.55744269800152,-0.8948228415688805
SVT.L/UU.L,2025-06-12,2.3956375856017735,-77.63082291141018,-0.8237595387654639
SVT.L/UU.L,2025-06-13,2.39264386898535,-82.7707325290935,-0.9097117557860702
SVT.L/UU.L,2025-06-16,2.389857110618912,-77.38610245316522,-0.7608791495045588
SVT.L/UU.L,2025-06-17,2.3871270833684006,-76.06119723470692,-0.7044246408579468
SVT.L/UU.L,2025-06-18,2.383686973919536,-95.43573934180495,-1.1104833694869374
SVT.L/UU.L,2025-06-19,2.3829840022148976,-17.93682771722206,0.6907412130645838
SVT.L/UU.L,2025-06-20,2.383207843181378,9.268191177639892,1.325111343589899
SVT.L/UU.L,2025-06-23,2.383699769605087,16.997458185979667,1.4877042745650575
SVT.L/UU.L,2025-06-24,2.3838805583203344,7.875253649813203,1.2658424300938627
SVT.L/UU.L,2025-06-25,2.383557717269949,-6.830447195395664,0.9372600429769687
SVT.L/UU.L,2025-06-26,2.383541997186965,2.1563690490738736,1.139230498346115
SVT.L/UU.L,2025-06-27,2.384251222424635,23.365064506550425,1.62328868087401
SVT.L/UU.L,2025-06-30,2.384572214552835,12.003444067916007,1.3649785107633863
SVT.L/UU.L,2025-07-01,2.384708733744847,6.540282648321863,1.228643381193531
SVT.L/UU.L,2025-07-02,2.384854331771245,6.957804847887019,1.2581014082868545
SVT.L/UU.L,2025-07-03,2.385500176261235,21.842566898161294,1.5677964552087633
SVT.L/UU.L,2025-07-04,2.3861974958630134,23.411836068901266,1.559829893226738
SVT.L/UU.L,2025-07-07,2.387247979762724,34.267869944275844,1.7355271451264112
SVT.L/UU.L,2025-07-08,2.3885276702369334,41.51343050207652,1.81423649473453
SVT.L/UU.L,2025-07-09,2.389634067982435,35.96936786598417,1.6305851486458567
SVT.L/UU.L,2025-07-10,2.389925469191021,11.414287002256515,1.085484801689204
SVT.L/UU.L,2025-07-11,2.390040053367503,6.071464359388756,0.9495776143519342
SVT.L/UU.L,2025-07-14,2.3900543670768957,3.0361048121581007,0.8692639400172469
SVT.L/UU.L,2025-07-15,2.3899960201641757,0.8814305175419577,0.8207976901642469
SVT.L/UU.L,2025-07-16,2.390421400451259,15.209135188220898,1.0902455498240538
SVT.L/UU.L,2025-07-17,2.3907606918649047,12.741566940290795,1.0291838203326147
SVT.L/UU.L,2025-07-18,2.390941953145704,7.921143386076892,0.9109945632907619
SVT.L/UU.L,2025-07-21,2.3907715074550886,-2.2854590327765436,0.7014372864879074
SVT.L/UU.L,2025-07-22,2.3904419437183164,-6.64543720370375,0.6053508039896964
SVT.L/UU.L,2025-07-23,2.3902043781653872,-4.248251204824101,0.6449247028044273
SVT.L/UU.L,2025-07-24,2.389901679396207,-6.24935690719667,0.6074518229696969
SVT.L/UU.L,2025-07-25,2.3895966587116155,-6.347959811927467,0.6085504593118353
SVT.L/UU.L,2025-07-28,2.389204219364606,-9.015255215523212,0.5515055853567888
SVT.L/UU.L,2025-07-29,2.3884808117112906,-18.819387545273457,0.35967780423092155
SVT.L/UU.L,2025-07-30,2.3869202651941945,-43.14168672644382,-0.11732046632283613
SVT.L/UU.L,2025-07-31,2.3854367090527613,-40.565181967497665,-0.06544033974919979
SVT.L/UU.L,2025-08-01,2.3831988117853737,-61.82321719371612,-0.481343416019077
SVT.L/UU.L,2025-08-04,2.380935639130799,-62.05278807352761,-0.4836299106797137
SVT.L/UU.L,2025-08-05,2.3786083625603647,-63.64695289156498,-0.5044678987816821
SVT.L/UU.L,2025-08-06,2.376542001233131,-56.202912167486375,-0.3516916419639667
SVT.L/UU.L,2025-08-07,2.374315541023007,-61.88344337451508,-0.4559972009718407
SVT.L/UU.L,2025-08-08,2.3713272885375765,-84.42361045316329,-0.883845252717754
SVT.L/UU.L,2025-08-11,2.368396676052877,-82.65063949149499,-0.8395652561052972
SVT.L/UU.L,2025-08-12,2.3663400817060505,-58.53117446588794,-0.3712535456145441
SVT.L/UU.L,2025-08-13,2.3640245997616356,-65.68237857779695,-0.5087433607458902
SVT.L/UU.L,2025-08-14,2.361416339453111,-73.08277983638482,-0.6368582707907448
SVT.L/UU.L,2025-08-15,2.3586638526707353,-77.41222993154406,-0.712944747081938
SVT.L/UU.L,2025-08-18,2.3560716651924674,-73.04448409504812,-0.6275125335703668
SVT.L/UU.L,2025-08-19,2.3536029636492435,-70.18491176149382,-0.5805665641878064
SVT.L/UU.L,2025-08-20,2.350209269637589,-94.03073016918916,-1.0349823228991701
SVT.L/UU.L,2025-08-21,2.3463534031159106,-106.36463410887882,-1.3044353778970634
SVT.L/UU.L,2025-08-22,2.3423126614159884,-112.26284735445506,-1.4540387884330026
SVT.L/UU.L,2025-08-26,2.3373444154749325,-138.79360811391234,-1.9856122638911395
SVT.L/UU.L,2025-08-27,2.3337151702039183,-101.23761963270908,-1.2838632986218235
SVT.L/UU.L,2025-08-28,2.3303587892630113,-94.53581942332585,-1.1805669135636154
SVT.L/UU.L,2025-08-29,2.327159952031957,-90.19854546042461,-1.114776380706224
SVT.L/UU.L,2025-09-01,2.32474810761199,-69.17827158066075,-0.6825779908062651
SVT.L/UU.L,2025-09-02,2.3230393254332697,-49.578974467848184,-0.28388864578280976
SVT.L/UU.L,2025-09-03,2.32118914084056,-53.287809974861375,-0.3772869331714508
SVT.L/UU.L,2025-09-04,2.3192608368561154,-55.03921482350506,-0.4266851124576963
SVT.L/UU.L,2025-09-05,2.317447484231827,-50.79171445776092,-0.34607892340071567
SVT.L/UU.L,2025-09-08,2.31558683183743,-52.22632014100964,-0.39189047688135586
SVT.L/UU.L,2025-09-09,2.3137901424406233,-50.42600592789313,-0.36445126406088246
SVT.L/UU.L,2025-09-10,2.3119546827053847,-51.241873967727315,-0.39426176316404915
SVT.L/UU.L,2025-09-11,2.310046738716593,-53.17791698841802,-0.46020278134146614
SVT.L/UU.L,2025-09-12,2.307495153002853,-70.823345123134,-0.8369139137243811
SVT.L/UU.L,2025-09-15,2.304863459212942,-72.78431368123393,-0.8519894463058766
SVT.L/UU.L,2025-09-16,2.3023566033408778,-70.4500409740931,-0.7714955043859073
SVT.L/UU.L,2025-09-17,2.299314319683176,-85.02837577754508,-1.0677418841785018
SVT.L/UU.L,2025-09-18,2.2965713885466483,-77.31981226151947,-0.8634979387191779
SVT.L/UU.L,2025-09-19,2.2942252235889944,-65.92034501249691,-0.5811969139198465
SVT.L/UU.L,2025-09-22,2.2920670497894258,-60.59645109962639,-0.4348923534797317
SVT.L/UU.L,2025-09-23,2.290410629252447,-46.259135891575625,-0.08006960490768857
SVT.L/UU.L,2025-09-24,2.288655890331919,-49.008405024413605,-0.12449372468480678
SVT.L/UU.L,2025-09-25,2.28744677518966,-33.2101140426912,0.2714784282458273
SVT.L/UU.L,2025-09-26,2.2862130597483765,-33.69135130740369,0.2884392077446477
SVT.L/UU.L,2025-09-29,2.28499299095628,-33.17572227781375,0.33247806722177786
SVT.L/UU.L,2025-09-30,2.2838470479577553,-30.420131866309475,0.44488897711067504
SVT.L/UU.L,2025-10-01,2.2828767128664524,-25.30023848796918,0.6365365016302528
SVT.L/UU.L,2025-10-02,2.2820387683367866,-21.64570570284741,0.7966011442828945
SVT.L/UU.L,2025-10-03,2.2812162499045434,-21.11112445762683,0.8447232563353309
SVT.L/UU.L,2025-10-06,2.2804975219333077,-18.145925456652094,0.9581143926964927
SVT.L/UU.L,2025-10-07,2.2795060607986515,-25.799168215077316,0.7581396349516524
SVT.L/UU.L,2025-10-08,2.2787381909503854,-19.5185598672997,0.9709432783598156
SVT.L/UU.L,2025-10-09,2.2778759422744095,-21.996363109301,0.941255709440883
SVT.L/UU.L,2025-10-10,2.277393727150159,-11.103391898036534,1.3255005930924
SVT.L/UU.L,2025-10-13,2.276767206838624,-15.197394324011384,1.2307255829293635
SVT.L/UU.L,2025-10-14,2.275922063741722,-21.23719857507058,1.0577868005736797
SVT.L/UU.L,2025-10-15,2.2755592115490466,-7.568076250139711,1.5152603252757673
SVT.L/UU.L,2025-10-16,2.2757758225069447,8.717723345795548,2.024365091455135
SVT.L/UU.L,2025-10-17,2.276105177743582,11.908939600900794,2.081324168581412
SVT.L/UU.L,2025-10-20,2.27700734973544,28.424559035886432,2.501025826813192
SVT.L/UU.L,2025-10-21,2.278063901050513,32.55850058052647,2.5021775252307443
SVT.L/UU.L,2025-10-22,2.279630424398181,46.13013751715698,2.709225760431592
SVT.L/UU.L,2025-10-23,2.28085577861652,37.02292101520652,2.3029473969203007
SVT.L/UU.L,2025-10-24,2.2822952144080144,42.873795678440274,2.3095833298022033
SVT.L/UU.L,2025-10-28,2.2835008957342997,36.67019108952263,2.034593453360634
SVT.L/UU.L,2025-10-29,2.2848622422388503,41.436383691233004,2.0357848427996528
SVT.L/UU.L,2025-10-30,2.285633507695293,24.655965765415658,1.5695356329401944
SVT.L/UU.L,2025-10-31,2.286784447408521,35.697777181234414,1.745522404430387
SVT.L/UU.L,2025-11-03,2.2876612174305277,28.100265576619222,1.510875242243927
SVT.L/UU.L,2025-11-04,2.2883627574361824,22.808447865876133,1.3431928872315229
SVT.L/UU.L,2025-11-05,2.289274685492208,28.5044987197698,1.4157701702752001
SVT.L/UU.L,2025-11-06,2.2902595547902225,30.57761933794336,1.4071263665679634
SVT.L/UU.L,2025-11-07,2.291428148143686,36.04291132522303,1.4667438468207203
SVT.L/UU.L,2025-11-10,2.2920491438611506,20.463317019672104,1.0965731193752033
SVT.L/UU.L,2025-11-11,2.2925298201926543,16.468500395895262,0.9784961816140083
SVT.L/UU.L,2025-11-12,2.2930275915406013,17.064460783560662,0.9586963238994738
SVT.L/UU.L,2025-11-13,2.2932740851004185,9.77147564455936,0.7767864914912036
SVT.L/UU.L,2025-11-14,2.2938711186337724,20.164002622732824,0.9669496455725719
SVT.L/UU.L,2025-11-17,2.2945524757019453,22.648794203073976,0.9924602461728694
SVT.L/UU.L,2025-11-18,2.294857926772207,11.65018770474262,0.727724207102516
SVT.L/UU.L,2025-11-19,2.2955103415944937,22.196228864994737,0.9585188952651726
SVT.L/UU.L,2025-11-20,2.2963964003553308,28.90545091923832,1.0939180917574114
SVT.L/UU.L,2025-11-21,2.2976786819953916,40.04099604121666,1.3349508200840063
SVT.L/UU.L,2025-11-24,2.2988233060745222,35.64740223969193,1.1968795666438388
SVT.L/UU.L,2025-11-25,2.299618806066893,25.448234166527527,0.9080538336415063
SVT.L/UU.L,2025-11-26,2.300672300037716,32.50966869205513,1.0539463945481986
SVT.L/UU.L,2025-11-27,2.2999963704887674,-16.441326976640994,-0.22318191026248627
SVT.L/UU.L,2025-11-28,2.299006167970616,-25.36447936894274,-0.4733677894812299
SVT.L/UU.L,2025-12-01,2.298299879101103,-17.450238702192564,-0.28285526047266196
SVT.L/UU.L,2025-12-02,2.297549802528262,-18.78210308947928,-0.3370067464562176
SVT.L/UU.L,2025-12-03,2.2973288565695342,-3.7321121728687103,0.04740474939079275
SVT.L/UU.L,2025-12-04,2.2975085354486966,7.7879361768023045,0.3385077507447527
SVT.L/UU.L,2025-12-05,2.297228416986914,-5.562496893583557,-0.05228639329159495
SVT.L/UU.L,2025-12-08,2.297081227188447,-1.7155771892071243,0.023943941280445385
SVT.L/UU.L,2025-12-09,2.2970717683020205,2.333122168034606,0.10870280402729404
SVT.L/UU.L,2025-12-10,2.2973865415361696,12.04279462302702,0.3722625581495629
SVT.L/UU.L,2025-12-11,2.297180131363037,-3.5628394849677534,-0.16606774629266946
SVT.L/UU.L,2025-12-12,2.2969939640939714,-2.9375234336666836,-0.19844966880334264
SVT.L/UU.L,2025-12-15,2.297027604640099,3.614763310102717,-0.008364456488395544
SVT.L/UU.L,2025-12-16,2.2972034390810476,7.852210712811939,0.11275531920664829
SVT.L/UU.L,2025-12-17,2.2973138767165207,5.81611298181906,-0.001297040635821946
SVT.L/UU.L,2025-12-18,2.2986234161554795,41.19530116895794,1.415746522808168
SVT.L/UU.L,2025-12-19,2.2993987748233318,25.382470839500456,0.728453668174448
SVT.L/UU.L,2025-12-22,2.300504455968927,35.371222743870476,1.1254909988703619
SVT.L/UU.L,2025-12-23,2.301458072891229,30.7980552866552,0.9012820112591289
SVT.L/UU.L,2025-12-24,2.3023759717070837,29.716603641815254,0.8278233633597545
SVT.L/UU.L,2025-12-29,2.3035656130632325,37.42945334483602,1.1469063760938436
SVT.L/UU.L,2025-12-30,2.3046708147800534,34.5479933447582,0.9838955275771291
SVT.L/UU.L,2025-12-31,2.305814147363489,35.92402806303153,1.0181429578952106
SVT.L/UU.L,2026-01-02,2.306800464713799,31.066821151820477,0.7607382596551919
SVT.L/UU.L,2026-01-05,2.3080676361976167,39.38446296745815,1.136418940023501
SVT.L/UU.L,2026-01-06,2.30903351880279,30.284247503675942,0.661477543178812
SVT.L/UU.L,2026-01-07,2.310310231016962,38.76561708870486,1.0661480947214823
SVT.L/UU.L,2026-01-08,2.311352312863403,32.08287839826971,0.6930054360414741
SVT.L/UU.L,2026-01-09,2.312497954668668,34.94717309954558,0.8186427083148361
SVT.L/UU.L,2026-01-12,2.3127508834534596,9.925396270426063,-0.5839695892328862
SVT.L/UU.L,2026-01-13,2.312381679017477,-8.281843409393332,-1.6059912739421676
SVT.L/UU.L,2026-01-14,2.312547874884446,7.484927177592908,-0.7181030972598902
SVT.L/UU.L,2026-01-15,2.312502105506881,1.2923798957176587,-1.0478863819937325
SVT.L/UU.L,2026-01-16,2.31249039622442,2.2757842752039323,-0.9628108603356248
SVT.L/UU.L,2026-01-19,2.3135513361403994,33.028002851054225,0.7397883456139289
SVT.L/UU.L,2026-01-20,2.3149233498973176,42.53627890625103,1.2754658020091918
SVT.L/UU.L,2026-01-21,2.3165746246676715,50.69210699564883,1.687520309376472
SVT.L/UU.L,2026-01-22,2.317642700748825,33.831926806344654,0.7803904697843451
SVT.L/UU.L,2026-01-23,2.319192118351821,48.42687894458095,1.5533468257237928
SVT.L/UU.L,2026-01-26,2.320376706137469,36.96993812952587,0.938057044850507
SVT.L/UU.L,2026-01-27,2.321632185076642,38.49600835039064,1.0007145533749786
SVT.L/UU.L,2026-01-28,2.3230281326525932,42.22148118098721,1.1895105826892094
SVT.L/UU.L,2026-01-29,2.323998503443464,30.073630444452192,0.5327312393553661
SVT.L/UU.L,2026-01-30,2.3249227138486788,28.893169879134348,0.4629443835975381
SVT.L/UU.L,2026-02-02,2.32572884100924,25.563039672566447,0.2868824282890187
SVT.L/UU.L,2026-02-03,2.3262260860828925,16.683253531643004,-0.1787968195139402
SVT.L/UU.L,2026-02-04,2.326528482724412,10.999878955248278,-0.46492031384114685
SVT.L/UU.L,2026-02-05,2.3272161951797394,21.89326898897616,0.12394302778742122
SVT.L/UU.L,2026-02-06,2.3275197356813266,11.162729953011421,-0.45186232056277376
SVT.L/UU.L,2026-02-09,2.3287232266111064,37.33046885215117,0.9381916880176252
SVT.L/UU.L,2026-02-10,2.329422330125692,22.262273023325633,0.11836499020966931
SVT.L/UU.L,2026-02-11,2.3304618461283972,31.335816494892242,0.5948117368100907
SVT.L/UU.L,2026-02-12,2.3316249414362127,34.04142937873985,0.7265576548747303
SVT.L/UU.L,2026-02-13,2.3323860663736684,23.03861965648366,0.12895057801433105
SVT.L/UU.L,2026-02-16,2.3329671985463296,18.25020800711536,-0.12373648599417336
SVT.L/UU.L,2026-02-17,2.334081782083051,32.88980886318768,0.6546775093285079
SVT.L/UU.L,2026-02-18,2.3342356699039883,6.865833387224939,-0.7089393801690486
SVT.L/UU.L,2026-02-19,2.334545095421541,11.297086369692352,-0.4512930042657302
SVT.L/UU.L,2026-02-20,2.334846144061001,11.053737032860226,-0.45106322206610266
SVT.L/UU.L,2026-02-23,2.3349177372052607,4.615451366979869,-0.7720343423420973
SVT.L/UU.L,2026-02-24,2.33518065906006,9.892461222246311,-0.527274631726458
SVT.L/UU.L,2026-02-25,2.3350465948474874,-1.0991113585773746,-1.2102864668221005
SVT.L/UU.L,2026-02-26,2.335101998638319,4.143267556435603,-0.959540331306806
SVT.L/UU.L,2026-02-27,2.335954838753511,26.097072318775645,0.32551334887456324
SVT.L/UU.L,2026-03-02,2.336681831735985,22.758576205178088,0.0898542861891693
SVT.L/UU.L,2026-03-03,2.3374661316736143,25.187393931914812,0.2285101162895215
SVT.L/UU.L,2026-03-04,2.3378073509555066,12.327544974357352,-0.6360836905598586
SVT.L/UU.L,2026-03-05,2.338015336466898,8.538671718162277,-0.9109174398937822
SVT.L/UU.L,2026-03-06,2.337857799161648,-1.9680347063222143,-1.599486476689154
SVT.L/UU.L,2026-03-09,2.3380203549854963,7.429982456843845,-0.9642978351590931
SVT.L/UU.L,2026-03-10,2.3378281077264362,-3.030683330904594,-1.6603568488541196
SVT.L/UU.L,2026-03-11,2.337206888349251,-15.554004705482384,-2.4082120080696647
SVT.L/UU.L,2026-03-12,2.336997056159471,-3.386345269728281,-1.5985855735946237
SVT.L/UU.L,2026-03-13,2.336703680205959,-5.809328467347768,-1.7060270680035379
SVT.L/UU.L,2026-03-16,2.336181132617101,-12.427838836448245,-2.0415963160937785
SVT.L/UU.L,2026-03-17,2.3351080308267798,-27.841852878408645,-2.7491116981365327
SVT.L/UU.L,2026-03-18,2.3345200942471185,-14.502800560247124,-1.8849956389824185
SVT.L/UU.L,2026-03-19,2.3335950598807873,-25.250767791452745,-2.3279320213052834
SVT.L/UU.L,2026-03-20,2.3335576482877527,1.4623703287070384,-0.8712971598278711
SVT.L/UU.L,2026-03-23,2.3332313791715875,-7.457103844575158,-1.299091892890188
SVT.L/UU.L,2026-03-24,2.3330472099662685,-3.0614863455921295,-1.0324464656347963
SVT.L/UU.L,2026-03-25,2.331866249244585,-32.45826716018928,-2.4131593476851787
SVT.L/UU.L,2026-03-26,2.331663712490213,-3.442357869078023,-0.9186289414560073
SVT.L/UU.L,2026-03-27,2.331242708829507,-9.887821778540456,-1.2017534179849794
SVT.L/UU.L,2026-03-30,2.331167850196571,0.45220607199962615,-0.6569750896455707
SVT.L/UU.L,2026-03-31,2.3318909866541273,23.641168819375252,0.5268209444422811
SVT.L/UU.L,2026-04-01,2.332378717585057,16.527323083290412,0.18612528157459823
SVT.L/UU.L,2026-04-02,2.332105135869708,-5.069775606611984,-0.8989067452086554
SVT.L/UU.L,2026-04-07,2.332193818587235,5.128098294938809,-0.34939056083606873
SVT.L/UU.L,2026-04-08,2.33239758537016,8.361708605257718,-0.17886307631145007
SVT.L/UU.L,2026-04-09,2.3321722198983594,-3.6230942936558677,-0.8127786001059268
SVT.L/UU.L,2026-04-10,2.3322210597960957,3.971029842405642,-0.41063525802228834
SVT.L/UU.L,2026-04-13,2.332387549122491,7.37281186537075,-0.23805787778447834
SVT.L/UU.L,2026-04-14,2.3326965504068715,11.451922074433242,-0.03178692758995722
SVT.L/UU.L,2026-04-15,2.3331206073861273,14.869493440827227,0.16587538058442172
SVT.L/UU.L,2026-04-16,2.3333663230773816,9.705547398149065,-0.08174339484046274
SVT.L/UU.L,2026-04-17,2.333276025431065,-0.0036405712203304574,-0.5870205556542396
SVT.L/UU.L,2026-04-20,2.333393525645299,6.002833226855728,-0.22389307842590428
SVT.L/UU.L,2026-04-21,2.333680699656604,11.122174725709101,0.11098690388851913
SVT.L/UU.L,2026-04-22,2.3341466923168857,16.33344026373925,0.45498682400820384
SVT.L/UU.L,2026-04-23,2.3344167722365494,10.45948120752837,0.12629062698346333
SVT.L/UU.L,2026-04-24,2.33514955058515,23.978872634348136,1.0333258479401228
SVT.L/UU.L,2026-04-27,2.335505160690995,13.014532975872498,0.3414347198223282
SVT.L/UU.L,2026-04-28,2.335365002069258,-1.4712924477739762,-0.5956750542704691
SVT.L/UU.L,2026-04-29,2.3347367309435003,-16.087505305343257,-1.5226113155109242
SVT.L/UU.L,2026-04-30,2.329943940038561,-125.60534586582844,-5.737532336652102
SVT.L/UU.L,2026-05-01,2.326311799335002,-98.10734163067264,-3.8398062612175607
SVT.L/UU.L,2026-05-05,2.3214384565877078,-133.58885671018697,-4.248975834463265
SVT.L/UU.L,2026-05-06,2.3175668976798582,-104.27529135599298,-2.9956748560141278
SVT.L/UU.L,2026-05-07,2.3136396396909573,-108.8730469182965,-2.867063197963681
SVT.L/UU.L,2026-05-08,2.3108367752048267,-77.80159545933748,-1.9137975071255167
SVT.L/UU.L,2026-05-11,2.3079722624505083,-79.05401531928464,-1.8569330522885419
SVT.L/UU.L,2026-05-12,2.3059342763328794,-56.3948170104577,-1.2224649253729938
SVT.L/UU.L,2026-05-13,2.3034085557331956,-70.60029093132925,-1.5298353752775606
SVT.L/UU.L,2026-05-14,2.301623118406369,-49.04630289282386,-0.9446858440531346
SVT.L/UU.L,2026-05-15,2.299577604973489,-61.36459508387816,-1.2183191396724926
SVT.L/UU.L,2026-05-18,2.2975083737061626,-60.44956134203085,-1.1554871247480867
SVT.L/UU.L,2026-05-19,2.2960994369829164,-39.42355746993326,-0.6015934018569046
SVT.L/UU.L,2026-05-20,2.2955991172961787,-12.085024941992742,0.1019043138281967
SVT.L/UU.L,2026-05-21,2.294792817532939,-20.82829815398418,-0.11015160111510561
SVT.L/UU.L,2026-05-22,2.294942421121683,6.961459960391494,0.600720930481217
SVT.L/UU.L,2026-05-26,2.2941334478455944,-20.636640078403616,-0.09590371262821637
SVT.L/UU.L,2026-05-27,2.293777400333594,-7.74433897621293,0.23931149819022773
SVT.L/UU.L,2026-05-28,2.2909307937448613,-81.05068800799927,-1.5754699935679735
SVT.L/UU.L,2026-05-29,2.287330745167404,-103.34241477825981,-2.0310288376618777
SVT.L/UU.L,2026-06-01,2.284600465499064,-79.43834470522688,-1.3907282064659439
SVT.L/UU.L,2026-06-02,2.283786321522931,-22.457258263678796,0.02067836737066435
SVT.L/UU.L,2026-06-03,2.2815183116778748,-65.42023481971819,-1.0055625339668477
SVT.L/UU.L,2026-06-04,2.2802067335557434,-36.54382560084332,-0.2818623957319047
SVT.L/UU.L,2026-06-05,2.2783642660291625,-51.73967287407595,-0.6333049696774046
SVT.L/UU.L,2026-06-08,2.276440134951569,-54.779773016845866,-0.6861982017513734
SVT.L/UU.L,2026-06-09,2.2749302436391083,-42.61092507429021,-0.37480146848927415
SVT.L/UU.L,2026-06-10,2.2729833447115477,-55.07651993396985,-0.6603099479061035
SVT.L/UU.L,2026-06-11,2.271216908055826,-50.055277182706504,-0.5186502553151427
SVT.L/UU.L,2026-06-12,2.2692613716534766,-55.004452906131974,-0.6219099630740661
SVT.L/UU.L,2026-06-15,2.2683027797724282,-26.375926646809603,0.08143505364965781
SVT.L/UU.L,2026-06-16,2.2666877196213724,-45.366267924616295,-0.3728550122085047
SVT.L/UU.L,2026-06-17,2.265470334910894,-33.521611978201236,-0.07823270449526158
SVT.L/UU.L,2026-06-18,2.263381378151274,-58.91504442995165,-0.678803362130394
SVT.L/UU.L,2026-06-19,2.2608935145580578,-71.50489854048237,-0.9577323703876667
SVT.L/UU.L,2026-06-22,2.2592014765126764,-47.39309811358726,-0.35008464724177296
SVT.L/UU.L,2026-06-23,2.2577003508999325,-41.90404458869625,-0.2111908702847557
SVT.L/UU.L,2026-06-24,2.255736656463734,-54.04399411375198,-0.4900679334432609
SVT.L/UU.L,2026-06-25,2.2565559005098637,26.73388523768699,1.4620227106688828
SVT.L/UU.L,2026-06-26,2.256170120632754,-8.607538511438634,0.610107704539305
SVT.L/UU.L,2026-06-29,2.255981315078041,-2.8714106427014485,0.7694708517952493
SVT.L/UU.L,2026-06-30,2.2559914307480144,2.907217150849192,0.922970581255901
SVT.L/UU.L,2026-07-01,2.2547455065565103,-33.933395043132805,0.022656052335736625
SVT.L/UU.L,2026-07-02,2.2536444222158765,-28.868948080410973,0.16410810441762036
SVT.L/UU.L,2026-07-03,2.252271801651529,-36.31466042791271,-0.004039107597388446
SVT.L/UU.L,2026-07-06,2.2507336760402614,-41.236794274151634,-0.1135828301760816
SVT.L/UU.L,2026-07-07,2.2499717849710352,-19.212163646158388,0.46132744849186597
SVT.L/UU.L,2026-07-08,2.248501581503602,-39.74961130730844,-0.0466609138166382
SVT.L/UU.L,2026-07-09,2.2468325467125445,-45.521449861246765,-0.1744228367156341
SVT.L/UU.L,2026-07-10,2.2447549680072005,-56.95067700167738,-0.45120491888957504
SVT.L/UU.L,2026-07-13,2.2432924811634813,-38.87777438233479,0.055277735385866424
SVT.L/UU.L,2026-07-14,2.2413058853449863,-53.6238393812514,-0.32465531313082396
SVT.L/UU.L,2026-07-15,2.2388391757610138,-67.53779656226197,-0.6806598588485183
SVT.L/UU.L,2026-07-16,2.237268292465986,-42.54946312154698,0.03894488251376942
SVT.L/UU.L,2026-07-17,2.2368347457769473,-9.647775443302635,1.0002511608386409
SVT.L/UU.L,2026-07-20,2.235527902189602,-34.78900278223773,0.3038363924652785
SVT.L/UU.L,2026-07-21,2.2341124784967454,-38.285958449102964,0.2400490418419828
SVT.L/UU.L,2026-07-22,2.232658482076053,-38.60338830080127,0.26399755859405666
SVT.L/UU.L,2026-07-23,2.231529073450339,-29.80565618626224,0.5636328016287991
SVT.L/UU.L,2026-07-24,2.2303517992953803,-31.121261436080204,0.532996686390749
SVT.L/UU.L,2026-07-27,2.2289806377513637,-36.787551168362825,0.3211874244327744
SVT.L/UU.L,2026-07-28,2.2279808541215824,-25.753482958391487,0.670319013531697
SVT.L/UU.L,2026-07-29,2.2265446029976057,-38.405007533698154,0.19191560552270434
SVT.L/UU.L,2026-07-30,2.2249679531013964,-42.45577527992691,-0.0010574160524314223
SVT.L/UU.L,2026-07-31,2.222906426029924,-56.27958719938488,-0.6236907644245006
SVT.L/UU.L,2026-08-03,2.220483669436665,-66.01568620302078,-1.055922575074118
SVT.L/UU.L,2026-08-04,2.2179644885355567,-68.45807088099264,-1.1807683996175917
SVT.L/UU.L,2026-08-05,2.2158120304818425,-57.80564719277072,-0.7181402016452847
SVT.L/UU.L,2026-08-06,2.214082664843051,-45.71004539587693,-0.21583229671424917
SVT.L/UU.L,2026-08-07,2.2127173695345825,-35.46214265166054,0.22379718680058536
SVT.L/UU.L,2026-08-10,2.211523459930611,-31.305695801814636,0.3865035915458462
SVT.L/UU.L,2026-08-11,2.2103017983537057,-32.315233880371125,0.3232123093845353
SVT.L/UU.L,2026-08-12,2.2083673336964122,-51.96528718586933,-0.5389421762020057
SVT.L/UU.L,2026-08-13,2.2069899405291777,-36.546685373019955,0.16436224587203402
SVT.L/UU.L,2026-08-14,2.20603109584416,-24.915907331953804,0.691113581210931
SVT.L/UU.L,2026-08-17,2.205228446555152,-20.85708381855102,0.9246957465210898
SVT.L/UU.L,2026-08-18,2.2041976336930804,-26.939651675708774,0.6492624073545874
SVT.L/UU.L,2026-08-19,2.202863917207843,-35.83525934585032,0.2610693256482008
SVT.L/UU.L,2026-08-20,2.201806015406569,-27.7573178157013,0.6211753066217522
SVT.L/UU.L,2026-08-21,2.20100663238707,-20.233444519187287,0.9998901722607746
SVT.L/UU.L,2026-08-24,2.2004389539288183,-13.625509348566084,1.3269674496465325
SVT.L/UU.L,2026-08-25,2.2000892719033223,-7.328194453170909,1.6285749189075147
SVT.L/UU.L,2026-08-26,2.199690207698399,-8.755138254900885,1.5008382145304546
SVT.L/UU.L,2026-08-27,2.1988989901932494,-20.237667084220902,0.864976175227444
SVT.L/UU.L,2026-08-28,2.19879141835834,-0.4705196707845971,1.8281723250537225
SVT.L/UU.L,2026-09-01,2.198031579138358,-19.640273951978088,0.8031254190254092
SVT.L/UU.L,2026-09-02,2.1977034951443364,-7.272160386586165,1.3955125000752358
SVT.L/UU.L,2026-09-03,2.197522508785395,-2.828134456922271,1.5606848672267077
SVT.L/UU.L,2026-09-04,2.19708698267803,-10.432470407477012,1.1352979026204977
SVT.L/UU.L,2026-09-07,2.197209195440516,6.3313056960300855,1.8902010491438173
SVT.L/UU.L,2026-09-08,2.1975012828387905,11.520795107247523,2.0396393596337714
SVT.L/UU.L,2026-09-09,2.1978003055183253,11.71679488270047,1.9448086796979507
SVT.L/UU.L,2026-09-10,2.1979230296213843,6.345754840529935,1.6273634841105487
SVT.L/UU.L,2026-09-11,2.1984718720039793,19.22324146673145,2.0993736913772185
SVT.L/UU.L,2026-09-14,2.19883304561685,13.540379785757978,1.7927954156471422
SVT.L/UU.L,2026-09-15,2.199356897679755,18.25725539288669,1.904779647868555
SVT.L/UU.L,2026-09-16,2.1996800075732352,12.035829685253702,1.5694167959332168
SVT.L/UU.L,2026-09-17,2.2000620917599876,13.513568270097494,1.5711004249656055
SVT.L/UU.L,2026-09-18,2.2009298944083238,27.721395188554652,2.1652573271927857
SVT.L/UU.L,2026-09-21,2.201287510643958,12.801347630390865,1.4985986120283272
SVT.L/UU.L,2026-09-22,2.2014884952794884,8.304198646480472,1.2940210683636935
SVT.L/UU.L,2026-10-05,2.2014042343743365,0.22143376656003966,0.9661919591392137
SVT.L/UU.L,2026-10-06,2.2010603524457992,-7.1035797681433905,0.6455558656070024
SVT.L/UU.L,2026-10-07,2.200340312275008,-18.07575656046083,0.18823235552611822
SVT.L/UU.L,2026-10-08,2.199592524696873,-18.623014970772147,0.15407342481635575
SVT.L/UU.L,2026-10-09,2.1982935665679393,-34.17174522617779,-0.4917246129300908
